#Variables:
#tasmin_bcc-csm1-1-m_historical(K):Daily Minimum Near-Surface Air Temperature
#tasmax_bcc-csm1-1-m_historical(K):Daily Maximum Near-Surface Air Temperature
#pr_bcc-csm1-1-m_historical(mm):Precipitation
"#Data Extracted for Average over Grid Cell w/ center: 29.5213 Latitude, -98.4809 Longitude (closest value to Latitude:29.5312, Longitude:-98.4683) "
#Original Data File(s):
#agg_macav2metdata_tasmin_bcc-csm1-1-m_r1i1p1_historical_1950_2005_CONUS_daily.nc 
#agg_macav2metdata_tasmax_bcc-csm1-1-m_r1i1p1_historical_1950_2005_CONUS_daily.nc 
#agg_macav2metdata_pr_bcc-csm1-1-m_r1i1p1_historical_1950_2005_CONUS_daily.nc 
#===============================================
"yyyy-mm-dd,tasmin_bcc-csm1-1-m_historical(K),tasmax_bcc-csm1-1-m_historical(K),pr_bcc-csm1-1-m_historical(mm)"
""
yyyy-mm-dd,tasmin_bcc-csm1-1-m_historical(K),tasmax_bcc-csm1-1-m_historical(K),pr_bcc-csm1-1-m_historical(mm)
1950-01-01,281.401794,291.933929,0.000000
1950-01-02,285.608154,293.554169,1.044935
1950-01-03,286.119629,295.067688,0.000000
1950-01-04,282.279480,293.384216,0.000000
1950-01-05,280.401917,290.945648,2.932196
1950-01-06,277.451752,288.651855,0.000000
1950-01-07,274.905334,291.154083,0.000000
1950-01-08,278.549835,290.418243,0.000000
1950-01-09,277.403381,291.298676,0.000000
1950-01-10,276.700867,290.253174,0.000000
1950-01-11,274.543518,293.392639,0.000000
1950-01-12,277.449890,292.065704,0.000000
1950-01-13,271.009338,288.685059,0.000000
1950-01-14,273.397339,292.175323,0.000000
1950-01-15,276.766022,291.085846,0.000000
1950-01-16,274.014557,289.656097,0.000000
1950-01-17,276.624176,288.857758,0.000000
1950-01-18,274.240540,295.299255,0.000000
1950-01-19,277.493561,296.194153,0.000000
1950-01-20,279.405792,297.684753,0.000000
1950-01-21,280.025726,297.159363,0.000000
1950-01-22,277.936462,295.265076,0.000000
1950-01-23,277.603485,295.678497,0.000000
1950-01-24,280.229553,297.581055,0.000000
1950-01-25,280.548523,296.332733,0.000000
1950-01-26,271.240540,284.439270,0.000000
1950-01-27,269.254211,280.643127,0.000000
1950-01-28,271.327789,289.493713,0.000000
1950-01-29,276.824219,292.691040,0.000000
1950-01-30,276.926605,292.752991,0.000000
1950-01-31,278.329224,297.837830,0.000000
1950-02-01,281.014526,301.468414,0.000000
1950-02-02,283.524048,299.982147,0.000000
1950-02-03,284.289490,300.500000,0.000000
1950-02-04,281.386322,298.584656,0.000000
1950-02-05,281.673279,296.539917,0.000000
1950-02-06,281.624390,297.395660,0.000000
1950-02-07,282.313812,299.462738,0.000000
1950-02-08,284.357452,298.501770,0.000000
1950-02-09,285.921967,298.181580,0.000000
1950-02-10,279.967010,295.049164,29.967808
1950-02-11,274.479614,284.613953,0.405425
1950-02-12,277.023926,285.826874,1.470760
1950-02-13,281.076660,292.438904,0.000000
1950-02-14,281.167236,297.912079,0.000000
1950-02-15,285.585876,302.373016,0.000000
1950-02-16,288.128326,300.499664,0.000000
1950-02-17,283.886139,302.062134,0.000000
1950-02-18,287.958405,301.447784,0.000000
1950-02-19,279.527954,300.245117,0.292668
1950-02-20,275.360596,289.833160,0.000000
1950-02-21,279.689026,289.350586,1.046322
1950-02-22,283.731476,290.565552,14.014107
1950-02-23,283.396637,292.641266,0.899032
1950-02-24,279.416534,297.137238,0.000000
1950-02-25,283.511353,297.311890,0.000000
1950-02-26,278.883575,295.709198,0.000000
1950-02-27,281.066895,299.144470,0.000000
1950-02-28,284.716034,299.486938,0.000000
1950-03-01,281.216705,300.719757,0.000000
1950-03-02,289.617828,300.910675,0.000000
1950-03-03,290.365631,300.772247,0.000000
1950-03-04,290.765045,299.389130,0.000000
1950-03-05,290.487366,301.061066,0.000000
1950-03-06,287.672546,300.970337,0.000000
1950-03-07,288.386810,300.846741,0.000000
1950-03-08,290.609161,299.433228,0.604101
1950-03-09,290.183777,302.715576,0.752376
1950-03-10,288.860321,302.756958,0.376621
1950-03-11,286.605621,301.591064,0.000000
1950-03-12,290.205444,302.696930,0.848157
1950-03-13,282.291748,300.718933,0.000000
1950-03-14,282.259430,297.291626,0.000000
1950-03-15,283.282196,299.194427,0.000000
1950-03-16,285.446533,299.606812,0.000000
1950-03-17,285.758942,301.683380,0.000000
1950-03-18,288.506622,301.164642,0.000000
1950-03-19,285.087708,299.060516,0.000000
1950-03-20,283.155579,292.443420,0.000000
1950-03-21,288.270020,297.432739,0.000000
1950-03-22,284.416382,303.747498,0.000000
1950-03-23,289.625793,304.375641,0.000000
1950-03-24,289.700348,302.079193,0.000000
1950-03-25,282.333160,296.811188,1.403373
1950-03-26,280.909729,289.027374,5.563695
1950-03-27,277.856262,295.855103,2.044332
1950-03-28,280.957947,296.137665,0.626481
1950-03-29,275.753784,291.582275,0.000000
1950-03-30,279.146088,294.094604,0.000000
1950-03-31,283.637146,302.666229,0.000000
1950-04-01,286.383057,302.626556,0.000000
1950-04-02,288.459503,305.420898,0.000000
1950-04-03,291.964630,307.452637,0.000000
1950-04-04,293.054047,309.539825,0.000000
1950-04-05,292.698395,309.115082,0.000000
1950-04-06,292.913330,308.267426,0.000000
1950-04-07,287.858276,302.778931,7.193660
1950-04-08,280.155731,294.582275,2.957878
1950-04-09,281.949341,298.078888,0.000000
1950-04-10,287.972565,297.745422,0.288087
1950-04-11,290.666351,298.494843,0.000000
1950-04-12,291.238525,305.827301,0.000000
1950-04-13,292.590027,305.737244,0.000000
1950-04-14,292.626678,304.468781,0.000000
1950-04-15,292.185333,303.252838,2.280050
1950-04-16,292.508698,303.015869,0.000000
1950-04-17,290.630707,302.788452,7.763597
1950-04-18,288.731201,298.632935,0.327968
1950-04-19,285.656067,302.625000,0.000000
1950-04-20,290.056305,302.566956,0.000000
1950-04-21,290.970795,301.971649,5.432114
1950-04-22,291.611511,304.779388,3.717012
1950-04-23,289.908997,304.526581,0.000000
1950-04-24,287.264221,302.902161,0.000000
1950-04-25,290.417511,307.194824,0.000000
1950-04-26,292.035126,309.418365,0.000000
1950-04-27,292.672302,310.211670,0.000000
1950-04-28,293.207458,310.110107,0.000000
1950-04-29,292.121307,306.852112,0.000000
1950-04-30,293.370361,304.173889,0.000000
1950-05-01,293.643433,301.740387,2.622545
1950-05-02,294.337738,301.132568,4.093917
1950-05-03,290.869080,299.127594,18.868328
1950-05-04,288.083954,295.568634,0.829145
1950-05-05,286.610291,295.737701,0.937946
1950-05-06,292.164581,303.034088,0.000000
1950-05-07,292.501160,305.496918,0.508746
1950-05-08,290.823242,306.021332,0.587878
1950-05-09,289.703888,306.606018,0.000000
1950-05-10,291.668335,307.668243,0.000000
1950-05-11,290.618652,305.947174,33.577232
1950-05-12,284.703796,297.395508,0.000000
1950-05-13,290.493713,299.831573,2.092459
1950-05-14,284.821167,297.694855,0.518075
1950-05-15,287.058380,303.115814,0.000000
1950-05-16,291.617737,303.764313,0.000000
1950-05-17,292.974792,303.898315,0.000000
1950-05-18,294.574615,305.438660,0.000000
1950-05-19,294.483582,305.906342,0.000000
1950-05-20,293.033905,307.112366,0.000000
1950-05-21,293.156708,306.895752,0.000000
1950-05-22,293.126984,306.639587,0.000000
1950-05-23,294.259644,306.931549,0.000000
1950-05-24,295.369415,307.403351,0.000000
1950-05-25,295.526886,307.369812,0.398820
1950-05-26,295.696289,307.458649,3.870547
1950-05-27,297.811310,309.921326,0.000000
1950-05-28,299.449371,310.249817,0.000000
1950-05-29,297.032867,310.726654,0.494898
1950-05-30,297.325775,310.592621,2.688621
1950-05-31,294.840332,307.096771,0.000000
1950-06-01,295.403473,307.524384,0.000000
1950-06-02,295.584351,307.683777,0.000000
1950-06-03,295.147858,307.194763,0.000000
1950-06-04,295.733795,306.825592,0.534314
1950-06-05,295.995544,305.385101,6.228128
1950-06-06,296.078857,305.535797,0.000000
1950-06-07,294.998871,303.848450,0.782395
1950-06-08,296.178741,302.614899,1.970222
1950-06-09,295.791534,303.218262,0.668498
1950-06-10,295.757874,306.317932,0.000000
1950-06-11,295.949677,305.813171,0.000000
1950-06-12,296.520630,307.218262,0.000000
1950-06-13,296.749573,308.159363,0.000000
1950-06-14,296.924255,307.796783,0.000000
1950-06-15,296.490387,303.201538,21.476227
1950-06-16,295.709656,302.940979,2.482515
1950-06-17,295.212341,303.151825,0.000000
1950-06-18,294.899414,302.846771,4.032213
1950-06-19,294.501343,303.203339,5.136941
1950-06-20,294.316833,303.796021,0.000000
1950-06-21,294.658478,303.783813,0.545622
1950-06-22,296.276428,304.790039,0.000000
1950-06-23,295.865051,305.289429,0.000000
1950-06-24,296.280518,306.141327,0.000000
1950-06-25,294.701385,305.469055,0.000000
1950-06-26,295.386200,305.547302,0.000000
1950-06-27,295.612640,307.985077,0.000000
1950-06-28,298.433502,309.458588,0.000000
1950-06-29,299.136108,310.476776,0.000000
1950-06-30,298.062256,310.615448,0.000000
1950-07-01,297.783600,311.651520,0.000000
1950-07-02,297.383057,311.172791,0.883799
1950-07-03,297.671753,311.583740,1.569506
1950-07-04,299.095551,312.617920,0.000000
1950-07-05,301.522125,313.729065,0.000000
1950-07-06,302.179871,313.704010,0.000000
1950-07-07,298.935394,312.155792,0.000000
1950-07-08,298.946136,310.674927,0.000000
1950-07-09,297.642883,309.628662,0.000000
1950-07-10,297.666107,310.614655,0.000000
1950-07-11,298.807709,311.515503,0.000000
1950-07-12,298.792175,311.484406,0.000000
1950-07-13,298.411530,311.578491,0.000000
1950-07-14,296.595215,310.612152,0.000000
1950-07-15,296.800598,309.431488,0.000000
1950-07-16,296.685303,309.437592,0.000000
1950-07-17,297.419586,310.424774,0.000000
1950-07-18,297.861786,310.155365,0.000000
1950-07-19,297.420563,307.711060,0.000000
1950-07-20,297.357605,308.175446,0.000000
1950-07-21,296.770782,308.154419,0.000000
1950-07-22,297.093781,308.188812,0.000000
1950-07-23,296.901794,308.322235,0.000000
1950-07-24,297.196930,306.480682,0.000000
1950-07-25,296.809479,306.925476,0.000000
1950-07-26,296.302124,307.588623,0.000000
1950-07-27,297.371246,307.589294,0.000000
1950-07-28,296.545898,305.620087,1.695505
1950-07-29,296.246857,306.267273,0.000000
1950-07-30,296.788391,307.453247,0.000000
1950-07-31,296.190308,308.587738,0.000000
1950-08-01,295.926849,308.820618,0.000000
1950-08-02,297.456940,308.941040,0.000000
1950-08-03,297.460724,310.645020,0.876030
1950-08-04,298.439270,312.251312,0.000000
1950-08-05,300.587769,313.062531,0.000000
1950-08-06,299.877899,312.753967,0.000000
1950-08-07,298.504028,311.459839,0.000000
1950-08-08,298.259888,311.086304,0.302194
1950-08-09,298.109436,312.566833,0.000000
1950-08-10,299.894653,312.654388,0.000000
1950-08-11,300.291138,313.061615,0.000000
1950-08-12,299.393066,312.643707,0.000000
1950-08-13,298.414093,311.957214,0.000000
1950-08-14,298.431030,309.854736,0.000000
1950-08-15,296.970551,307.576843,0.000000
1950-08-16,296.800262,309.766113,0.000000
1950-08-17,298.587738,310.425995,0.000000
1950-08-18,298.998505,311.431519,1.275859
1950-08-19,299.706970,310.508514,0.000000
1950-08-20,297.285492,310.214111,0.000000
1950-08-21,299.162872,310.042664,0.000000
1950-08-22,298.394562,310.089966,0.000000
1950-08-23,298.205933,310.873993,0.000000
1950-08-24,299.912994,311.059204,0.000000
1950-08-25,299.360535,311.511505,0.000000
1950-08-26,298.621704,310.667328,0.000000
1950-08-27,298.516724,310.086792,1.006218
1950-08-28,298.557495,309.302185,0.000000
1950-08-29,297.072144,308.139679,1.364266
1950-08-30,296.694580,306.175903,1.105622
1950-08-31,295.245575,304.344574,16.322819
1950-09-01,295.270813,302.897064,21.206091
1950-09-02,295.892517,301.676392,22.334560
1950-09-03,297.011505,302.634827,32.031399
1950-09-04,292.821136,297.960907,42.297989
1950-09-05,294.088959,302.815033,2.146487
1950-09-06,293.301178,306.416687,0.000000
1950-09-07,295.964966,308.346130,0.000000
1950-09-08,297.585297,309.110443,0.000000
1950-09-09,297.337280,309.024689,0.994888
1950-09-10,297.327057,308.936981,0.000000
1950-09-11,294.184937,306.719238,8.050916
1950-09-12,292.091919,303.512634,0.000000
1950-09-13,291.203644,304.183502,0.000000
1950-09-14,290.793152,305.141052,0.000000
1950-09-15,292.004639,306.262695,8.973416
1950-09-16,293.611847,306.260040,53.644176
1950-09-17,292.320435,300.599792,19.892288
1950-09-18,293.089935,298.002045,16.033169
1950-09-19,294.949493,304.037109,20.526434
1950-09-20,293.668854,303.528687,11.866045
1950-09-21,293.978455,301.911621,4.192815
1950-09-22,282.136505,297.989990,0.986216
1950-09-23,283.085785,298.506775,0.000000
1950-09-24,284.389435,301.025635,0.000000
1950-09-25,286.455719,302.636322,0.000000
1950-09-26,289.929321,302.786011,0.000000
1950-09-27,283.757935,300.917297,15.613603
1950-09-28,284.208984,290.031586,21.983383
1950-09-29,283.365692,295.557617,0.000000
1950-09-30,287.556183,295.869446,4.090628
1950-10-01,285.298309,295.438812,4.512800
1950-10-02,284.066498,297.066193,0.000000
1950-10-03,284.898407,301.735382,0.000000
1950-10-04,286.223877,301.364532,0.000000
1950-10-05,285.437073,304.017151,0.000000
1950-10-06,286.330536,302.924377,0.000000
1950-10-07,286.076233,301.925476,3.165056
1950-10-08,282.142883,287.544586,25.878611
1950-10-09,283.457306,288.630219,1.993669
1950-10-10,285.172821,293.068939,0.000000
1950-10-11,285.667755,295.812897,0.000000
1950-10-12,287.389191,296.113953,0.000000
1950-10-13,290.824371,297.112915,0.788072
1950-10-14,291.087219,298.157379,0.000000
1950-10-15,289.344177,299.960175,0.000000
1950-10-16,286.381836,301.286072,0.000000
1950-10-17,287.705231,302.824860,0.000000
1950-10-18,289.899475,304.252960,0.000000
1950-10-19,290.986481,305.410767,0.000000
1950-10-20,292.521149,305.404633,0.000000
1950-10-21,292.788971,304.902100,0.000000
1950-10-22,290.820923,304.463135,0.000000
1950-10-23,288.118591,303.270752,0.000000
1950-10-24,288.938995,302.899445,0.000000
1950-10-25,290.114532,301.451813,1.502147
1950-10-26,285.288727,298.001160,0.000000
1950-10-27,287.356323,297.590576,2.317671
1950-10-28,285.969971,297.167450,4.523847
1950-10-29,286.214172,290.923706,0.000000
1950-10-30,278.815155,290.238190,0.000000
1950-10-31,276.773926,292.054199,0.000000
1950-11-01,282.825836,292.254883,0.000000
1950-11-02,283.382843,293.019714,0.000000
1950-11-03,283.620422,295.471436,3.971431
1950-11-04,285.921753,299.579498,0.000000
1950-11-05,286.458984,299.522522,0.000000
1950-11-06,279.776398,290.785522,52.081631
1950-11-07,276.622864,284.502594,0.876694
1950-11-08,273.822510,287.245422,0.000000
1950-11-09,275.141327,288.909363,0.000000
1950-11-10,275.158325,291.906494,0.000000
1950-11-11,278.087891,292.814453,0.000000
1950-11-12,283.010956,294.889130,0.000000
1950-11-13,280.454987,297.376892,0.000000
1950-11-14,284.296082,298.401031,0.000000
1950-11-15,282.483551,296.912933,0.000000
1950-11-16,277.928101,294.374817,0.000000
1950-11-17,280.595734,293.607971,0.000000
1950-11-18,276.798706,293.359619,0.000000
1950-11-19,276.766266,294.530914,0.000000
1950-11-20,279.676117,296.967438,0.000000
1950-11-21,280.756134,296.819397,0.000000
1950-11-22,283.739990,296.924072,0.000000
1950-11-23,285.213257,301.939117,0.000000
1950-11-24,285.491547,301.128662,0.000000
1950-11-25,281.955139,300.299805,0.000000
1950-11-26,282.741882,297.481445,0.000000
1950-11-27,279.709686,298.320099,0.000000
1950-11-28,283.204529,299.168396,0.000000
1950-11-29,283.203308,298.632629,0.000000
1950-11-30,280.984253,295.921448,0.000000
1950-12-01,275.194977,292.774414,0.000000
1950-12-02,277.423126,294.508698,0.000000
1950-12-03,277.132782,296.979248,0.000000
1950-12-04,279.855988,296.006378,0.000000
1950-12-05,282.458740,295.043274,0.808094
1950-12-06,279.318329,288.465607,8.222015
1950-12-07,278.824005,291.390320,1.203751
1950-12-08,279.469360,291.083344,0.000000
1950-12-09,283.138397,290.454437,1.196672
1950-12-10,284.619354,293.945618,0.000000
1950-12-11,274.605316,293.326141,0.000000
1950-12-12,272.172791,285.587158,0.000000
1950-12-13,272.773621,289.782440,0.000000
1950-12-14,278.200897,288.071777,0.000000
1950-12-15,275.784058,285.657837,0.000000
1950-12-16,272.557251,284.402466,0.000000
1950-12-17,275.543213,285.792938,0.000000
1950-12-18,276.879700,290.347961,0.000000
1950-12-19,280.710297,295.087494,0.000000
1950-12-20,283.280029,298.485413,0.000000
1950-12-21,285.576660,298.582886,0.000000
1950-12-22,281.504761,298.999908,0.000000
1950-12-23,283.386292,298.091644,0.000000
1950-12-24,279.683960,297.146057,0.000000
1950-12-25,280.423126,298.635590,0.000000
1950-12-26,283.818909,297.143951,0.000000
1950-12-27,282.442291,296.793640,0.000000
1950-12-28,282.410370,297.310303,0.000000
1950-12-29,286.711060,298.944305,0.000000
1950-12-30,276.533600,297.913513,1.272634
1950-12-31,281.465393,288.860016,26.587225
1951-01-01,273.690125,281.577148,3.335414
1951-01-02,275.015320,282.579132,0.000000
1951-01-03,273.350830,285.060150,0.000000
1951-01-04,278.025330,287.149323,0.000000
1951-01-05,282.345337,288.233612,4.490745
1951-01-06,282.519287,292.875183,0.336502
1951-01-07,286.811218,295.219116,0.794245
1951-01-08,287.395691,295.688202,2.197668
1951-01-09,284.520264,296.047699,0.000000
1951-01-10,284.535858,295.596527,0.000000
1951-01-11,282.782990,296.192413,0.000000
1951-01-12,282.404480,295.974243,0.000000
1951-01-13,282.907135,299.369965,0.000000
1951-01-14,285.625977,300.616394,0.000000
1951-01-15,281.711212,298.752075,0.000000
1951-01-16,283.132324,300.278381,0.000000
1951-01-17,283.539856,299.930725,0.000000
1951-01-18,283.511566,298.940582,0.000000
1951-01-19,284.157196,298.058228,0.000000
1951-01-20,285.266998,297.246094,1.180890
1951-01-21,285.209167,296.681976,3.390109
1951-01-22,282.186249,295.247040,0.000000
1951-01-23,279.907440,295.506470,0.000000
1951-01-24,282.638489,295.848175,0.000000
1951-01-25,280.725159,294.356934,0.000000
1951-01-26,276.039032,291.357727,0.000000
1951-01-27,276.878601,293.258972,0.000000
1951-01-28,278.645599,296.288818,0.000000
1951-01-29,281.913025,299.420959,0.000000
1951-01-30,282.023804,299.536194,0.000000
1951-01-31,286.364136,300.607025,0.000000
1951-02-01,276.148987,293.243500,0.000000
1951-02-02,274.288544,289.271637,0.000000
1951-02-03,276.100067,293.242950,0.000000
1951-02-04,279.806427,297.848816,0.000000
1951-02-05,282.262146,300.582703,0.000000
1951-02-06,283.894562,301.858032,0.000000
1951-02-07,286.980194,300.615997,0.000000
1951-02-08,288.025543,294.876099,1.507132
1951-02-09,288.073181,293.605957,0.802869
1951-02-10,285.806274,292.495636,0.442156
1951-02-11,283.553741,288.044800,1.798664
1951-02-12,284.058868,292.442413,2.584048
1951-02-13,269.949432,292.368042,1.114635
1951-02-14,268.911621,281.425446,0.000000
1951-02-15,272.166687,283.828949,0.000000
1951-02-16,272.064178,285.215302,0.000000
1951-02-17,272.577393,287.948059,0.000000
1951-02-18,274.669128,287.497437,0.000000
1951-02-19,273.653748,289.970001,0.000000
1951-02-20,277.827881,295.582184,0.000000
1951-02-21,282.782776,303.394775,0.000000
1951-02-22,287.057404,308.598053,0.000000
1951-02-23,289.331604,306.692169,0.000000
1951-02-24,285.539429,298.925171,6.645185
1951-02-25,287.028992,292.177979,18.463306
1951-02-26,286.338135,295.040466,0.569068
1951-02-27,287.361053,296.420105,0.000000
1951-02-28,287.990753,300.515167,2.609200
1951-03-01,278.892120,299.939972,0.000000
1951-03-02,278.970032,291.288025,0.000000
1951-03-03,279.206848,292.919922,0.000000
1951-03-04,281.581146,294.928589,0.000000
1951-03-05,285.145447,294.721527,0.000000
1951-03-06,288.235718,293.411774,0.000000
1951-03-07,288.495941,296.791412,0.000000
1951-03-08,289.404999,296.406433,0.608885
1951-03-09,290.539001,295.949677,1.353948
1951-03-10,290.501465,295.989471,0.000000
1951-03-11,289.536011,297.336761,3.093050
1951-03-12,287.760559,299.960419,0.000000
1951-03-13,288.751617,298.747498,0.000000
1951-03-14,286.725433,295.387360,6.137111
1951-03-15,278.079041,293.003326,0.000000
1951-03-16,280.113892,298.578888,0.000000
1951-03-17,282.013123,300.543640,0.000000
1951-03-18,286.146545,301.190979,0.000000
1951-03-19,284.338135,302.303345,0.000000
1951-03-20,287.889343,303.689850,0.000000
1951-03-21,288.045380,303.874268,0.000000
1951-03-22,290.235199,303.620239,0.000000
1951-03-23,289.701019,302.764771,1.742164
1951-03-24,289.498657,304.227020,0.000000
1951-03-25,288.979614,304.128296,0.000000
1951-03-26,286.202972,300.868988,0.000000
1951-03-27,284.242645,298.944183,0.000000
1951-03-28,284.710419,298.499451,0.000000
1951-03-29,280.632233,294.236694,0.000000
1951-03-30,280.936249,293.854187,0.000000
1951-03-31,284.371765,292.911499,0.470188
1951-04-01,284.263824,289.807892,11.228049
1951-04-02,287.015106,290.798492,34.587036
1951-04-03,280.021393,291.503448,0.000000
1951-04-04,285.012024,294.007080,0.000000
1951-04-05,281.832306,294.069122,0.000000
1951-04-06,280.441742,292.324829,0.000000
1951-04-07,284.088318,289.946167,3.844484
1951-04-08,282.344208,292.945404,0.000000
1951-04-09,283.033539,292.732910,0.000000
1951-04-10,285.076447,291.067627,0.000000
1951-04-11,286.736725,292.167297,0.000000
1951-04-12,284.318573,295.738373,0.000000
1951-04-13,285.020996,297.346802,0.000000
1951-04-14,285.578918,299.100586,0.000000
1951-04-15,286.947632,300.550018,0.000000
1951-04-16,288.909576,303.336670,0.000000
1951-04-17,290.011261,304.954315,0.000000
1951-04-18,289.285248,306.326691,0.000000
1951-04-19,288.417938,305.380096,0.000000
1951-04-20,290.027740,301.904480,0.000000
1951-04-21,291.197327,299.507874,2.136482
1951-04-22,291.253876,297.487793,3.595148
1951-04-23,288.058960,301.112549,3.057320
1951-04-24,287.274231,302.105988,0.000000
1951-04-25,287.502258,303.432190,0.000000
1951-04-26,288.518494,306.900360,0.000000
1951-04-27,291.490387,308.562592,0.000000
1951-04-28,292.507019,310.185577,0.000000
1951-04-29,294.242889,310.070129,0.000000
1951-04-30,294.876282,309.756989,0.000000
1951-05-01,293.503723,305.664551,1.988321
1951-05-02,293.661072,297.457214,9.932075
1951-05-03,292.506958,301.382324,7.046924
1951-05-04,290.885193,301.115082,1.934721
1951-05-05,290.814911,300.875458,1.285215
1951-05-06,292.507568,303.758392,0.976594
1951-05-07,291.196777,304.477386,0.000000
1951-05-08,290.954773,304.012634,0.000000
1951-05-09,289.945099,306.366852,0.000000
1951-05-10,290.889008,308.299011,0.000000
1951-05-11,293.173706,309.411774,0.000000
1951-05-12,293.702026,309.742859,0.000000
1951-05-13,292.763641,309.057251,0.000000
1951-05-14,294.061676,309.125305,0.000000
1951-05-15,294.548401,305.502106,0.000000
1951-05-16,293.286621,303.568237,0.000000
1951-05-17,292.896301,302.135498,0.000000
1951-05-18,291.518860,304.633026,0.000000
1951-05-19,294.249695,307.738678,1.271996
1951-05-20,292.711243,307.886810,5.017320
1951-05-21,295.394104,309.502655,0.000000
1951-05-22,295.709686,308.415039,12.803539
1951-05-23,296.288727,306.296204,0.000000
1951-05-24,296.240417,304.311615,10.448917
1951-05-25,295.963684,301.692535,3.416601
1951-05-26,295.841156,301.266388,1.132722
1951-05-27,295.009857,303.591766,0.000000
1951-05-28,293.374664,306.675812,0.000000
1951-05-29,292.610962,308.191742,0.000000
1951-05-30,292.781189,307.845093,0.000000
1951-05-31,292.675781,307.427277,0.000000
1951-06-01,293.706848,308.352325,0.000000
1951-06-02,295.557770,307.945374,0.000000
1951-06-03,295.119812,307.805908,0.000000
1951-06-04,295.158997,309.011078,0.000000
1951-06-05,295.415558,308.802521,0.000000
1951-06-06,294.716553,305.023315,5.593148
1951-06-07,295.743988,304.284729,37.920933
1951-06-08,294.673889,296.759094,52.704117
1951-06-09,296.323212,298.268005,45.234886
1951-06-10,297.604004,299.879883,7.617608
1951-06-11,293.942749,299.618225,1.850222
1951-06-12,294.174744,304.952362,0.000000
1951-06-13,295.293793,310.126923,0.000000
1951-06-14,295.941742,310.706268,0.000000
1951-06-15,297.303741,310.356171,0.000000
1951-06-16,297.758789,310.860931,0.000000
1951-06-17,297.165924,310.823792,0.000000
1951-06-18,296.143921,310.122314,0.000000
1951-06-19,295.002747,308.300842,0.000000
1951-06-20,295.426727,307.263702,0.591129
1951-06-21,296.517365,311.006500,1.511696
1951-06-22,298.301636,310.972168,0.000000
1951-06-23,297.521088,309.860657,0.000000
1951-06-24,296.653442,308.515594,2.047643
1951-06-25,297.829865,307.596252,16.122326
1951-06-26,296.377075,307.800903,0.000000
1951-06-27,297.617615,308.720337,0.000000
1951-06-28,296.516144,309.355530,2.777602
1951-06-29,297.934967,310.567932,0.000000
1951-06-30,296.886993,309.190796,0.000000
1951-07-01,296.570770,308.689667,0.000000
1951-07-02,296.230286,307.479187,0.000000
1951-07-03,296.545624,306.479370,0.000000
1951-07-04,296.539368,306.266907,1.008953
1951-07-05,295.644135,304.804077,18.684198
1951-07-06,296.602997,302.417023,21.080669
1951-07-07,296.325714,305.951508,0.000000
1951-07-08,296.604858,309.076965,0.000000
1951-07-09,297.281830,308.710297,0.000000
1951-07-10,296.205566,308.083496,0.309194
1951-07-11,296.690857,307.242828,5.684842
1951-07-12,296.571442,306.617767,7.084058
1951-07-13,296.978088,305.815765,0.000000
1951-07-14,296.641449,305.362854,3.553277
1951-07-15,296.504028,305.646973,0.679281
1951-07-16,295.647034,305.079712,8.577775
1951-07-17,295.237549,304.508453,3.118011
1951-07-18,294.873779,302.852203,7.156966
1951-07-19,295.389740,305.532776,1.927875
1951-07-20,296.395630,306.491638,0.314164
1951-07-21,295.298309,306.173676,0.000000
1951-07-22,295.583282,306.511993,0.000000
1951-07-23,296.254333,305.988861,0.000000
1951-07-24,296.526367,307.159760,1.227568
1951-07-25,296.050873,306.446014,2.082866
1951-07-26,295.585632,301.380554,18.102303
1951-07-27,296.845306,301.186371,12.515188
1951-07-28,295.134155,305.138062,0.000000
1951-07-29,295.782227,306.800964,0.512253
1951-07-30,296.016418,308.615967,0.000000
1951-07-31,297.183411,308.405365,1.791625
1951-08-01,296.989410,306.365112,8.611909
1951-08-02,295.057129,305.163025,0.658753
1951-08-03,294.715515,304.545074,0.000000
1951-08-04,295.092255,304.593597,0.000000
1951-08-05,295.670471,307.170471,2.878250
1951-08-06,297.291931,307.115387,5.084169
1951-08-07,296.302277,306.455231,2.535976
1951-08-08,296.546570,306.058411,0.000000
1951-08-09,296.089203,304.991455,0.818637
1951-08-10,296.655396,307.709259,0.764805
1951-08-11,295.663208,307.368866,0.285199
1951-08-12,295.868408,308.533600,0.000000
1951-08-13,296.962769,310.981506,0.000000
1951-08-14,296.964722,310.334045,0.000000
1951-08-15,296.372223,309.365723,7.218549
1951-08-16,296.778076,308.887512,0.000000
1951-08-17,298.464783,311.656494,0.000000
1951-08-18,300.127777,312.226868,0.450721
1951-08-19,296.529053,310.467834,0.000000
1951-08-20,296.872833,306.601074,0.000000
1951-08-21,296.254822,306.927490,0.000000
1951-08-22,296.061035,308.781372,0.000000
1951-08-23,296.442261,309.487701,0.000000
1951-08-24,296.921265,310.102417,0.000000
1951-08-25,295.592041,309.973053,0.000000
1951-08-26,296.007141,310.344299,0.000000
1951-08-27,298.188751,310.738922,0.000000
1951-08-28,297.807343,310.838715,0.000000
1951-08-29,296.256805,310.946564,0.000000
1951-08-30,296.532135,309.786194,0.000000
1951-08-31,296.040863,308.975647,0.000000
1951-09-01,293.236145,308.978760,0.000000
1951-09-02,294.459381,308.560028,0.000000
1951-09-03,296.054504,309.003174,0.000000
1951-09-04,297.160645,310.114410,0.000000
1951-09-05,296.095154,310.103058,0.000000
1951-09-06,294.873199,309.162842,0.000000
1951-09-07,295.409698,308.694092,0.000000
1951-09-08,295.882782,309.111115,5.598549
1951-09-09,299.089203,309.792694,0.856847
1951-09-10,298.220062,309.387421,0.000000
1951-09-11,296.719788,307.035950,3.218985
1951-09-12,296.564484,305.434448,0.000000
1951-09-13,295.115631,305.861084,1.392497
1951-09-14,295.273987,302.087860,9.332212
1951-09-15,294.223389,301.980530,0.827250
1951-09-16,294.150085,303.651276,0.000000
1951-09-17,291.751648,305.184601,0.000000
1951-09-18,291.884552,305.971344,0.000000
1951-09-19,294.760468,306.416260,0.775518
1951-09-20,294.753754,305.209259,4.221609
1951-09-21,294.959320,302.816101,11.425003
1951-09-22,294.651276,299.376373,8.115458
1951-09-23,291.503540,303.268951,0.000000
1951-09-24,290.625366,306.743774,0.000000
1951-09-25,293.256989,305.896545,0.000000
1951-09-26,293.247375,305.498474,0.000000
1951-09-27,294.191589,306.489014,0.000000
1951-09-28,290.534760,306.265137,2.746161
1951-09-29,285.965607,296.738770,8.163913
1951-09-30,282.539368,296.912384,0.000000
1951-10-01,283.284454,299.343018,0.000000
1951-10-02,285.013214,302.169678,0.000000
1951-10-03,287.466888,303.345276,0.000000
1951-10-04,288.246216,303.767181,0.000000
1951-10-05,290.799622,304.052856,5.851207
1951-10-06,289.530945,301.531921,0.943826
1951-10-07,291.381592,303.341431,0.000000
1951-10-08,292.002197,303.255951,0.000000
1951-10-09,290.902802,302.805481,0.000000
1951-10-10,290.359924,303.223846,0.000000
1951-10-11,289.307129,302.912781,0.000000
1951-10-12,287.491730,302.901855,0.000000
1951-10-13,288.458832,304.287811,0.000000
1951-10-14,291.151031,305.831207,0.000000
1951-10-15,291.570251,305.483917,2.711011
1951-10-16,286.324402,298.526825,0.000000
1951-10-17,285.587830,301.394745,0.000000
1951-10-18,291.469452,305.913971,0.000000
1951-10-19,292.330231,305.776703,0.340011
1951-10-20,290.127747,298.898132,4.972213
1951-10-21,294.614471,301.562683,4.996617
1951-10-22,292.771362,297.232147,7.841769
1951-10-23,290.120819,298.307129,9.271606
1951-10-24,283.806427,297.262360,0.000000
1951-10-25,287.631683,301.289032,0.000000
1951-10-26,290.425262,301.054565,0.000000
1951-10-27,288.162354,302.645325,0.000000
1951-10-28,289.846008,305.720367,0.000000
1951-10-29,290.764130,305.593506,0.000000
1951-10-30,283.560486,299.855011,4.658776
1951-10-31,276.618591,287.879913,1.189244
1951-11-01,278.823853,290.643555,0.000000
1951-11-02,283.613617,290.828949,0.000000
1951-11-03,283.353210,292.188538,0.000000
1951-11-04,282.632019,296.709412,0.000000
1951-11-05,282.378448,297.398499,0.000000
1951-11-06,282.421051,296.790497,0.000000
1951-11-07,283.784668,297.745392,0.000000
1951-11-08,284.816864,298.447113,0.000000
1951-11-09,284.413818,298.396240,0.000000
1951-11-10,284.128510,298.103729,0.000000
1951-11-11,280.076416,295.578308,0.000000
1951-11-12,281.879700,298.120697,0.000000
1951-11-13,283.566528,299.905396,0.000000
1951-11-14,287.303802,300.052612,3.307612
1951-11-15,286.959930,298.940277,0.000000
1951-11-16,284.137604,301.765381,0.000000
1951-11-17,287.029053,300.637970,0.000000
1951-11-18,283.209717,298.324249,0.000000
1951-11-19,284.862122,297.593567,0.000000
1951-11-20,280.456635,294.984863,0.000000
1951-11-21,279.245209,296.210907,0.000000
1951-11-22,281.029724,297.545166,0.000000
1951-11-23,282.954407,298.480103,0.000000
1951-11-24,284.721283,298.458771,0.000000
1951-11-25,283.896484,299.076050,0.000000
1951-11-26,285.376740,300.770569,0.000000
1951-11-27,285.130981,301.114655,0.000000
1951-11-28,278.282196,294.606537,0.000000
1951-11-29,283.858948,297.612213,0.000000
1951-11-30,287.893341,299.899414,0.827956
1951-12-01,278.087463,298.497498,1.429549
1951-12-02,275.901764,292.058990,0.000000
1951-12-03,272.978577,291.609100,0.000000
1951-12-04,272.257935,290.614960,0.000000
1951-12-05,270.666718,288.190094,0.000000
1951-12-06,271.457703,288.046753,0.000000
1951-12-07,272.535858,280.751221,6.267163
1951-12-08,269.369873,279.453400,0.000000
1951-12-09,267.306091,278.407043,0.000000
1951-12-10,268.864136,285.663635,0.000000
1951-12-11,274.138306,287.478027,0.000000
1951-12-12,284.411438,295.293945,4.925217
1951-12-13,280.512970,293.255127,0.000000
1951-12-14,272.976807,291.357605,1.377364
1951-12-15,270.083038,279.401672,0.000000
1951-12-16,272.986145,281.766235,0.350561
1951-12-17,276.342499,287.704742,0.000000
1951-12-18,268.056549,283.429077,0.000000
1951-12-19,269.934784,283.391876,3.757307
1951-12-20,275.983337,294.586548,0.000000
1951-12-21,278.976135,291.265869,1.377831
1951-12-22,272.505829,285.689972,0.000000
1951-12-23,275.779633,287.572083,0.000000
1951-12-24,282.084564,292.138855,9.233364
1951-12-25,271.790070,295.118591,0.000000
1951-12-26,274.034607,283.018951,11.726237
1951-12-27,265.627930,271.539124,1.111647
1951-12-28,259.244843,277.231445,0.000000
1951-12-29,268.799774,280.320984,0.611205
1951-12-30,270.879639,279.938202,6.412708
1951-12-31,259.157654,275.412018,0.000000
1952-01-01,267.060486,284.638153,0.000000
1952-01-02,273.243042,290.460632,0.000000
1952-01-03,272.262848,288.247131,0.000000
1952-01-04,271.940613,288.246307,0.000000
1952-01-05,275.494080,293.686890,0.000000
1952-01-06,279.049652,294.870117,0.000000
1952-01-07,277.278900,293.544128,0.000000
1952-01-08,276.926880,292.717590,0.000000
1952-01-09,280.239288,290.930725,4.918578
1952-01-10,273.940186,286.784546,0.000000
1952-01-11,271.577667,287.710815,0.000000
1952-01-12,274.368164,290.647095,0.000000
1952-01-13,276.127045,289.775696,0.000000
1952-01-14,270.963074,285.396790,4.362950
1952-01-15,267.546387,278.215973,2.137095
1952-01-16,267.673096,278.115662,0.000000
1952-01-17,267.997650,278.417572,0.000000
1952-01-18,269.335266,281.384979,0.000000
1952-01-19,272.951660,284.516876,0.000000
1952-01-20,280.842010,291.293610,4.749477
1952-01-21,277.783264,294.178986,0.000000
1952-01-22,281.545959,292.447540,5.153152
1952-01-23,274.035370,289.814362,3.974416
1952-01-24,269.253754,282.596832,0.000000
1952-01-25,271.216949,283.089935,0.000000
1952-01-26,270.484375,282.742554,0.000000
1952-01-27,272.776917,283.488251,0.000000
1952-01-28,276.575836,282.743286,5.407161
1952-01-29,274.822327,284.154297,1.897605
1952-01-30,273.997040,285.501740,0.000000
1952-01-31,271.779358,284.127075,0.000000
1952-02-01,274.875366,284.102142,0.427299
1952-02-02,277.860168,283.826843,4.869318
1952-02-03,275.037109,283.449432,3.608715
1952-02-04,272.944489,283.619843,0.000000
1952-02-05,271.502502,287.854431,0.000000
1952-02-06,273.487579,286.783447,0.000000
1952-02-07,274.593750,285.251862,0.000000
1952-02-08,274.339661,287.092285,0.000000
1952-02-09,278.853821,290.488617,0.401438
1952-02-10,274.364777,288.584198,0.000000
1952-02-11,273.121704,285.123230,0.000000
1952-02-12,271.048615,284.281647,0.000000
1952-02-13,272.806061,288.027130,0.000000
1952-02-14,273.792297,291.147858,0.000000
1952-02-15,277.282227,294.915802,0.000000
1952-02-16,279.973328,294.769989,0.000000
1952-02-17,281.871460,296.654541,0.745122
1952-02-18,279.493408,298.933105,0.000000
1952-02-19,284.876617,299.367584,1.061187
1952-02-20,277.664734,297.729034,5.729010
1952-02-21,270.820129,288.987915,0.000000
1952-02-22,279.583160,295.575989,0.000000
1952-02-23,278.802490,292.820709,7.759676
1952-02-24,269.267517,284.549255,0.000000
1952-02-25,273.701477,289.138733,0.000000
1952-02-26,276.329926,290.790466,0.000000
1952-02-27,277.296295,293.547211,0.000000
1952-02-28,279.912537,294.020996,0.000000
1952-02-29,279.774170,297.383545,0.000000
1952-03-01,279.635834,300.746124,0.000000
1952-03-02,286.615479,305.495758,0.000000
1952-03-03,290.587921,305.453308,0.000000
1952-03-04,291.468658,306.725555,0.000000
1952-03-05,290.308807,307.012482,0.000000
1952-03-06,278.389130,293.957581,0.000000
1952-03-07,280.063812,297.915131,0.000000
1952-03-08,283.614746,298.041260,0.000000
1952-03-09,286.342163,296.840820,8.248826
1952-03-10,281.948914,289.096313,10.324116
1952-03-11,282.811981,287.831818,2.113060
1952-03-12,282.999847,292.734589,0.000000
1952-03-13,285.106781,298.100494,18.741232
1952-03-14,287.772949,299.514923,0.000000
1952-03-15,288.491486,299.590088,0.000000
1952-03-16,290.091736,299.078735,0.412569
1952-03-17,288.463867,296.032166,0.822615
1952-03-18,284.488434,296.848206,0.000000
1952-03-19,281.394226,295.706970,0.000000
1952-03-20,282.173615,294.943695,0.000000
1952-03-21,286.840729,299.328796,0.948027
1952-03-22,286.389221,300.619476,0.872042
1952-03-23,288.907501,301.768890,0.000000
1952-03-24,289.891174,304.214722,0.341139
1952-03-25,290.091858,304.491669,0.705822
1952-03-26,290.983826,304.458710,0.000000
1952-03-27,285.364929,301.286346,0.000000
1952-03-28,284.850403,300.422577,0.000000
1952-03-29,288.299530,303.733826,0.000000
1952-03-30,286.575714,303.364166,0.000000
1952-03-31,288.145844,304.459869,0.000000
1952-04-01,286.400543,304.018616,0.000000
1952-04-02,287.824219,303.676025,0.000000
1952-04-03,281.750580,296.407501,0.000000
1952-04-04,279.479858,290.209351,0.000000
1952-04-05,276.153564,291.814453,0.000000
1952-04-06,282.572418,298.102295,0.000000
1952-04-07,282.012817,303.050598,0.000000
1952-04-08,286.837982,304.697754,0.000000
1952-04-09,288.532349,303.758972,0.000000
1952-04-10,291.289307,304.841858,0.000000
1952-04-11,288.698151,305.166382,0.566499
1952-04-12,288.948730,305.842438,0.000000
1952-04-13,292.765778,304.986938,0.000000
1952-04-14,291.528534,303.645142,0.000000
1952-04-15,292.876221,303.346741,0.000000
1952-04-16,292.552429,304.251678,0.000000
1952-04-17,293.087799,305.282745,0.000000
1952-04-18,293.382996,305.843811,0.678766
1952-04-19,288.529297,301.641907,7.712872
1952-04-20,284.253326,298.992676,0.000000
1952-04-21,284.689117,303.082123,0.000000
1952-04-22,288.885651,305.135559,0.000000
1952-04-23,290.392426,304.076935,0.000000
1952-04-24,291.685638,303.965454,1.705941
1952-04-25,292.226105,298.040710,30.529737
1952-04-26,289.341614,300.635651,1.316169
1952-04-27,281.891632,294.910828,0.000000
1952-04-28,283.148346,297.800812,0.000000
1952-04-29,284.821411,301.353821,0.000000
1952-04-30,287.964783,301.094269,0.000000
1952-05-01,284.804840,297.823608,0.666218
1952-05-02,283.681213,299.217804,0.000000
1952-05-03,288.330597,309.485901,0.000000
1952-05-04,292.241699,308.254486,0.000000
1952-05-05,289.461334,307.132416,0.000000
1952-05-06,293.011688,306.825958,0.000000
1952-05-07,292.388123,306.800385,0.000000
1952-05-08,293.633881,306.818817,0.295881
1952-05-09,292.991119,302.785278,0.000000
1952-05-10,292.282898,302.873505,0.386375
1952-05-11,291.956055,302.108643,1.594948
1952-05-12,291.748871,303.158447,6.196765
1952-05-13,287.032715,300.763123,0.000000
1952-05-14,287.956329,305.050812,0.000000
1952-05-15,290.667389,307.129517,0.000000
1952-05-16,291.122559,305.476532,0.000000
1952-05-17,290.396484,305.751190,0.000000
1952-05-18,291.707581,307.037720,0.000000
1952-05-19,292.472412,308.107330,0.000000
1952-05-20,292.672974,307.442932,0.000000
1952-05-21,293.151306,306.873535,0.000000
1952-05-22,293.747040,306.750488,0.000000
1952-05-23,295.443604,309.208984,0.623181
1952-05-24,296.217499,309.377777,0.000000
1952-05-25,297.366089,309.212891,0.000000
1952-05-26,294.999756,308.499481,0.000000
1952-05-27,297.233948,308.920319,0.000000
1952-05-28,296.871521,308.484314,0.000000
1952-05-29,296.769867,306.528625,0.000000
1952-05-30,294.349243,305.720795,4.724295
1952-05-31,294.029022,303.179474,4.115767
1952-06-01,295.400665,302.725616,0.641824
1952-06-02,295.429443,305.816406,0.000000
1952-06-03,295.607849,305.598816,0.000000
1952-06-04,294.305969,304.328552,3.708099
1952-06-05,294.547974,304.285309,9.696940
1952-06-06,294.578827,307.362244,0.000000
1952-06-07,295.244873,309.738861,0.000000
1952-06-08,295.429810,309.493469,2.573628
1952-06-09,296.045715,310.315247,0.000000
1952-06-10,296.969849,310.442627,0.000000
1952-06-11,296.996124,309.802704,0.000000
1952-06-12,298.223053,309.417969,0.000000
1952-06-13,298.042633,309.149200,0.000000
1952-06-14,297.050873,308.453156,0.862277
1952-06-15,295.482452,303.549133,4.474397
1952-06-16,296.325806,299.727448,32.059082
1952-06-17,296.196625,304.164917,1.040134
1952-06-18,295.751282,304.110260,0.000000
1952-06-19,296.816101,303.551788,0.000000
1952-06-20,296.878082,307.652313,0.000000
1952-06-21,297.154388,308.640320,0.455491
1952-06-22,297.395691,307.194977,7.615006
1952-06-23,297.464844,303.597198,4.354275
1952-06-24,297.752106,302.969666,0.000000
1952-06-25,295.970795,303.643005,0.923418
1952-06-26,295.400177,305.094208,2.785908
1952-06-27,296.507751,304.904999,0.000000
1952-06-28,297.976288,301.375427,6.526843
1952-06-29,296.627899,304.568848,2.945087
1952-06-30,296.435364,304.476471,0.000000
1952-07-01,295.398468,304.149902,1.449833
1952-07-02,296.489868,304.585785,0.496286
1952-07-03,296.570190,304.559174,1.966119
1952-07-04,296.086731,304.354858,1.679690
1952-07-05,296.395325,303.118500,0.576752
1952-07-06,295.931824,302.920929,0.000000
1952-07-07,296.074646,305.546692,0.000000
1952-07-08,295.854004,306.180695,0.332818
1952-07-09,295.313293,305.619202,0.000000
1952-07-10,295.504303,304.800110,0.000000
1952-07-11,296.785889,306.834442,0.000000
1952-07-12,297.318878,307.218475,0.000000
1952-07-13,298.125458,309.381012,0.000000
1952-07-14,297.416168,309.496857,0.000000
1952-07-15,296.691895,309.541046,0.000000
1952-07-16,296.410156,310.464630,0.000000
1952-07-17,297.829712,311.753143,0.000000
1952-07-18,300.277130,312.759979,0.000000
1952-07-19,298.756409,312.059814,0.000000
1952-07-20,298.225433,310.707214,0.000000
1952-07-21,298.345551,311.046295,0.000000
1952-07-22,297.949036,311.075439,0.000000
1952-07-23,297.612518,310.267548,0.000000
1952-07-24,298.074249,310.283447,0.000000
1952-07-25,298.669556,311.433655,0.000000
1952-07-26,298.027161,310.807312,0.000000
1952-07-27,297.463226,310.260101,0.000000
1952-07-28,297.368561,309.857300,0.000000
1952-07-29,297.263977,309.630157,0.000000
1952-07-30,296.978821,309.750244,0.000000
1952-07-31,297.966553,309.385010,0.000000
1952-08-01,298.110535,308.677124,3.463389
1952-08-02,297.381073,306.401001,7.819144
1952-08-03,296.786255,306.082214,7.183612
1952-08-04,298.528046,303.895081,15.076800
1952-08-05,296.505859,300.361511,8.228703
1952-08-06,295.701508,302.069611,0.000000
1952-08-07,295.573395,302.857117,2.332521
1952-08-08,295.330170,305.614838,1.272163
1952-08-09,295.975403,307.205139,3.273634
1952-08-10,296.904297,308.143097,0.000000
1952-08-11,296.481934,308.225098,0.000000
1952-08-12,296.908905,308.483276,0.000000
1952-08-13,297.039093,308.203644,1.651141
1952-08-14,295.655334,308.203583,7.463034
1952-08-15,296.960907,307.845581,0.000000
1952-08-16,298.061066,309.386475,1.837850
1952-08-17,296.655304,308.361176,0.905519
1952-08-18,296.722687,306.400238,0.000000
1952-08-19,296.467957,307.490906,0.531980
1952-08-20,296.149353,308.814758,2.287049
1952-08-21,295.592896,307.357025,10.423745
1952-08-22,290.594666,300.141235,38.546810
1952-08-23,293.233429,299.380035,4.144286
1952-08-24,292.749451,304.040619,0.000000
1952-08-25,292.565094,307.035675,0.000000
1952-08-26,288.752960,308.949951,0.000000
1952-08-27,296.434692,309.219391,0.000000
1952-08-28,296.785034,309.425385,0.000000
1952-08-29,296.283844,307.681061,0.000000
1952-08-30,295.780823,306.130493,0.000000
1952-08-31,296.047058,305.304932,0.933622
1952-09-01,297.181854,305.936707,1.107879
1952-09-02,294.895935,306.644226,2.463043
1952-09-03,295.983063,306.752258,1.736334
1952-09-04,296.000885,306.810486,0.000000
1952-09-05,296.323334,306.792267,0.000000
1952-09-06,296.722900,306.603058,0.000000
1952-09-07,295.586975,307.005371,0.000000
1952-09-08,296.049438,308.017242,0.000000
1952-09-09,297.091400,309.270874,0.000000
1952-09-10,298.405426,308.984192,0.000000
1952-09-11,295.421356,304.922699,12.603455
1952-09-12,295.650696,305.100586,0.000000
1952-09-13,295.368835,308.059143,0.000000
1952-09-14,296.403412,307.926392,2.117483
1952-09-15,294.665741,305.372711,0.795122
1952-09-16,290.682800,305.264862,0.000000
1952-09-17,292.949707,306.433807,0.000000
1952-09-18,295.128845,304.889587,1.796141
1952-09-19,295.245209,303.762482,1.751061
1952-09-20,293.731781,303.248962,0.935967
1952-09-21,291.398224,303.202209,0.000000
1952-09-22,293.542938,302.594849,2.168794
1952-09-23,293.804321,303.937286,0.000000
1952-09-24,290.216736,304.828461,0.000000
1952-09-25,293.240997,306.302277,0.000000
1952-09-26,294.983521,306.604828,0.000000
1952-09-27,294.185974,304.831818,0.000000
1952-09-28,290.733215,299.390564,13.774090
1952-09-29,284.938110,290.794006,26.675650
1952-09-30,291.689178,298.203064,16.907707
1952-10-01,291.714142,302.114929,6.040280
1952-10-02,294.466339,303.559143,0.000000
1952-10-03,294.486084,303.183105,0.000000
1952-10-04,292.878113,301.521210,10.002386
1952-10-05,286.536591,300.282959,0.000000
1952-10-06,284.691467,297.462921,0.000000
1952-10-07,283.043060,295.478668,0.000000
1952-10-08,281.890564,297.894470,0.000000
1952-10-09,284.483917,298.868958,0.000000
1952-10-10,285.076172,299.118286,0.000000
1952-10-11,285.346558,301.247864,0.000000
1952-10-12,286.143372,302.288879,0.000000
1952-10-13,289.395630,302.622009,0.000000
1952-10-14,288.224457,304.298462,0.000000
1952-10-15,290.570618,304.985992,0.000000
1952-10-16,289.820618,303.608643,0.000000
1952-10-17,288.226562,299.547882,2.938897
1952-10-18,288.899414,302.665680,0.000000
1952-10-19,289.218262,305.159576,0.000000
1952-10-20,289.149628,306.690216,0.000000
1952-10-21,291.074310,306.654785,0.000000
1952-10-22,288.353516,305.041351,2.568650
1952-10-23,284.062286,295.276917,0.000000
1952-10-24,282.547516,296.485504,0.000000
1952-10-25,282.609222,298.578613,0.000000
1952-10-26,286.199524,299.622620,0.000000
1952-10-27,286.702881,300.503265,0.000000
1952-10-28,289.346252,302.481537,0.000000
1952-10-29,290.435394,301.570190,0.000000
1952-10-30,288.994965,296.129456,4.559246
1952-10-31,287.297516,295.791534,5.809014
1952-11-01,282.752930,294.765747,0.000000
1952-11-02,288.413818,295.609650,0.476436
1952-11-03,290.384949,297.880493,9.298916
1952-11-04,291.139221,295.945557,0.000000
1952-11-05,291.985687,296.782562,0.647234
1952-11-06,292.048340,298.531647,0.613822
1952-11-07,290.950836,299.391296,0.576786
1952-11-08,291.248871,299.415863,0.000000
1952-11-09,288.749115,298.780273,0.851880
1952-11-10,281.262909,297.886200,11.384239
1952-11-11,275.437714,288.688538,0.000000
1952-11-12,278.171204,292.936279,0.000000
1952-11-13,278.053680,292.874451,0.000000
1952-11-14,277.763519,294.060944,0.000000
1952-11-15,279.266052,296.398895,0.000000
1952-11-16,282.480377,295.625244,0.000000
1952-11-17,278.180206,289.449677,0.000000
1952-11-18,273.915375,288.104309,0.000000
1952-11-19,277.521179,295.891754,0.000000
1952-11-20,280.166534,298.272949,0.000000
1952-11-21,284.684875,296.953583,0.000000
1952-11-22,281.559814,301.097321,0.000000
1952-11-23,287.417419,303.266296,0.000000
1952-11-24,278.926544,300.717346,0.000000
1952-11-25,275.158875,290.448975,0.000000
1952-11-26,280.071991,297.676880,0.000000
1952-11-27,284.517944,299.715057,0.000000
1952-11-28,288.061493,299.214783,0.000000
1952-11-29,285.964050,296.471893,0.000000
1952-11-30,281.166565,291.862885,0.000000
1952-12-01,278.044647,292.707916,0.000000
1952-12-02,275.443298,293.503998,0.000000
1952-12-03,281.221375,296.930939,0.382225
1952-12-04,285.282623,295.498657,0.000000
1952-12-05,281.889069,290.429260,5.154370
1952-12-06,277.859100,286.470825,1.611003
1952-12-07,276.264099,283.972961,5.383518
1952-12-08,275.202881,287.168549,0.000000
1952-12-09,275.606537,290.910553,0.000000
1952-12-10,276.797333,289.411774,0.000000
1952-12-11,276.460999,287.304047,1.893108
1952-12-12,277.056274,289.688568,0.333990
1952-12-13,280.363464,291.076019,0.000000
1952-12-14,281.692596,289.693176,0.000000
1952-12-15,277.569092,289.609924,0.000000
1952-12-16,276.778259,291.517670,0.000000
1952-12-17,276.207214,290.408203,0.000000
1952-12-18,276.572388,294.386200,0.000000
1952-12-19,279.010010,293.847015,0.000000
1952-12-20,274.500031,289.697266,0.000000
1952-12-21,273.026794,291.220459,0.000000
1952-12-22,274.462372,292.281830,0.000000
1952-12-23,277.731812,290.861084,0.000000
1952-12-24,279.734894,291.040527,30.943630
1952-12-25,277.976868,286.465454,0.356744
1952-12-26,277.037323,287.961700,0.000000
1952-12-27,278.773956,287.746887,0.000000
1952-12-28,277.814606,285.460358,3.331692
1952-12-29,277.538605,284.216827,3.031669
1952-12-30,274.325470,284.182495,1.184361
1952-12-31,270.313629,280.978912,0.000000
1953-01-01,272.521240,289.394989,0.000000
1953-01-02,277.280670,288.666992,0.000000
1953-01-03,275.497620,286.696106,0.000000
1953-01-04,277.304108,286.358734,0.000000
1953-01-05,278.387177,286.295685,0.000000
1953-01-06,279.756897,286.824493,0.000000
1953-01-07,278.930023,286.732452,0.000000
1953-01-08,278.708862,291.709808,1.496531
1953-01-09,285.238892,294.031860,3.210114
1953-01-10,286.649170,293.934570,0.989353
1953-01-11,285.181763,294.258728,2.270393
1953-01-12,278.062225,293.920532,0.000000
1953-01-13,274.993744,285.591827,0.000000
1953-01-14,278.882568,290.872253,2.057384
1953-01-15,279.011597,291.075531,1.073011
1953-01-16,275.808838,287.163116,0.000000
1953-01-17,274.026886,287.939789,0.000000
1953-01-18,273.890015,287.812195,0.000000
1953-01-19,275.778076,292.066620,0.000000
1953-01-20,277.361206,295.186462,0.000000
1953-01-21,279.767487,297.296753,0.000000
1953-01-22,281.187500,298.986694,0.000000
1953-01-23,271.585876,297.613220,1.698384
1953-01-24,267.561890,277.709686,0.000000
1953-01-25,269.639313,277.939728,5.111533
1953-01-26,271.997223,279.921021,6.130701
1953-01-27,271.631439,280.753082,0.000000
1953-01-28,267.853333,279.047241,0.000000
1953-01-29,269.264587,279.224487,0.000000
1953-01-30,270.407593,278.857147,0.000000
1953-01-31,272.954285,279.990479,0.532407
1953-02-01,275.781769,285.183380,0.321454
1953-02-02,271.369598,284.209625,0.000000
1953-02-03,272.673492,284.190369,0.000000
1953-02-04,276.817474,284.231598,0.000000
1953-02-05,275.866516,286.283600,0.000000
1953-02-06,273.078186,285.160553,0.000000
1953-02-07,272.158905,289.579437,0.000000
1953-02-08,274.065582,290.060547,0.000000
1953-02-09,272.258331,288.980103,12.371043
1953-02-10,274.669830,280.430328,26.732426
1953-02-11,267.853668,278.108124,0.000000
1953-02-12,269.889252,282.494751,0.000000
1953-02-13,276.680878,285.607056,0.574968
1953-02-14,275.510071,288.420715,0.000000
1953-02-15,275.685760,290.237518,0.000000
1953-02-16,277.128204,291.363281,0.000000
1953-02-17,279.361511,290.302704,5.299141
1953-02-18,281.749847,289.041718,10.574920
1953-02-19,282.413208,293.497925,2.704952
1953-02-20,281.054779,294.441620,0.409356
1953-02-21,279.769318,292.924347,0.000000
1953-02-22,273.800842,284.608673,0.000000
1953-02-23,272.396149,285.916931,0.000000
1953-02-24,273.641266,291.098267,0.000000
1953-02-25,277.854401,290.903168,0.000000
1953-02-26,272.700165,286.969055,0.000000
1953-02-27,273.526550,294.339508,0.000000
1953-02-28,278.008606,294.088562,0.000000
1953-03-01,274.740448,291.584229,0.000000
1953-03-02,280.449310,296.961029,0.000000
1953-03-03,284.778229,296.807648,0.000000
1953-03-04,278.831635,295.530945,0.000000
1953-03-05,282.344299,298.013733,0.000000
1953-03-06,284.967987,299.474457,0.000000
1953-03-07,286.018066,298.597046,0.000000
1953-03-08,288.389343,295.926971,2.492667
1953-03-09,287.846008,297.782349,5.685457
1953-03-10,283.165009,299.229889,0.000000
1953-03-11,288.687378,297.653137,6.751053
1953-03-12,287.496185,296.571045,1.552620
1953-03-13,288.764862,297.741699,2.035749
1953-03-14,290.234924,293.730652,2.071368
1953-03-15,285.928497,293.495270,0.000000
1953-03-16,287.850098,293.476471,0.000000
1953-03-17,281.228729,291.816803,0.755004
1953-03-18,280.711731,299.504517,0.000000
1953-03-19,284.409698,303.456146,0.000000
1953-03-20,287.529938,303.261322,0.000000
1953-03-21,284.637115,300.735779,0.000000
1953-03-22,286.118439,299.579437,0.477177
1953-03-23,287.492767,296.630798,7.764433
1953-03-24,281.129852,288.673370,2.184961
1953-03-25,285.941528,292.642883,30.530794
1953-03-26,283.048218,295.760101,0.000000
1953-03-27,282.976105,294.947479,0.000000
1953-03-28,287.819061,294.822937,3.901721
1953-03-29,285.302185,295.701385,11.083554
1953-03-30,278.831543,289.802063,0.953454
1953-03-31,279.967377,293.116913,0.000000
1953-04-01,280.052795,295.387543,0.000000
1953-04-02,284.131622,301.286499,0.000000
1953-04-03,287.294189,301.551971,0.000000
1953-04-04,288.603668,301.355438,0.000000
1953-04-05,288.789856,304.008759,0.000000
1953-04-06,289.239685,303.969849,0.000000
1953-04-07,286.492523,298.226196,0.000000
1953-04-08,286.403931,297.273651,1.332446
1953-04-09,288.906281,294.713501,0.000000
1953-04-10,290.158173,302.012482,0.000000
1953-04-11,290.971436,301.971924,0.000000
1953-04-12,285.170013,302.482025,0.000000
1953-04-13,289.699677,302.917938,0.000000
1953-04-14,290.691803,302.750549,0.478557
1953-04-15,292.090881,306.018005,0.000000
1953-04-16,290.416138,307.223511,0.000000
1953-04-17,288.852936,306.456116,0.000000
1953-04-18,285.845856,306.789856,11.721549
1953-04-19,286.056244,297.328583,0.597870
1953-04-20,282.702301,296.857819,0.000000
1953-04-21,282.549377,299.634705,0.000000
1953-04-22,285.426727,299.744812,0.000000
1953-04-23,284.487732,300.996826,0.000000
1953-04-24,285.890228,302.067780,0.000000
1953-04-25,287.854370,302.516388,0.000000
1953-04-26,288.875824,302.660065,0.000000
1953-04-27,289.146820,305.811310,0.000000
1953-04-28,288.269623,305.900543,0.000000
1953-04-29,291.226196,306.813599,0.000000
1953-04-30,292.075165,306.951324,0.000000
1953-05-01,292.498962,305.755859,0.000000
1953-05-02,291.145569,306.987274,0.000000
1953-05-03,293.961090,309.434814,0.000000
1953-05-04,293.252319,309.058777,0.000000
1953-05-05,296.177124,307.987396,0.000000
1953-05-06,294.480194,302.106598,0.783352
1953-05-07,291.807922,298.869476,0.000000
1953-05-08,294.039734,299.520630,1.931731
1953-05-09,294.348999,304.042786,4.420771
1953-05-10,293.410492,306.069397,0.816637
1953-05-11,293.773346,308.561249,0.000000
1953-05-12,293.447540,308.689392,0.000000
1953-05-13,294.621307,308.677979,0.000000
1953-05-14,295.798309,309.504944,1.282652
1953-05-15,293.231537,309.100708,0.000000
1953-05-16,294.219330,309.681274,1.415258
1953-05-17,297.083954,309.061127,0.000000
1953-05-18,293.919769,298.109283,29.489630
1953-05-19,294.263947,303.090454,0.000000
1953-05-20,293.189728,302.108734,1.738739
1953-05-21,291.491608,308.679626,0.000000
1953-05-22,293.121185,309.873016,0.000000
1953-05-23,293.670441,309.438629,0.000000
1953-05-24,293.283234,309.539032,3.302292
1953-05-25,295.897522,309.488373,0.000000
1953-05-26,295.916046,310.316711,1.345978
1953-05-27,299.226471,310.273376,0.000000
1953-05-28,299.240997,310.089661,0.000000
1953-05-29,297.386505,309.887604,0.000000
1953-05-30,296.461975,306.872833,4.037776
1953-05-31,295.596466,306.313385,0.000000
1953-06-01,295.827911,308.326569,0.000000
1953-06-02,294.764740,308.616180,0.000000
1953-06-03,292.872925,307.401764,0.000000
1953-06-04,294.489349,306.927826,0.000000
1953-06-05,294.535248,306.473724,0.000000
1953-06-06,294.902039,306.172485,0.681473
1953-06-07,294.678955,306.674225,0.000000
1953-06-08,294.568146,307.919678,0.000000
1953-06-09,296.615906,308.457214,0.000000
1953-06-10,296.268494,308.188568,0.000000
1953-06-11,296.025696,307.900208,0.000000
1953-06-12,295.372253,308.218323,0.000000
1953-06-13,295.386475,308.305481,0.000000
1953-06-14,294.604675,308.261536,0.000000
1953-06-15,295.809204,307.128021,0.000000
1953-06-16,296.003815,307.319580,0.000000
1953-06-17,296.553223,307.006317,0.000000
1953-06-18,295.609772,306.830719,0.000000
1953-06-19,296.228455,306.120575,0.000000
1953-06-20,297.458527,309.865051,0.657923
1953-06-21,297.835571,309.459259,0.000000
1953-06-22,299.116455,309.651154,0.000000
1953-06-23,297.585693,310.237061,1.048911
1953-06-24,297.135803,310.283295,0.000000
1953-06-25,298.207153,311.232849,2.031204
1953-06-26,298.914490,311.099487,0.491460
1953-06-27,296.770813,310.298767,0.969539
1953-06-28,296.767456,309.914093,0.000000
1953-06-29,297.499878,310.821259,0.000000
1953-06-30,294.005371,303.841248,33.368351
1953-07-01,296.300903,298.251923,15.866653
1953-07-02,295.754913,301.755493,18.014585
1953-07-03,295.132477,305.142365,0.312804
1953-07-04,295.416534,304.858337,0.000000
1953-07-05,294.801666,302.204712,4.209000
1953-07-06,295.438904,302.413635,1.789513
1953-07-07,293.918091,303.882355,0.988954
1953-07-08,295.215851,306.069794,0.000000
1953-07-09,296.643402,308.754578,0.000000
1953-07-10,297.947144,309.899536,0.000000
1953-07-11,298.055725,310.251251,0.000000
1953-07-12,297.579773,310.250366,0.000000
1953-07-13,298.017365,310.668854,0.000000
1953-07-14,298.538666,311.511414,0.000000
1953-07-15,298.675110,312.043365,0.000000
1953-07-16,299.948242,312.442963,0.000000
1953-07-17,299.694244,311.344696,0.000000
1953-07-18,299.121735,310.655090,0.000000
1953-07-19,298.891663,310.553284,0.000000
1953-07-20,298.555206,309.272430,0.000000
1953-07-21,297.991058,309.083801,0.000000
1953-07-22,297.368011,308.443237,0.000000
1953-07-23,296.949982,307.339722,0.000000
1953-07-24,296.640228,305.942535,0.000000
1953-07-25,296.979401,306.590668,0.000000
1953-07-26,297.033783,308.422302,0.000000
1953-07-27,296.476013,308.895172,0.000000
1953-07-28,296.878906,307.821594,0.000000
1953-07-29,296.823578,305.731903,1.239514
1953-07-30,297.021088,308.459290,6.656250
1953-07-31,296.776855,308.716614,0.000000
1953-08-01,295.784058,307.990601,0.000000
1953-08-02,296.347260,308.632446,0.000000
1953-08-03,297.286163,308.737885,0.000000
1953-08-04,296.686279,308.237518,2.394027
1953-08-05,296.682678,306.738983,0.000000
1953-08-06,296.123291,307.117889,3.060995
1953-08-07,294.691711,307.926788,5.594112
1953-08-08,296.041626,306.643494,0.000000
1953-08-09,295.172516,306.529663,0.000000
1953-08-10,297.080566,307.863831,1.429717
1953-08-11,296.222626,307.162811,0.811917
1953-08-12,297.181244,306.606415,0.286261
1953-08-13,293.531860,304.033203,1.109915
1953-08-14,293.649048,306.508881,0.000000
1953-08-15,293.689148,306.555939,0.000000
1953-08-16,295.962555,308.479462,0.000000
1953-08-17,296.199249,308.255798,0.000000
1953-08-18,297.423523,307.019440,0.443189
1953-08-19,296.210571,303.831024,3.205904
1953-08-20,296.091980,304.833496,3.396585
1953-08-21,296.673035,304.748352,5.917005
1953-08-22,295.520111,304.878601,1.415634
1953-08-23,295.040497,305.994141,0.000000
1953-08-24,296.345734,306.904266,0.000000
1953-08-25,296.211670,306.675903,0.000000
1953-08-26,296.622345,307.149994,4.329616
1953-08-27,295.705750,304.549713,0.000000
1953-08-28,295.372192,307.818817,0.000000
1953-08-29,296.496185,312.330139,0.000000
1953-08-30,295.383850,311.191986,0.422514
1953-08-31,296.224365,311.181000,0.000000
1953-09-01,297.621033,313.179443,0.000000
1953-09-02,299.171570,316.453339,0.000000
1953-09-03,299.050964,313.704651,0.000000
1953-09-04,299.076111,315.083008,0.000000
1953-09-05,298.007629,314.305115,0.000000
1953-09-06,296.909454,311.862244,0.000000
1953-09-07,299.046143,312.942230,0.000000
1953-09-08,300.430542,311.885559,0.000000
1953-09-09,296.372009,309.235260,0.000000
1953-09-10,297.941803,308.820679,0.000000
1953-09-11,296.691162,307.093597,0.000000
1953-09-12,297.706757,306.456055,1.444516
1953-09-13,284.673676,305.485382,0.000000
1953-09-14,287.235931,303.959473,0.000000
1953-09-15,292.064484,306.332245,0.000000
1953-09-16,294.370270,306.199402,0.000000
1953-09-17,292.108643,306.041840,0.000000
1953-09-18,293.985931,304.607513,0.000000
1953-09-19,293.101562,303.944733,0.000000
1953-09-20,293.008453,304.501556,0.000000
1953-09-21,293.930725,303.691406,0.410530
1953-09-22,291.566772,306.826813,0.000000
1953-09-23,291.577454,306.695038,0.000000
1953-09-24,295.260529,305.903320,0.000000
1953-09-25,294.890045,305.958649,35.194046
1953-09-26,292.072388,307.156342,0.290353
1953-09-27,295.550629,305.999359,1.657885
1953-09-28,293.333435,304.748566,1.836991
1953-09-29,294.106232,305.498322,0.000000
1953-09-30,294.123657,305.498840,0.000000
1953-10-01,294.348999,304.867401,0.841891
1953-10-02,291.767212,303.079895,1.603945
1953-10-03,293.181335,303.936188,3.551352
1953-10-04,290.916016,302.151215,0.000000
1953-10-05,291.749146,303.579590,0.000000
1953-10-06,291.157654,303.610809,0.000000
1953-10-07,290.255951,304.843475,0.000000
1953-10-08,290.795197,305.420502,0.000000
1953-10-09,291.546173,307.653381,1.869992
1953-10-10,289.343628,307.490143,0.000000
1953-10-11,284.639923,298.509888,0.000000
1953-10-12,284.843414,301.520294,0.000000
1953-10-13,287.778534,303.986053,0.000000
1953-10-14,289.713654,303.158844,0.000000
1953-10-15,287.439240,300.870148,0.000000
1953-10-16,287.050842,304.984802,0.000000
1953-10-17,289.440399,305.872101,0.000000
1953-10-18,292.906860,305.310120,0.593217
1953-10-19,289.847382,300.984985,14.035028
1953-10-20,292.725494,295.140289,29.444635
1953-10-21,290.499359,296.979218,9.024351
1953-10-22,289.147430,298.402466,0.000000
1953-10-23,291.040863,297.752197,0.000000
1953-10-24,291.670654,298.784271,1.637961
1953-10-25,288.250305,298.110535,18.285065
1953-10-26,281.272552,296.280273,1.373245
1953-10-27,278.904083,294.501068,0.000000
1953-10-28,280.827362,298.058075,0.000000
1953-10-29,283.424988,299.310608,0.000000
1953-10-30,291.284607,300.076599,0.953262
1953-10-31,288.852264,297.216766,14.081559
1953-11-01,284.977661,296.167023,27.010241
1953-11-02,279.189056,288.907257,0.000000
1953-11-03,279.929535,292.490112,0.000000
1953-11-04,278.866974,291.093994,0.000000
1953-11-05,283.133606,291.709351,7.826715
1953-11-06,286.087830,295.272705,7.120594
1953-11-07,290.881378,296.186005,5.784120
1953-11-08,285.030945,292.819946,18.436096
1953-11-09,274.100372,289.895050,0.000000
1953-11-10,273.719482,280.381226,2.113967
1953-11-11,280.984802,289.226288,9.599267
1953-11-12,276.607452,285.197266,4.350668
1953-11-13,279.984741,283.599762,10.808743
1953-11-14,282.495117,294.830078,11.245959
1953-11-15,278.612579,285.468384,0.980184
1953-11-16,280.845825,289.080872,2.164175
1953-11-17,282.317230,288.773621,0.000000
1953-11-18,275.434784,286.896545,0.000000
1953-11-19,275.025452,288.953796,0.000000
1953-11-20,275.813324,288.276123,0.000000
1953-11-21,277.190460,287.377319,0.000000
1953-11-22,277.754089,287.653229,0.000000
1953-11-23,278.681641,287.617371,0.000000
1953-11-24,275.861359,290.560638,0.000000
1953-11-25,276.972504,289.432465,0.414794
1953-11-26,280.410522,289.096985,0.738656
1953-11-27,280.678131,291.530273,0.000000
1953-11-28,278.150116,293.828400,0.000000
1953-11-29,274.677399,293.066986,1.960605
1953-11-30,271.084015,281.515839,0.000000
1953-12-01,274.400909,283.665100,0.000000
1953-12-02,273.236206,282.871277,0.000000
1953-12-03,270.156158,281.057159,0.000000
1953-12-04,271.484833,288.798218,0.000000
1953-12-05,276.916229,297.028168,0.000000
1953-12-06,282.473358,297.322510,0.000000
1953-12-07,281.152924,300.891113,0.000000
1953-12-08,284.880524,299.262726,0.000000
1953-12-09,279.406555,298.397034,0.000000
1953-12-10,282.824158,301.106384,0.000000
1953-12-11,284.960785,300.307343,0.000000
1953-12-12,284.812378,299.781494,0.000000
1953-12-13,282.990997,299.127838,0.000000
1953-12-14,286.762146,298.821747,0.000000
1953-12-15,281.769073,298.374329,0.000000
1953-12-16,281.026215,297.537628,0.000000
1953-12-17,287.500092,297.791443,0.983518
1953-12-18,280.515900,296.321075,0.656003
1953-12-19,277.214630,292.332611,0.000000
1953-12-20,278.033234,288.659790,0.000000
1953-12-21,275.153290,284.694122,0.793799
1953-12-22,274.362946,284.463348,0.000000
1953-12-23,270.683563,283.798370,0.000000
1953-12-24,270.358154,286.058899,0.000000
1953-12-25,272.257080,290.425537,0.000000
1953-12-26,273.925781,291.266998,0.000000
1953-12-27,282.330414,295.023804,0.000000
1953-12-28,273.471954,292.301666,0.000000
1953-12-29,274.710083,292.015747,0.000000
1953-12-30,276.566528,295.128510,0.000000
1953-12-31,279.714691,296.396362,0.000000
1954-01-01,282.364288,294.437286,0.000000
1954-01-02,277.888580,295.214966,0.000000
1954-01-03,281.322327,298.742004,0.000000
1954-01-04,282.282013,299.919891,0.000000
1954-01-05,282.099487,299.794556,0.000000
1954-01-06,282.461853,300.018036,0.000000
1954-01-07,284.248260,302.326569,0.000000
1954-01-08,285.238678,302.686676,0.000000
1954-01-09,287.633972,300.757477,0.000000
1954-01-10,283.504333,302.075897,0.000000
1954-01-11,288.498840,301.640900,0.000000
1954-01-12,281.845490,295.840240,0.000000
1954-01-13,282.657043,300.193756,0.000000
1954-01-14,282.186584,298.076385,0.000000
1954-01-15,280.207581,295.660645,0.000000
1954-01-16,284.339630,294.886871,2.488756
1954-01-17,288.372803,297.012970,3.795449
1954-01-18,287.421356,297.102875,3.315811
1954-01-19,284.811829,295.367615,5.959484
1954-01-20,277.026276,290.302887,0.000000
1954-01-21,273.936218,283.740387,0.000000
1954-01-22,277.677185,283.011902,7.664775
1954-01-23,276.372070,284.931427,7.688626
1954-01-24,278.666199,284.543213,15.753201
1954-01-25,282.847595,286.723145,11.848347
1954-01-26,275.115906,282.875824,0.000000
1954-01-27,276.422516,285.135986,0.000000
1954-01-28,278.699036,286.928253,0.000000
1954-01-29,282.626129,291.255157,0.000000
1954-01-30,279.977753,291.905182,0.000000
1954-01-31,282.929871,295.764313,0.000000
1954-02-01,286.710846,295.255585,0.472734
1954-02-02,275.705994,292.345978,3.340069
1954-02-03,269.657104,279.688324,0.000000
1954-02-04,270.890900,279.831421,0.000000
1954-02-05,272.075226,285.369843,0.000000
1954-02-06,273.798065,282.161407,0.000000
1954-02-07,268.605713,279.455444,0.000000
1954-02-08,274.299042,285.875183,0.000000
1954-02-09,277.787018,289.927734,0.000000
1954-02-10,282.257507,288.899139,6.184317
1954-02-11,281.066895,287.055237,3.922181
1954-02-12,277.798157,290.327850,0.000000
1954-02-13,278.576172,289.091034,0.387137
1954-02-14,276.805908,286.827301,0.000000
1954-02-15,275.652313,291.632629,0.000000
1954-02-16,278.321991,296.559418,0.000000
1954-02-17,280.054108,297.701233,0.000000
1954-02-18,283.144623,297.139099,0.000000
1954-02-19,286.302643,299.080078,0.597537
1954-02-20,286.272400,299.474548,0.000000
1954-02-21,284.660339,302.995422,0.000000
1954-02-22,287.263611,303.125793,0.000000
1954-02-23,287.853302,302.761292,0.000000
1954-02-24,289.187012,301.951538,2.681979
1954-02-25,284.749878,296.426788,15.212204
1954-02-26,281.095917,295.495758,0.000000
1954-02-27,282.287109,299.149933,0.000000
1954-02-28,286.117371,298.845093,1.909878
1954-03-01,282.796631,301.283539,1.083590
1954-03-02,284.539459,300.643677,0.000000
1954-03-03,280.447021,298.139557,0.000000
1954-03-04,280.924438,298.257904,0.000000
1954-03-05,282.907349,293.402863,0.000000
1954-03-06,280.941772,300.418243,0.000000
1954-03-07,284.859406,301.071686,0.000000
1954-03-08,287.026764,301.451172,0.000000
1954-03-09,287.697937,301.647339,0.000000
1954-03-10,287.207489,301.297211,0.000000
1954-03-11,288.885071,300.066223,0.000000
1954-03-12,288.339417,301.883667,0.000000
1954-03-13,288.722809,303.931091,0.000000
1954-03-14,288.911285,303.754456,0.000000
1954-03-15,290.612640,303.719727,0.000000
1954-03-16,286.794159,302.312073,0.000000
1954-03-17,291.472748,301.297638,0.000000
1954-03-18,284.131683,298.844513,0.000000
1954-03-19,283.407440,297.145966,1.136099
1954-03-20,277.965393,286.309021,8.669861
1954-03-21,273.883606,283.584473,0.000000
1954-03-22,273.758087,287.990845,0.000000
1954-03-23,281.852814,292.169861,3.347762
1954-03-24,276.836670,295.443573,0.288208
1954-03-25,283.529266,302.106140,0.000000
1954-03-26,287.968231,301.987549,0.000000
1954-03-27,280.577972,293.476654,0.000000
1954-03-28,279.210724,295.679077,0.000000
1954-03-29,282.691498,300.910492,0.000000
1954-03-30,287.497559,302.849182,0.000000
1954-03-31,283.410187,302.449585,0.000000
1954-04-01,280.098480,299.519440,0.000000
1954-04-02,284.129913,299.583649,0.000000
1954-04-03,281.358704,298.372650,0.000000
1954-04-04,283.376801,300.642609,0.000000
1954-04-05,285.181091,299.620911,0.000000
1954-04-06,288.659912,298.945618,0.000000
1954-04-07,290.371674,294.811310,1.212852
1954-04-08,289.516693,294.843475,0.857754
1954-04-09,290.746674,295.288422,0.886037
1954-04-10,289.558105,297.434662,0.514433
1954-04-11,290.078064,297.676239,0.000000
1954-04-12,289.349670,296.939484,0.894721
1954-04-13,280.767487,291.920959,0.000000
1954-04-14,279.051178,296.111664,0.000000
1954-04-15,281.072327,299.950012,0.000000
1954-04-16,284.980774,304.820648,0.000000
1954-04-17,288.072327,307.851227,0.000000
1954-04-18,291.769318,309.298615,0.000000
1954-04-19,293.927368,309.503143,0.000000
1954-04-20,294.332184,308.860809,0.000000
1954-04-21,290.695953,307.630402,0.000000
1954-04-22,290.287476,307.214325,0.000000
1954-04-23,291.776031,305.221191,0.000000
1954-04-24,292.579956,307.585754,0.000000
1954-04-25,293.140350,307.655151,0.000000
1954-04-26,292.393494,307.773376,0.000000
1954-04-27,293.462952,311.482574,0.000000
1954-04-28,294.218109,311.428955,0.000000
1954-04-29,294.822357,311.518646,0.000000
1954-04-30,295.011139,306.516205,0.000000
1954-05-01,291.070435,304.585510,0.000000
1954-05-02,293.011902,304.515594,0.000000
1954-05-03,292.753082,306.714630,0.000000
1954-05-04,291.838348,306.642517,0.000000
1954-05-05,293.431122,305.016815,0.709420
1954-05-06,294.236481,298.903381,0.283354
1954-05-07,292.579193,304.552612,0.000000
1954-05-08,293.602844,306.808777,0.000000
1954-05-09,295.135162,308.181580,0.473093
1954-05-10,294.469727,303.077820,26.577707
1954-05-11,293.652588,300.952972,56.483654
1954-05-12,293.525177,302.558655,14.812530
1954-05-13,292.621094,302.212433,8.136469
1954-05-14,294.002411,300.968262,0.627714
1954-05-15,294.754761,299.496796,6.224681
1954-05-16,292.842255,297.621582,25.575161
1954-05-17,293.283783,299.429047,1.656221
1954-05-18,293.417480,299.526642,0.700792
1954-05-19,294.496887,299.743561,0.000000
1954-05-20,294.463196,304.154541,0.000000
1954-05-21,292.168030,303.738159,0.000000
1954-05-22,287.418915,296.781372,0.000000
1954-05-23,287.666534,303.017426,0.000000
1954-05-24,291.340088,306.195251,0.000000
1954-05-25,293.350159,306.292236,0.000000
1954-05-26,294.680450,303.319916,6.205187
1954-05-27,294.870605,302.324615,0.000000
1954-05-28,295.065857,303.191956,0.000000
1954-05-29,295.168518,304.281036,0.000000
1954-05-30,293.853271,304.753998,0.000000
1954-05-31,292.194153,304.780151,0.000000
1954-06-01,293.231750,305.074615,0.000000
1954-06-02,293.725006,303.651215,0.000000
1954-06-03,296.210114,303.018585,0.000000
1954-06-04,295.942352,301.132355,49.049065
1954-06-05,295.393890,301.161591,9.997839
1954-06-06,295.303436,302.977570,4.056308
1954-06-07,294.054047,300.657684,32.950275
1954-06-08,292.812897,302.407776,1.220383
1954-06-09,294.300629,306.321716,0.000000
1954-06-10,295.421692,306.293396,0.000000
1954-06-11,293.788483,306.631134,0.000000
1954-06-12,293.900024,306.519165,1.541442
1954-06-13,294.734802,306.055145,0.000000
1954-06-14,294.757965,305.667419,0.000000
1954-06-15,294.893677,303.195435,0.877167
1954-06-16,294.337585,303.084564,1.035114
1954-06-17,295.124207,301.807922,5.555065
1954-06-18,296.759033,306.857758,2.766434
1954-06-19,295.913147,309.948364,0.000000
1954-06-20,297.059296,311.549377,1.692400
1954-06-21,297.543030,310.818207,0.000000
1954-06-22,298.003998,310.635559,0.000000
1954-06-23,298.129425,308.650452,0.000000
1954-06-24,297.701111,308.711304,0.000000
1954-06-25,297.582428,310.951263,0.000000
1954-06-26,298.126251,312.013763,0.000000
1954-06-27,298.228729,311.878632,0.000000
1954-06-28,297.287506,310.899841,0.000000
1954-06-29,296.628540,306.560883,3.410030
1954-06-30,295.586792,301.771301,8.081487
1954-07-01,295.047913,303.972595,0.944913
1954-07-02,296.292297,306.128998,0.000000
1954-07-03,296.236206,305.135101,3.568090
1954-07-04,296.343506,302.848053,3.136788
1954-07-05,295.799835,305.945312,0.603751
1954-07-06,295.059235,306.330017,4.762185
1954-07-07,295.374115,307.729797,12.699445
1954-07-08,296.669617,308.411743,0.000000
1954-07-09,297.917633,308.014832,0.000000
1954-07-10,297.608307,306.515656,0.000000
1954-07-11,297.194427,306.469574,5.952765
1954-07-12,296.431976,307.260834,0.000000
1954-07-13,295.563812,306.710754,0.000000
1954-07-14,296.693573,305.815033,0.000000
1954-07-15,296.628510,308.009186,0.000000
1954-07-16,296.550690,307.322052,0.000000
1954-07-17,295.743958,306.865967,0.000000
1954-07-18,296.303467,307.314056,0.000000
1954-07-19,296.409180,308.843842,0.000000
1954-07-20,297.221436,309.228973,0.000000
1954-07-21,297.111328,308.249390,0.000000
1954-07-22,296.553192,308.145233,0.000000
1954-07-23,296.076569,309.967773,0.000000
1954-07-24,298.694336,311.528107,0.000000
1954-07-25,296.562622,311.051971,0.000000
1954-07-26,297.122650,306.401276,0.000000
1954-07-27,297.365570,307.981415,0.000000
1954-07-28,296.886993,309.060730,0.000000
1954-07-29,297.026123,310.134735,0.000000
1954-07-30,297.319855,310.642029,0.000000
1954-07-31,295.714081,310.372650,0.280950
1954-08-01,297.849945,311.732330,0.000000
1954-08-02,299.939087,312.880310,0.000000
1954-08-03,299.165649,313.024292,0.000000
1954-08-04,298.675385,311.846466,0.295821
1954-08-05,298.458832,310.306946,0.000000
1954-08-06,297.369568,310.601044,0.000000
1954-08-07,296.815704,310.512939,0.000000
1954-08-08,297.862244,310.309265,0.000000
1954-08-09,298.714233,310.841309,0.286792
1954-08-10,298.662292,311.514984,0.000000
1954-08-11,298.343353,310.898224,0.000000
1954-08-12,297.482697,310.790771,0.000000
1954-08-13,296.090881,309.517944,0.000000
1954-08-14,296.692078,310.974060,0.000000
1954-08-15,298.667572,311.826904,0.000000
1954-08-16,298.904602,311.696930,0.000000
1954-08-17,297.098267,310.870178,0.000000
1954-08-18,297.161591,310.215668,0.000000
1954-08-19,297.930878,310.287140,0.000000
1954-08-20,297.321594,310.975922,0.000000
1954-08-21,298.896332,311.912750,0.000000
1954-08-22,299.318390,312.954376,0.000000
1954-08-23,299.480164,311.968323,0.000000
1954-08-24,299.665985,312.700165,0.000000
1954-08-25,299.169403,312.123474,0.000000
1954-08-26,296.614594,310.369141,0.000000
1954-08-27,296.229523,307.549561,0.000000
1954-08-28,296.346130,306.860474,0.000000
1954-08-29,295.384369,306.310059,0.000000
1954-08-30,293.874420,304.380585,39.442757
1954-08-31,295.210388,303.625977,12.046193
1954-09-01,296.061493,304.854889,7.213114
1954-09-02,296.220673,304.221191,1.335023
1954-09-03,296.250580,305.972626,0.000000
1954-09-04,294.809143,306.524841,0.000000
1954-09-05,292.994568,306.352661,7.573677
1954-09-06,296.212341,305.551727,52.779156
1954-09-07,295.657654,302.295624,26.224438
1954-09-08,294.638611,302.921204,1.118896
1954-09-09,293.016693,303.607513,0.000000
1954-09-10,291.782562,303.636658,0.000000
1954-09-11,292.360596,305.250458,0.000000
1954-09-12,294.413940,307.830811,0.000000
1954-09-13,296.855774,309.695648,0.000000
1954-09-14,298.027313,311.495697,0.000000
1954-09-15,297.364441,313.231995,0.000000
1954-09-16,297.162598,312.236908,0.000000
1954-09-17,296.655365,310.508820,0.000000
1954-09-18,296.351044,309.666382,0.000000
1954-09-19,296.273468,309.109772,0.000000
1954-09-20,295.726135,307.560333,0.000000
1954-09-21,296.699554,307.556793,0.000000
1954-09-22,295.822998,308.279694,0.000000
1954-09-23,295.466827,307.551666,0.000000
1954-09-24,295.621552,306.224304,0.394253
1954-09-25,295.506897,308.355408,0.000000
1954-09-26,296.569092,308.947968,0.000000
1954-09-27,295.907837,308.582184,0.000000
1954-09-28,297.298798,308.387512,0.000000
1954-09-29,295.725677,307.042358,0.000000
1954-09-30,291.212982,306.885834,0.000000
1954-10-01,292.858948,306.189880,0.000000
1954-10-02,293.431335,304.971924,0.000000
1954-10-03,293.781647,303.476349,0.000000
1954-10-04,291.387878,304.251099,0.000000
1954-10-05,290.691040,305.552460,0.000000
1954-10-06,292.763916,305.332916,0.000000
1954-10-07,292.462067,303.534180,11.742946
1954-10-08,292.598541,299.209076,32.489376
1954-10-09,292.745636,294.610229,2.122998
1954-10-10,290.853271,298.000092,31.001209
1954-10-11,290.282471,295.590393,8.668881
1954-10-12,289.412537,298.166046,1.157433
1954-10-13,290.515564,296.301605,4.591256
1954-10-14,289.567596,295.945770,5.164216
1954-10-15,291.985382,298.156097,1.501430
1954-10-16,290.903351,299.762604,0.000000
1954-10-17,289.647461,302.827515,0.000000
1954-10-18,289.225067,304.706055,0.000000
1954-10-19,290.624237,305.330078,0.000000
1954-10-20,290.277802,304.535614,0.000000
1954-10-21,290.742493,303.597565,0.000000
1954-10-22,290.823517,303.718079,0.000000
1954-10-23,290.628113,303.511536,0.000000
1954-10-24,283.802307,296.715332,0.000000
1954-10-25,284.068268,293.579559,0.000000
1954-10-26,280.940704,298.009186,0.000000
1954-10-27,285.908569,306.001984,0.000000
1954-10-28,291.685944,305.917419,0.000000
1954-10-29,288.561554,303.910126,1.125891
1954-10-30,281.575348,296.132141,0.000000
1954-10-31,283.682556,302.253479,0.000000
1954-11-01,287.441986,301.425110,0.000000
1954-11-02,279.396393,291.632202,0.000000
1954-11-03,277.132935,293.599792,0.000000
1954-11-04,280.939728,295.767670,0.000000
1954-11-05,283.536865,297.614594,0.000000
1954-11-06,285.436981,298.995483,0.000000
1954-11-07,288.306061,300.846802,0.000000
1954-11-08,290.131897,299.527100,5.092175
1954-11-09,285.972504,295.139252,4.346666
1954-11-10,276.614044,290.191010,0.000000
1954-11-11,273.467743,289.678284,0.000000
1954-11-12,277.477875,296.702820,0.347451
1954-11-13,281.409973,299.930908,0.000000
1954-11-14,283.211121,301.135010,0.000000
1954-11-15,285.609833,300.221710,0.000000
1954-11-16,282.951782,294.736664,0.000000
1954-11-17,280.030579,294.936676,0.000000
1954-11-18,279.463654,293.796783,0.000000
1954-11-19,282.944824,293.061279,11.213419
1954-11-20,276.540924,289.004974,0.000000
1954-11-21,278.979584,295.191345,0.000000
1954-11-22,278.753235,294.172577,0.000000
1954-11-23,280.590240,297.473022,0.000000
1954-11-24,283.751953,295.718262,0.000000
1954-11-25,281.394897,297.380676,0.000000
1954-11-26,287.990570,298.564026,0.000000
1954-11-27,280.393829,299.726746,0.887028
1954-11-28,273.483612,287.453003,0.000000
1954-11-29,274.130829,294.378571,0.000000
1954-11-30,278.702942,293.168060,0.000000
1954-12-01,276.120148,295.216217,0.000000
1954-12-02,280.824860,293.939240,0.000000
1954-12-03,287.220001,298.650513,4.961467
1954-12-04,287.493622,297.796936,0.000000
1954-12-05,289.608307,298.862030,1.444063
1954-12-06,288.213165,298.760406,0.552357
1954-12-07,285.613922,297.308899,2.907880
1954-12-08,271.114624,298.263916,2.468598
1954-12-09,272.259399,282.153290,5.237736
1954-12-10,271.235565,284.277496,3.737997
1954-12-11,268.494202,279.102234,0.000000
1954-12-12,270.286804,284.743408,0.000000
1954-12-13,273.418915,289.771027,0.000000
1954-12-14,277.121307,292.297394,0.000000
1954-12-15,278.562927,293.356354,0.000000
1954-12-16,281.257629,293.001099,0.000000
1954-12-17,282.483887,292.555786,0.000000
1954-12-18,283.622833,291.597717,0.000000
1954-12-19,284.894470,291.269562,0.000000
1954-12-20,285.464294,295.295532,0.000000
1954-12-21,288.314819,295.202698,0.404744
1954-12-22,288.992310,298.130707,0.529500
1954-12-23,287.340881,296.928680,0.000000
1954-12-24,289.012024,296.135559,0.000000
1954-12-25,285.609314,295.473724,3.541216
1954-12-26,287.456146,297.211853,3.192767
1954-12-27,286.657074,296.726166,1.604370
1954-12-28,283.205109,290.007904,1.104433
1954-12-29,278.928314,292.709137,0.000000
1954-12-30,280.635620,293.609528,0.000000
1954-12-31,285.225159,292.956390,0.000000
1955-01-01,285.473907,294.461670,0.000000
1955-01-02,281.566437,297.129517,0.000000
1955-01-03,282.203918,296.909393,0.000000
1955-01-04,283.301514,300.463226,0.000000
1955-01-05,283.109924,303.187988,0.000000
1955-01-06,283.831879,303.240051,0.000000
1955-01-07,288.597778,301.056519,0.000000
1955-01-08,288.944855,301.962433,0.000000
1955-01-09,286.212799,300.654907,0.000000
1955-01-10,283.964966,297.065155,0.663508
1955-01-11,276.780731,293.898712,0.000000
1955-01-12,272.982147,286.163818,0.000000
1955-01-13,272.632019,289.385895,0.000000
1955-01-14,273.784363,291.860535,0.000000
1955-01-15,275.944336,293.124817,0.000000
1955-01-16,279.610016,291.507202,2.455855
1955-01-17,275.129730,289.536255,6.957202
1955-01-18,271.704102,282.154541,0.000000
1955-01-19,270.593536,285.522461,0.000000
1955-01-20,272.288147,285.213531,0.000000
1955-01-21,272.806671,287.557556,0.000000
1955-01-22,281.092316,287.587280,20.206705
1955-01-23,277.281830,284.608154,4.945464
1955-01-24,277.832001,285.633179,0.000000
1955-01-25,281.600372,294.003052,0.000000
1955-01-26,283.748718,294.479828,0.605613
1955-01-27,283.595581,292.132294,0.615247
1955-01-28,279.471619,290.807770,0.000000
1955-01-29,267.590607,289.542572,5.212421
1955-01-30,265.632812,274.788544,0.000000
1955-01-31,266.133728,277.731537,0.000000
1955-02-01,273.867188,286.367035,0.380467
1955-02-02,277.438965,288.688995,2.054592
1955-02-03,281.090088,288.792603,2.572085
1955-02-04,276.576080,286.310028,0.000000
1955-02-05,274.835114,282.962799,0.000000
1955-02-06,274.285339,284.196808,0.482141
1955-02-07,275.264038,289.062744,0.000000
1955-02-08,279.974121,292.093079,0.000000
1955-02-09,276.196808,291.231659,0.000000
1955-02-10,279.766357,300.724792,0.000000
1955-02-11,283.463348,299.557892,0.000000
1955-02-12,285.269531,293.184998,0.000000
1955-02-13,286.657227,293.599335,2.482640
1955-02-14,280.068909,292.721497,2.343411
1955-02-15,282.660370,293.251373,0.886538
1955-02-16,286.572296,292.022858,8.151358
1955-02-17,287.629883,295.840057,10.526384
1955-02-18,286.143890,294.016357,13.697692
1955-02-19,281.590088,295.975342,0.000000
1955-02-20,278.799805,288.366089,0.825544
1955-02-21,278.750580,285.785614,0.729536
1955-02-22,281.307312,287.826721,7.435393
1955-02-23,284.651428,293.259369,12.101071
1955-02-24,279.697571,291.494232,0.000000
1955-02-25,277.563232,291.335968,0.000000
1955-02-26,281.156769,294.106964,0.000000
1955-02-27,288.580627,295.761353,5.958292
1955-02-28,277.019470,295.583893,3.521973
1955-03-01,270.753357,283.029297,0.000000
1955-03-02,268.200043,278.339325,0.000000
1955-03-03,274.258698,286.007904,0.000000
1955-03-04,272.031067,283.695465,1.014380
1955-03-05,268.793549,282.080353,3.398196
1955-03-06,280.837738,288.410004,9.867245
1955-03-07,283.581055,292.975006,12.639518
1955-03-08,281.687317,293.243500,0.000000
1955-03-09,283.455383,292.582764,0.524918
1955-03-10,283.779724,296.055267,3.517437
1955-03-11,277.524780,294.414093,0.000000
1955-03-12,275.625916,286.958984,0.000000
1955-03-13,274.292572,283.953217,0.000000
1955-03-14,270.274719,289.966736,0.000000
1955-03-15,276.232941,293.222687,0.000000
1955-03-16,279.000824,293.250488,0.000000
1955-03-17,281.808228,292.987396,0.000000
1955-03-18,286.177673,293.094879,1.481498
1955-03-19,289.401917,298.351044,16.956083
1955-03-20,282.645691,296.417175,0.446152
1955-03-21,284.544220,297.382141,0.000000
1955-03-22,288.038452,296.193176,7.513740
1955-03-23,289.090820,296.407867,1.366280
1955-03-24,282.906097,298.668213,0.000000
1955-03-25,286.310638,298.496552,0.317469
1955-03-26,284.796417,297.837982,0.000000
1955-03-27,283.281006,297.581329,0.000000
1955-03-28,282.657745,293.864136,0.000000
1955-03-29,283.128235,292.256073,0.609447
1955-03-30,287.225739,300.240570,0.963406
1955-03-31,287.308075,298.746521,0.000000
1955-04-01,288.679413,295.714050,0.000000
1955-04-02,289.932312,295.175781,0.993747
1955-04-03,290.869263,297.376862,1.924533
1955-04-04,283.067444,300.820312,0.285581
1955-04-05,286.582245,300.467255,0.000000
1955-04-06,290.756165,303.576141,2.234981
1955-04-07,286.690552,303.543030,0.000000
1955-04-08,282.042023,294.708862,0.000000
1955-04-09,279.146362,295.692017,0.000000
1955-04-10,283.580902,297.457123,0.000000
1955-04-11,287.447388,298.354156,0.000000
1955-04-12,282.241119,298.113220,1.829602
1955-04-13,278.492584,286.159027,10.494845
1955-04-14,279.209656,290.039368,0.000000
1955-04-15,284.488922,291.176758,0.000000
1955-04-16,289.439026,293.867035,0.441058
1955-04-17,290.882019,296.599609,0.770108
1955-04-18,287.595917,292.300629,1.634624
1955-04-19,285.622253,296.070160,0.000000
1955-04-20,283.804108,299.404602,0.000000
1955-04-21,284.467102,301.858063,0.000000
1955-04-22,285.227386,302.928253,0.000000
1955-04-23,286.019806,303.811829,0.000000
1955-04-24,287.664001,304.771881,0.000000
1955-04-25,288.461761,304.767578,0.000000
1955-04-26,288.890747,304.508789,0.000000
1955-04-27,291.871124,303.274353,0.000000
1955-04-28,293.392944,298.367279,3.979924
1955-04-29,292.391724,298.547638,15.231082
1955-04-30,291.766052,299.542450,0.000000
1955-05-01,289.150909,301.476776,0.000000
1955-05-02,288.911072,302.223175,0.000000
1955-05-03,290.191650,301.901825,0.000000
1955-05-04,292.711243,302.922119,0.000000
1955-05-05,294.132446,304.861908,0.000000
1955-05-06,293.158691,304.286469,8.814309
1955-05-07,289.461914,304.297211,5.044757
1955-05-08,289.026886,305.317139,0.000000
1955-05-09,291.517059,304.007965,8.192172
1955-05-10,294.069000,298.247467,24.760855
1955-05-11,293.951691,299.237854,0.000000
1955-05-12,294.482300,304.688354,2.148648
1955-05-13,295.054077,304.839142,9.195839
1955-05-14,293.267395,300.557648,0.000000
1955-05-15,293.608276,301.038177,0.000000
1955-05-16,293.261505,299.898102,16.789337
1955-05-17,294.829102,302.139648,0.000000
1955-05-18,293.066284,305.116974,0.000000
1955-05-19,294.282257,305.237091,0.594962
1955-05-20,290.778473,297.520020,62.315544
1955-05-21,287.270355,296.938446,15.780446
1955-05-22,284.925446,299.627991,0.000000
1955-05-23,286.896576,302.333282,0.000000
1955-05-24,287.207336,303.449799,0.000000
1955-05-25,289.078125,305.969543,0.000000
1955-05-26,291.661133,307.226227,0.000000
1955-05-27,292.205139,308.166351,0.000000
1955-05-28,291.940552,307.759064,0.000000
1955-05-29,292.096558,307.418701,0.000000
1955-05-30,294.934479,305.181580,0.000000
1955-05-31,295.422394,302.670532,10.034533
1955-06-01,295.062988,306.764160,2.275030
1955-06-02,290.957489,305.271606,39.220150
1955-06-03,286.481476,304.352417,0.000000
1955-06-04,289.126831,306.972656,0.000000
1955-06-05,291.306641,306.724365,20.643873
1955-06-06,295.139221,297.761444,75.373466
1955-06-07,296.074615,301.378357,12.675790
1955-06-08,294.039246,302.832367,0.912886
1955-06-09,293.379669,303.732178,0.000000
1955-06-10,292.711395,305.390564,0.000000
1955-06-11,292.633911,306.777740,0.000000
1955-06-12,294.840485,308.470398,0.000000
1955-06-13,294.236694,308.634888,0.000000
1955-06-14,294.750916,307.927948,2.332807
1955-06-15,295.243042,306.413879,9.548493
1955-06-16,295.755249,305.359253,0.419651
1955-06-17,294.507507,305.441956,0.409575
1955-06-18,294.631531,304.044250,0.000000
1955-06-19,294.102692,306.128571,0.000000
1955-06-20,295.048096,307.620880,0.000000
1955-06-21,293.891693,307.874969,0.000000
1955-06-22,295.049072,307.475647,0.000000
1955-06-23,294.540192,307.617554,0.000000
1955-06-24,294.933929,307.447540,0.000000
1955-06-25,296.243011,309.706726,0.000000
1955-06-26,296.691925,310.626038,0.000000
1955-06-27,297.450195,310.370422,0.000000
1955-06-28,296.062775,309.999603,0.000000
1955-06-29,296.861328,307.681183,0.000000
1955-06-30,295.484558,304.764526,0.000000
1955-07-01,295.424103,305.322754,3.527184
1955-07-02,295.660645,305.610657,3.431078
1955-07-03,295.518433,305.117798,0.734501
1955-07-04,295.664520,302.954315,22.484283
1955-07-05,295.963562,302.825714,6.716862
1955-07-06,295.670959,302.681274,7.374408
1955-07-07,296.544495,300.320862,29.912289
1955-07-08,293.957336,302.961090,9.005030
1955-07-09,292.465607,307.245544,0.000000
1955-07-10,294.413788,306.636993,0.000000
1955-07-11,294.872772,307.489929,0.000000
1955-07-12,295.723663,307.896851,0.000000
1955-07-13,295.787933,309.403564,0.000000
1955-07-14,295.496277,308.179962,19.150600
1955-07-15,295.101685,308.141357,0.881080
1955-07-16,295.476685,308.105621,0.000000
1955-07-17,296.016327,307.600037,0.000000
1955-07-18,295.924591,307.319611,0.000000
1955-07-19,296.465149,307.630066,0.000000
1955-07-20,297.181976,306.726410,3.753362
1955-07-21,296.389282,307.424957,0.000000
1955-07-22,297.349426,307.296844,0.000000
1955-07-23,296.886902,303.629761,0.979054
1955-07-24,296.751434,310.485992,5.192167
1955-07-25,296.496643,309.917053,0.000000
1955-07-26,295.824402,309.879303,0.000000
1955-07-27,294.716217,309.070862,0.000000
1955-07-28,295.454498,310.258545,0.000000
1955-07-29,296.034210,310.976868,0.000000
1955-07-30,300.108978,313.323120,0.000000
1955-07-31,299.355927,312.653870,0.856946
1955-08-01,298.466125,311.325562,4.072162
1955-08-02,297.392242,309.453796,0.000000
1955-08-03,297.891968,310.165649,0.000000
1955-08-04,297.547455,310.062164,0.000000
1955-08-05,296.681488,310.106201,0.000000
1955-08-06,295.585419,308.872101,0.283075
1955-08-07,295.102966,306.553070,5.847656
1955-08-08,296.934174,305.353424,18.810070
1955-08-09,297.014526,307.482971,4.200452
1955-08-10,295.881073,307.713654,2.801702
1955-08-11,295.007477,307.159851,5.150011
1955-08-12,294.352661,304.885803,0.000000
1955-08-13,294.837341,306.953827,0.781514
1955-08-14,294.893951,306.411865,0.447618
1955-08-15,295.016785,305.366577,7.424623
1955-08-16,295.071014,305.248474,0.993983
1955-08-17,295.760254,304.573486,0.434890
1955-08-18,295.664246,307.826019,0.000000
1955-08-19,294.572052,306.945618,0.289937
1955-08-20,292.813324,307.843292,0.000000
1955-08-21,295.586090,308.019806,0.000000
1955-08-22,294.712952,308.226807,0.000000
1955-08-23,294.838226,310.100616,0.000000
1955-08-24,294.449707,310.881500,0.000000
1955-08-25,295.728577,311.323303,0.000000
1955-08-26,297.550720,311.295990,0.000000
1955-08-27,298.915283,310.684753,0.000000
1955-08-28,298.113525,307.648315,0.000000
1955-08-29,291.381226,307.668732,0.000000
1955-08-30,294.272034,309.597595,0.000000
1955-08-31,295.241180,309.314362,0.000000
1955-09-01,294.792633,308.989136,1.994028
1955-09-02,295.360413,306.474518,17.423130
1955-09-03,294.605469,304.323486,19.655689
1955-09-04,289.266724,299.866364,62.841675
1955-09-05,294.086090,300.795929,6.801476
1955-09-06,294.375641,302.207184,2.820686
1955-09-07,295.049774,302.261414,0.737864
1955-09-08,294.833832,303.321228,1.330898
1955-09-09,293.689209,303.248779,1.720847
1955-09-10,293.841125,302.328735,8.598843
1955-09-11,293.565460,301.892273,12.769458
1955-09-12,291.886902,295.986816,43.482731
1955-09-13,293.922333,302.751801,0.000000
1955-09-14,292.610474,303.375458,0.000000
1955-09-15,292.975769,303.850159,0.000000
1955-09-16,292.794220,305.389526,0.000000
1955-09-17,291.758118,305.148926,0.000000
1955-09-18,290.676208,304.134308,0.000000
1955-09-19,290.535553,304.848969,0.000000
1955-09-20,291.445435,305.851562,0.000000
1955-09-21,292.084839,307.602173,0.000000
1955-09-22,293.882233,307.839111,0.000000
1955-09-23,291.985657,308.348389,0.000000
1955-09-24,291.764160,307.483032,0.000000
1955-09-25,291.833679,306.163055,0.000000
1955-09-26,294.186981,306.351807,0.000000
1955-09-27,294.499084,305.603241,2.994777
1955-09-28,289.311859,302.793274,0.000000
1955-09-29,287.562653,302.924988,0.000000
1955-09-30,288.297852,305.308655,0.000000
1955-10-01,289.041443,304.780884,0.000000
1955-10-02,290.939667,304.170349,0.000000
1955-10-03,290.739899,304.262726,0.000000
1955-10-04,290.892883,304.378235,0.000000
1955-10-05,290.726593,304.434509,0.000000
1955-10-06,289.438599,304.703339,0.000000
1955-10-07,290.942688,303.759644,0.297835
1955-10-08,290.527618,302.331299,4.158353
1955-10-09,286.606720,300.075806,1.784002
1955-10-10,287.064697,302.669983,0.000000
1955-10-11,287.007568,302.674225,0.000000
1955-10-12,286.320251,303.454559,0.000000
1955-10-13,287.229218,305.153961,0.427570
1955-10-14,288.412292,306.488037,0.000000
1955-10-15,290.892914,306.291534,0.000000
1955-10-16,290.916351,305.009338,0.000000
1955-10-17,293.881104,303.023926,0.000000
1955-10-18,292.431610,303.014648,1.067898
1955-10-19,291.935944,304.988922,0.000000
1955-10-20,292.148895,305.172241,0.000000
1955-10-21,293.792450,305.864319,0.000000
1955-10-22,292.270111,306.273163,0.000000
1955-10-23,290.727905,306.171722,0.000000
1955-10-24,284.803894,305.850830,0.000000
1955-10-25,278.700226,293.893494,0.000000
1955-10-26,283.481781,300.481506,0.000000
1955-10-27,286.405609,302.871552,0.000000
1955-10-28,288.701355,304.987305,0.000000
1955-10-29,289.675598,304.272156,0.000000
1955-10-30,290.693878,303.919647,0.000000
1955-10-31,290.628418,303.542236,0.000000
1955-11-01,286.722717,302.247314,0.000000
1955-11-02,284.707092,299.229431,0.000000
1955-11-03,286.888885,302.261322,0.000000
1955-11-04,290.374969,301.529266,0.000000
1955-11-05,287.778076,300.308350,0.000000
1955-11-06,288.003143,301.139008,0.756968
1955-11-07,289.443604,300.863220,0.000000
1955-11-08,288.735443,300.850250,0.000000
1955-11-09,288.328522,301.884399,0.000000
1955-11-10,289.807220,302.007782,0.472641
1955-11-11,290.325928,304.773285,0.000000
1955-11-12,281.653778,298.072998,1.902604
1955-11-13,281.621002,291.762482,2.714411
1955-11-14,277.493561,291.759186,0.000000
1955-11-15,276.073608,293.889374,0.000000
1955-11-16,281.679230,293.427185,0.000000
1955-11-17,281.025848,291.254761,1.167249
1955-11-18,280.004669,283.536591,10.760719
1955-11-19,281.398071,286.062805,30.128990
1955-11-20,282.158386,288.696930,4.261745
1955-11-21,276.425262,287.257812,0.000000
1955-11-22,275.205658,286.798431,0.000000
1955-11-23,274.667511,289.440491,0.000000
1955-11-24,275.733246,291.814911,0.000000
1955-11-25,278.272003,295.744232,0.000000
1955-11-26,280.840240,297.903625,0.768799
1955-11-27,285.778503,298.557159,0.000000
1955-11-28,287.206726,298.259583,0.000000
1955-11-29,286.463013,294.371429,0.280962
1955-11-30,287.211212,295.049103,0.000000
1955-12-01,286.201233,291.959473,0.000000
1955-12-02,285.497467,291.606171,0.000000
1955-12-03,283.778534,290.667969,0.000000
1955-12-04,282.988770,289.599915,0.000000
1955-12-05,283.030792,290.651031,0.000000
1955-12-06,282.107513,290.543488,0.000000
1955-12-07,278.826355,287.642883,0.000000
1955-12-08,276.147217,292.015991,0.000000
1955-12-09,277.485535,291.849731,0.000000
1955-12-10,281.631500,290.465637,0.000000
1955-12-11,280.748901,288.910736,0.000000
1955-12-12,279.310883,289.397766,0.000000
1955-12-13,280.541718,289.656342,0.383105
1955-12-14,276.495972,291.138550,0.000000
1955-12-15,279.483948,294.658112,0.000000
1955-12-16,283.012756,292.886383,0.000000
1955-12-17,284.868103,292.538055,1.280113
1955-12-18,276.302155,290.883423,0.000000
1955-12-19,274.956696,289.518311,0.000000
1955-12-20,278.068726,288.832672,0.375192
1955-12-21,280.356781,286.965546,0.000000
1955-12-22,282.111755,292.179382,1.919701
1955-12-23,286.394501,296.429779,7.345741
1955-12-24,284.859894,295.861267,0.740466
1955-12-25,275.763733,288.445251,0.395537
1955-12-26,272.122803,283.234924,0.000000
1955-12-27,270.914124,286.668579,0.000000
1955-12-28,274.427246,290.011108,0.000000
1955-12-29,276.783447,293.885925,0.000000
1955-12-30,287.037292,299.871307,0.000000
1955-12-31,287.731506,300.468964,0.000000
1956-01-01,287.455902,299.222168,0.000000
1956-01-02,286.183044,295.940430,1.053999
1956-01-03,282.255859,293.891479,1.942665
1956-01-04,283.541962,297.090485,0.000000
1956-01-05,284.767700,295.696411,0.000000
1956-01-06,280.630493,294.015717,0.000000
1956-01-07,277.324646,293.299042,0.000000
1956-01-08,279.941223,294.726410,0.000000
1956-01-09,280.345123,293.528107,0.000000
1956-01-10,277.993561,291.669067,0.000000
1956-01-11,278.494659,293.172668,0.000000
1956-01-12,277.635437,294.572876,0.000000
1956-01-13,278.485413,293.867310,0.000000
1956-01-14,279.968018,292.916656,0.000000
1956-01-15,279.225494,291.989655,0.000000
1956-01-16,276.876526,290.506989,0.000000
1956-01-17,278.477570,290.973572,0.000000
1956-01-18,275.643585,289.547333,0.000000
1956-01-19,275.323242,292.186096,0.000000
1956-01-20,278.368439,294.927765,0.000000
1956-01-21,280.898071,298.181580,0.000000
1956-01-22,282.573242,299.403809,0.000000
1956-01-23,282.305664,299.136780,0.000000
1956-01-24,282.448364,299.713654,0.000000
1956-01-25,285.584473,298.799072,0.303502
1956-01-26,284.537323,297.858673,1.176964
1956-01-27,281.583923,297.408081,0.000000
1956-01-28,282.997009,297.495667,0.000000
1956-01-29,283.062866,297.630188,0.000000
1956-01-30,281.004974,297.246490,0.000000
1956-01-31,283.432861,299.561554,0.000000
1956-02-01,286.771057,298.216461,8.373353
1956-02-02,284.445770,293.298553,9.238390
1956-02-03,283.343231,295.811066,0.000000
1956-02-04,285.108490,296.135559,0.000000
1956-02-05,280.067535,295.648560,0.000000
1956-02-06,279.305054,287.156128,2.524205
1956-02-07,278.250397,283.012817,3.431304
1956-02-08,276.219086,283.065002,0.000000
1956-02-09,275.685547,281.773224,0.000000
1956-02-10,274.720886,287.820801,0.000000
1956-02-11,277.675629,296.049866,0.000000
1956-02-12,278.493011,295.193481,0.000000
1956-02-13,279.700836,291.615082,0.000000
1956-02-14,277.619659,290.638123,0.000000
1956-02-15,279.374115,290.555511,1.224890
1956-02-16,278.839569,289.685699,0.890997
1956-02-17,280.246429,291.721405,0.000000
1956-02-18,278.249390,292.968018,0.000000
1956-02-19,280.417114,295.631866,0.000000
1956-02-20,283.217407,296.054199,0.000000
1956-02-21,279.514862,295.710754,0.000000
1956-02-22,283.693909,295.747467,0.000000
1956-02-23,280.208405,294.876465,0.000000
1956-02-24,282.308624,294.306488,1.638791
1956-02-25,280.805115,289.101227,4.173569
1956-02-26,280.587402,286.753540,1.406536
1956-02-27,282.627045,292.585999,1.716240
1956-02-28,286.745056,293.693146,17.490019
1956-02-29,284.622986,293.598633,9.612876
1956-03-01,282.500946,293.504089,1.735733
1956-03-02,283.547211,298.386353,0.000000
1956-03-03,285.843536,298.959991,0.396352
1956-03-04,286.571106,297.634857,2.714285
1956-03-05,284.657440,293.440948,0.388904
1956-03-06,287.415314,294.612762,11.822115
1956-03-07,281.350311,294.727112,0.000000
1956-03-08,282.148468,294.874176,0.000000
1956-03-09,284.522949,293.905212,36.734634
1956-03-10,279.732452,283.032196,4.260556
1956-03-11,274.803070,286.729034,0.382367
1956-03-12,283.616974,291.821259,44.786926
1956-03-13,279.815063,290.225739,1.060789
1956-03-14,280.938171,297.620605,0.000000
1956-03-15,288.111511,295.873535,6.211240
1956-03-16,285.344452,292.265289,0.000000
1956-03-17,283.542450,288.604126,0.000000
1956-03-18,279.569397,287.099792,2.562571
1956-03-19,281.157471,288.166962,3.209675
1956-03-20,284.174194,296.789734,0.000000
1956-03-21,285.654053,295.598572,0.719251
1956-03-22,280.126434,291.906525,0.000000
1956-03-23,279.918427,294.854370,0.000000
1956-03-24,279.486725,298.768799,0.000000
1956-03-25,286.786377,298.493378,3.101880
1956-03-26,287.654907,293.832977,6.320045
1956-03-27,279.446228,287.489197,2.547161
1956-03-28,281.196777,288.230255,3.411486
1956-03-29,278.829620,290.284546,0.000000
1956-03-30,278.886932,294.587402,0.000000
1956-03-31,281.535553,297.773102,0.000000
1956-04-01,281.352783,298.907867,0.000000
1956-04-02,282.687592,299.186981,0.000000
1956-04-03,286.813690,298.961914,0.000000
1956-04-04,288.725708,298.883392,0.000000
1956-04-05,289.288116,302.201813,1.658544
1956-04-06,283.020538,301.716949,0.000000
1956-04-07,284.521362,293.837433,0.360830
1956-04-08,287.379517,296.111969,0.000000
1956-04-09,285.771973,305.512695,0.000000
1956-04-10,287.917297,307.480499,0.000000
1956-04-11,290.961365,307.219116,0.000000
1956-04-12,287.510651,299.506073,0.000000
1956-04-13,287.193970,298.521545,0.000000
1956-04-14,283.123993,296.418915,0.000000
1956-04-15,286.357605,300.506409,0.000000
1956-04-16,290.283203,300.837769,0.000000
1956-04-17,292.015442,299.876495,10.520884
1956-04-18,286.142944,301.294098,5.085658
1956-04-19,279.652771,297.574310,0.000000
1956-04-20,285.538666,300.798553,0.000000
1956-04-21,289.486420,300.548492,0.000000
1956-04-22,290.671906,297.290070,19.680759
1956-04-23,292.368500,299.104645,30.930582
1956-04-24,285.561798,301.268158,14.555561
1956-04-25,284.071899,302.917847,0.000000
1956-04-26,287.447205,305.194275,0.000000
1956-04-27,289.540924,306.872467,0.000000
1956-04-28,290.187164,306.032379,0.000000
1956-04-29,290.489746,301.984131,0.000000
1956-04-30,288.958221,303.808014,0.000000
1956-05-01,289.490417,306.898102,0.000000
1956-05-02,289.028534,307.420380,0.000000
1956-05-03,291.484161,306.664520,0.000000
1956-05-04,291.010010,305.342529,0.000000
1956-05-05,291.748840,304.328583,0.000000
1956-05-06,288.008636,306.376007,0.000000
1956-05-07,292.947693,307.311066,0.000000
1956-05-08,292.893311,306.088409,0.000000
1956-05-09,293.187378,304.006805,0.000000
1956-05-10,294.587128,303.754517,4.369327
1956-05-11,295.247345,301.527771,0.000000
1956-05-12,295.447540,300.998413,6.758075
1956-05-13,293.780457,305.976410,1.888983
1956-05-14,294.767029,305.419556,3.089710
1956-05-15,294.569672,304.539917,11.536440
1956-05-16,294.459625,305.347412,2.573825
1956-05-17,294.688049,305.134003,0.000000
1956-05-18,293.572449,301.903015,10.189589
1956-05-19,291.775787,301.905792,1.896203
1956-05-20,290.291260,302.193756,0.000000
1956-05-21,291.200775,300.743866,0.000000
1956-05-22,292.488007,299.233948,10.314847
1956-05-23,292.948334,302.966248,9.601333
1956-05-24,291.372681,302.784454,4.525687
1956-05-25,292.385773,306.357452,0.000000
1956-05-26,293.056854,306.311829,0.000000
1956-05-27,296.405823,306.216522,13.670453
1956-05-28,293.730347,301.705383,5.656407
1956-05-29,293.081543,304.306244,0.000000
1956-05-30,291.946289,305.113647,0.000000
1956-05-31,291.568726,304.679962,0.000000
1956-06-01,291.599792,304.499786,0.000000
1956-06-02,295.197937,304.495148,4.103600
1956-06-03,293.420410,305.417053,0.000000
1956-06-04,292.340118,305.662201,0.000000
1956-06-05,293.771637,305.684570,0.000000
1956-06-06,295.500305,304.510193,4.430603
1956-06-07,295.861053,307.371002,2.632406
1956-06-08,296.810303,308.437469,10.521525
1956-06-09,296.602264,308.310883,2.018460
1956-06-10,297.194611,309.462616,5.682087
1956-06-11,294.981842,309.584045,2.503567
1956-06-12,294.536530,310.610840,0.000000
1956-06-13,297.554352,310.604034,0.000000
1956-06-14,296.803375,309.704620,0.000000
1956-06-15,296.614075,308.596069,0.000000
1956-06-16,296.921356,308.454041,6.126414
1956-06-17,297.829468,309.060089,1.301686
1956-06-18,297.386780,308.625336,1.387974
1956-06-19,296.870575,309.681732,0.412123
1956-06-20,295.693298,309.503204,0.927111
1956-06-21,295.139221,309.041046,0.000000
1956-06-22,294.659546,307.182159,0.000000
1956-06-23,295.421692,302.974640,1.066319
1956-06-24,296.185638,303.747864,5.218719
1956-06-25,296.085388,303.905182,8.921537
1956-06-26,297.053558,307.542053,0.000000
1956-06-27,295.726593,307.411407,0.000000
1956-06-28,295.616882,307.212708,0.000000
1956-06-29,296.793884,307.972595,0.000000
1956-06-30,296.773712,307.263428,0.000000
1956-07-01,295.495483,306.641235,0.000000
1956-07-02,295.888123,307.955444,0.000000
1956-07-03,296.464935,309.388794,0.000000
1956-07-04,296.157532,308.542206,0.000000
1956-07-05,295.595825,308.197174,0.000000
1956-07-06,295.952271,308.658569,0.000000
1956-07-07,295.759674,309.506866,0.000000
1956-07-08,297.411713,310.995697,0.000000
1956-07-09,297.782471,311.306183,0.000000
1956-07-10,296.853760,311.015015,0.000000
1956-07-11,297.052948,310.489990,0.000000
1956-07-12,298.994629,311.117310,0.633459
1956-07-13,297.529053,309.272705,0.000000
1956-07-14,297.551788,305.955444,8.280269
1956-07-15,297.806427,307.488525,0.000000
1956-07-16,297.363892,307.361725,0.000000
1956-07-17,297.171570,309.087494,0.598860
1956-07-18,297.225525,308.705902,0.000000
1956-07-19,298.720917,311.765961,0.000000
1956-07-20,298.341766,311.611481,0.000000
1956-07-21,296.539001,308.290863,0.000000
1956-07-22,296.337830,307.191254,0.000000
1956-07-23,296.428070,309.161560,0.000000
1956-07-24,297.585693,311.042145,0.000000
1956-07-25,299.593872,311.905487,0.000000
1956-07-26,298.399811,311.588409,0.000000
1956-07-27,297.944275,310.011749,1.917712
1956-07-28,296.819702,306.801788,0.529790
1956-07-29,297.519073,308.551147,0.000000
1956-07-30,296.832031,308.860901,0.000000
1956-07-31,295.959534,308.010742,0.000000
1956-08-01,296.743195,308.485107,0.000000
1956-08-02,297.192932,308.248077,0.000000
1956-08-03,296.624176,307.547821,0.000000
1956-08-04,295.998657,307.035919,0.501560
1956-08-05,296.871704,308.261169,0.738625
1956-08-06,297.737640,310.748016,0.000000
1956-08-07,296.495605,310.257233,0.000000
1956-08-08,295.933136,306.972534,0.000000
1956-08-09,297.066376,308.524017,0.000000
1956-08-10,297.569550,310.286957,0.000000
1956-08-11,296.899658,310.335754,0.000000
1956-08-12,297.115417,310.571228,0.000000
1956-08-13,298.005493,311.240143,0.000000
1956-08-14,299.052277,311.528137,0.000000
1956-08-15,298.261047,311.546967,0.000000
1956-08-16,297.841248,310.843781,0.000000
1956-08-17,297.141815,309.380829,0.000000
1956-08-18,296.411469,308.109680,1.691017
1956-08-19,299.378906,311.014252,0.000000
1956-08-20,297.838715,310.724487,0.000000
1956-08-21,297.067139,308.547546,15.413708
1956-08-22,296.372192,305.675873,8.444255
1956-08-23,298.774536,304.845123,15.121840
1956-08-24,297.794678,304.693207,27.887131
1956-08-25,294.218140,306.776825,0.000000
1956-08-26,295.895538,306.823212,1.654695
1956-08-27,295.678558,303.546417,22.022890
1956-08-28,296.851654,300.200684,23.366644
1956-08-29,294.761871,300.413635,53.199497
1956-08-30,296.065063,301.164612,3.386009
1956-08-31,294.799530,303.270477,2.046638
1956-09-01,293.779297,302.965729,0.000000
1956-09-02,292.442505,305.128662,0.000000
1956-09-03,293.710541,304.348297,0.000000
1956-09-04,294.806732,306.229431,0.000000
1956-09-05,295.622467,304.880188,0.000000
1956-09-06,295.591461,305.640686,0.567451
1956-09-07,294.904877,305.534363,0.000000
1956-09-08,292.835327,307.052429,0.000000
1956-09-09,295.493896,308.682190,0.000000
1956-09-10,296.178589,309.288239,0.000000
1956-09-11,298.513550,309.654755,0.000000
1956-09-12,297.871765,307.932251,0.964919
1956-09-13,291.729492,308.791992,0.000000
1956-09-14,294.750244,308.652985,0.000000
1956-09-15,295.088470,308.954742,0.000000
1956-09-16,295.276184,310.756592,0.000000
1956-09-17,296.711212,309.875580,0.000000
1956-09-18,297.157715,308.588470,0.519368
1956-09-19,292.791534,307.190796,1.467042
1956-09-20,289.747711,302.508423,0.700996
1956-09-21,290.239258,302.815582,0.000000
1956-09-22,290.137299,304.443695,0.000000
1956-09-23,292.220032,304.473724,0.000000
1956-09-24,292.298462,305.512054,0.000000
1956-09-25,292.790802,305.216034,0.000000
1956-09-26,291.158691,303.997589,0.000000
1956-09-27,293.888184,305.248016,0.000000
1956-09-28,292.188904,305.995026,0.000000
1956-09-29,292.523193,305.517609,0.000000
1956-09-30,287.217865,301.645538,0.000000
1956-10-01,284.936371,301.159119,19.757137
1956-10-02,287.705139,299.683746,2.300936
1956-10-03,287.334656,304.894592,0.000000
1956-10-04,288.308868,304.034760,0.000000
1956-10-05,294.420166,302.859589,0.000000
1956-10-06,291.319061,303.379639,0.000000
1956-10-07,291.664978,304.284851,0.000000
1956-10-08,291.812836,305.558960,0.000000
1956-10-09,292.535004,305.158112,0.000000
1956-10-10,291.497162,305.863342,0.000000
1956-10-11,290.481781,305.656860,0.000000
1956-10-12,290.498444,306.433868,0.000000
1956-10-13,294.636597,307.230377,0.000000
1956-10-14,294.466156,307.710510,0.000000
1956-10-15,294.352264,307.832092,0.000000
1956-10-16,295.019440,308.355133,0.000000
1956-10-17,295.317596,308.192139,0.000000
1956-10-18,294.253418,307.271973,0.000000
1956-10-19,294.154175,306.882935,0.000000
1956-10-20,293.913086,306.825867,0.000000
1956-10-21,294.908356,306.666260,0.349757
1956-10-22,294.853760,306.753510,1.880602
1956-10-23,287.445435,306.390381,0.000000
1956-10-24,284.491089,296.886047,0.000000
1956-10-25,284.552063,296.241394,0.000000
1956-10-26,287.653381,300.643127,0.000000
1956-10-27,290.162628,302.813904,0.000000
1956-10-28,293.836945,302.789276,2.352874
1956-10-29,277.136414,298.711487,0.000000
1956-10-30,278.180206,290.297668,0.000000
1956-10-31,278.654724,294.257568,0.503424
1956-11-01,280.688660,297.024933,0.000000
1956-11-02,281.405548,297.799591,0.000000
1956-11-03,284.936768,297.139069,0.000000
1956-11-04,287.391510,298.402924,3.005942
1956-11-05,288.599304,299.318542,28.230429
1956-11-06,278.570068,291.144440,2.130227
1956-11-07,280.384216,288.148041,0.401836
1956-11-08,278.052216,287.955261,0.934424
1956-11-09,280.171326,295.438660,0.000000
1956-11-10,284.389038,298.121063,0.000000
1956-11-11,287.498596,297.889038,0.000000
1956-11-12,289.598724,299.082520,0.585356
1956-11-13,288.759338,299.133881,9.392140
1956-11-14,286.977112,296.442871,1.482148
1956-11-15,288.666962,298.365417,0.000000
1956-11-16,286.165985,299.800842,0.000000
1956-11-17,285.703400,295.746185,0.000000
1956-11-18,280.330597,294.264801,0.000000
1956-11-19,279.595428,291.683014,8.171228
1956-11-20,270.309967,284.564911,2.203009
1956-11-21,270.839233,280.023926,0.000000
1956-11-22,273.222504,280.478424,0.000000
1956-11-23,274.385559,281.178680,0.000000
1956-11-24,272.331482,286.468079,0.000000
1956-11-25,272.854767,290.187531,0.000000
1956-11-26,275.096741,289.414764,0.000000
1956-11-27,274.861908,293.502075,0.000000
1956-11-28,277.449402,293.259766,0.318608
1956-11-29,286.382202,294.686829,0.978469
1956-11-30,288.061707,297.408417,0.000000
1956-12-01,288.411682,297.722321,2.072963
1956-12-02,286.925385,297.692413,0.000000
1956-12-03,280.635590,291.851044,0.000000
1956-12-04,280.179901,288.304169,0.000000
1956-12-05,274.466736,287.581390,0.000000
1956-12-06,272.964111,280.379303,0.000000
1956-12-07,273.130310,281.564911,0.000000
1956-12-08,272.855560,290.069092,0.000000
1956-12-09,275.937347,289.240204,0.000000
1956-12-10,277.343994,287.492340,0.000000
1956-12-11,276.819397,282.937439,0.000000
1956-12-12,276.780212,283.692749,0.000000
1956-12-13,275.942474,283.416534,0.000000
1956-12-14,275.129883,281.852478,0.000000
1956-12-15,274.540466,281.566559,0.000000
1956-12-16,274.978851,283.547577,0.000000
1956-12-17,276.662903,288.110260,0.000000
1956-12-18,274.707672,290.475311,0.000000
1956-12-19,276.877380,289.815155,0.000000
1956-12-20,276.417053,288.189117,0.000000
1956-12-21,272.769135,284.277924,0.000000
1956-12-22,275.511414,287.011475,0.000000
1956-12-23,276.304626,288.949280,0.000000
1956-12-24,277.632935,290.519806,0.000000
1956-12-25,277.281708,292.687500,0.000000
1956-12-26,277.346497,292.236206,0.000000
1956-12-27,277.931000,296.700043,0.000000
1956-12-28,281.852234,300.260864,0.000000
1956-12-29,287.328583,298.612823,0.000000
1956-12-30,282.378754,297.290833,0.000000
1956-12-31,280.735138,293.842865,0.000000
1957-01-01,276.020691,292.704926,0.000000
1957-01-02,281.013702,291.627563,0.000000
1957-01-03,277.351532,294.597748,0.000000
1957-01-04,278.637085,298.022095,0.000000
1957-01-05,281.092896,298.718506,0.000000
1957-01-06,284.286346,296.199890,0.000000
1957-01-07,286.666290,295.102448,2.635728
1957-01-08,281.800446,293.808838,0.000000
1957-01-09,280.474365,300.097870,0.000000
1957-01-10,285.374298,297.508881,0.000000
1957-01-11,279.049469,293.638245,0.000000
1957-01-12,282.784424,297.245819,1.964382
1957-01-13,279.096985,296.014038,0.000000
1957-01-14,277.811554,292.885986,0.000000
1957-01-15,279.397491,292.991699,0.000000
1957-01-16,274.847321,288.496094,0.000000
1957-01-17,279.195099,293.787506,0.000000
1957-01-18,281.089905,293.958771,0.000000
1957-01-19,281.624329,296.449982,0.000000
1957-01-20,285.544464,295.709381,3.874222
1957-01-21,284.519287,297.447266,0.000000
1957-01-22,281.733887,296.676605,0.000000
1957-01-23,282.626038,299.432739,0.000000
1957-01-24,283.947815,300.895142,0.000000
1957-01-25,288.029938,301.078735,0.000000
1957-01-26,286.636139,300.993469,0.000000
1957-01-27,286.651825,301.685120,0.000000
1957-01-28,287.442749,301.148376,0.000000
1957-01-29,288.079376,300.653900,0.000000
1957-01-30,283.542786,297.735229,0.000000
1957-01-31,283.683136,297.079407,0.696831
1957-02-01,277.599548,293.745636,0.000000
1957-02-02,275.644653,292.070374,0.000000
1957-02-03,280.140045,299.499817,0.000000
1957-02-04,285.576111,298.428223,0.000000
1957-02-05,285.472595,295.194397,15.352191
1957-02-06,279.712189,288.379822,7.443247
1957-02-07,282.438232,288.466705,5.210354
1957-02-08,277.060425,287.204224,4.832635
1957-02-09,276.356598,284.295654,1.338188
1957-02-10,281.732239,293.357422,2.962424
1957-02-11,282.044006,293.260773,0.703546
1957-02-12,276.059998,285.383453,0.000000
1957-02-13,278.006287,284.805664,0.000000
1957-02-14,273.785614,284.148621,0.000000
1957-02-15,273.626709,284.700226,0.000000
1957-02-16,279.775177,289.174103,1.439293
1957-02-17,280.975403,291.300140,0.000000
1957-02-18,283.152649,296.117371,0.000000
1957-02-19,277.402588,294.766418,0.000000
1957-02-20,276.369110,292.018188,0.000000
1957-02-21,281.205719,292.111084,0.520756
1957-02-22,282.963379,292.887390,0.539382
1957-02-23,279.789185,293.469147,7.901884
1957-02-24,279.525696,286.128021,14.739418
1957-02-25,275.151672,285.579132,0.402832
1957-02-26,273.073425,280.246094,0.000000
1957-02-27,267.438690,278.409119,0.000000
1957-02-28,266.455292,275.632355,0.000000
1957-03-01,269.843933,278.481537,0.406990
1957-03-02,272.573792,291.695343,0.000000
1957-03-03,277.479095,296.364990,0.000000
1957-03-04,283.020752,296.035339,1.818394
1957-03-05,288.655304,295.225220,6.182189
1957-03-06,286.400543,299.799927,0.000000
1957-03-07,287.879974,304.010529,0.000000
1957-03-08,292.049316,304.056366,0.000000
1957-03-09,290.946777,303.517242,0.000000
1957-03-10,275.024933,299.677643,0.000000
1957-03-11,275.239166,287.790009,0.000000
1957-03-12,277.744598,289.104095,6.538270
1957-03-13,286.147278,298.938721,10.491100
1957-03-14,283.571533,297.386841,0.000000
1957-03-15,277.097351,290.506897,0.000000
1957-03-16,276.094330,292.216431,0.000000
1957-03-17,283.447906,292.559113,7.023533
1957-03-18,278.996307,291.349640,1.684766
1957-03-19,286.311707,296.500885,0.000000
1957-03-20,282.693787,295.997833,0.000000
1957-03-21,279.302979,292.478485,0.000000
1957-03-22,280.255463,291.667755,0.892079
1957-03-23,280.609680,295.048706,23.902849
1957-03-24,277.081757,286.747345,1.200513
1957-03-25,275.230133,288.148315,0.000000
1957-03-26,277.046387,291.068115,0.000000
1957-03-27,277.597656,293.560699,0.000000
1957-03-28,280.254395,297.030701,0.000000
1957-03-29,284.514191,296.987366,0.952829
1957-03-30,287.830139,291.504883,3.614446
1957-03-31,288.267120,292.625763,3.443215
1957-04-01,286.724640,291.386383,0.879865
1957-04-02,288.366608,292.416748,5.653502
1957-04-03,287.799500,293.992920,0.417013
1957-04-04,287.151794,294.711426,0.000000
1957-04-05,286.682129,294.013062,0.000000
1957-04-06,288.048157,294.567749,0.000000
1957-04-07,289.406311,298.399353,1.243664
1957-04-08,285.857483,299.485779,0.000000
1957-04-09,283.800568,299.095215,0.000000
1957-04-10,287.389832,301.158112,0.000000
1957-04-11,288.717834,299.485046,26.384115
1957-04-12,279.946625,295.671570,0.000000
1957-04-13,280.426178,288.304932,0.000000
1957-04-14,278.552368,296.807678,0.000000
1957-04-15,282.298859,298.107971,0.000000
1957-04-16,284.516815,298.854462,0.000000
1957-04-17,287.393158,300.805847,0.000000
1957-04-18,287.748444,299.687683,0.000000
1957-04-19,287.875000,301.787720,0.000000
1957-04-20,289.350555,302.937561,0.000000
1957-04-21,288.250244,303.210632,0.000000
1957-04-22,287.602386,303.674622,0.303401
1957-04-23,287.591644,303.515747,0.000000
1957-04-24,288.598114,303.192200,0.000000
1957-04-25,290.402374,300.997040,2.762688
1957-04-26,289.676971,299.560638,0.000000
1957-04-27,288.430908,303.222504,0.000000
1957-04-28,291.212799,304.914825,0.000000
1957-04-29,291.771729,306.074432,0.000000
1957-04-30,294.923309,306.118286,0.000000
1957-05-01,289.030853,305.246124,17.413486
1957-05-02,282.735291,296.390472,6.828973
1957-05-03,283.047058,298.603851,0.000000
1957-05-04,286.319672,303.200958,0.000000
1957-05-05,287.801056,304.843811,0.000000
1957-05-06,288.562714,305.220581,0.000000
1957-05-07,287.741608,305.289276,0.000000
1957-05-08,289.341370,304.733154,0.000000
1957-05-09,292.399780,303.476776,0.614068
1957-05-10,292.264160,301.012970,38.706730
1957-05-11,293.927551,299.231384,0.284863
1957-05-12,293.201263,301.667267,0.350338
1957-05-13,293.148590,302.598450,2.945531
1957-05-14,294.631775,302.481781,8.619690
1957-05-15,292.850739,301.770813,1.276335
1957-05-16,292.228149,301.736206,0.825507
1957-05-17,292.014282,301.197510,13.356864
1957-05-18,292.469849,301.324005,25.374699
1957-05-19,290.195953,303.813721,4.472562
1957-05-20,292.092316,303.477081,2.444180
1957-05-21,289.539307,303.073059,0.000000
1957-05-22,290.102051,301.239594,0.000000
1957-05-23,291.466644,305.307343,0.000000
1957-05-24,294.616486,308.966736,0.000000
1957-05-25,295.791534,309.138641,0.000000
1957-05-26,294.942932,308.759338,0.000000
1957-05-27,293.749390,305.974762,0.000000
1957-05-28,294.823517,305.926178,0.000000
1957-05-29,294.630859,303.447296,4.631949
1957-05-30,295.681244,303.660614,3.854014
1957-05-31,295.187714,304.511139,0.000000
1957-06-01,294.682465,303.203186,3.089888
1957-06-02,295.788574,303.181854,27.800419
1957-06-03,296.947418,304.219269,66.044235
1957-06-04,293.123413,299.211090,35.177906
1957-06-05,288.693848,304.284546,0.000000
1957-06-06,295.530457,304.127869,0.000000
1957-06-07,292.671539,306.951660,1.597175
1957-06-08,292.696899,310.487213,0.562680
1957-06-09,296.213898,309.856934,0.000000
1957-06-10,297.253906,311.483734,0.000000
1957-06-11,297.524902,311.318970,0.000000
1957-06-12,297.122375,308.249786,3.070000
1957-06-13,295.813019,304.839264,1.424782
1957-06-14,296.857727,307.496185,0.000000
1957-06-15,297.098999,305.534027,5.535872
1957-06-16,295.582336,302.725983,27.210352
1957-06-17,295.846222,300.017975,25.944210
1957-06-18,293.842957,306.179474,6.032731
1957-06-19,294.902802,307.500458,1.746234
1957-06-20,294.901337,304.818726,3.788634
1957-06-21,295.673187,302.511230,10.708196
1957-06-22,295.111816,304.538605,1.546473
1957-06-23,295.683960,304.185883,2.857582
1957-06-24,295.815063,306.147064,0.000000
1957-06-25,295.823975,306.546478,0.000000
1957-06-26,295.296234,306.016510,0.000000
1957-06-27,295.662842,306.119476,0.000000
1957-06-28,295.938385,305.951385,1.956676
1957-06-29,296.284790,305.428894,0.000000
1957-06-30,295.510406,305.372101,0.000000
1957-07-01,295.425110,304.020508,0.520277
1957-07-02,296.214569,303.958832,4.114511
1957-07-03,295.005188,303.620270,0.000000
1957-07-04,296.158264,304.226715,0.000000
1957-07-05,296.678223,305.615143,0.000000
1957-07-06,296.156097,306.550537,0.811027
1957-07-07,295.886658,305.553497,0.000000
1957-07-08,294.754303,306.810913,0.922422
1957-07-09,295.801086,306.696594,0.000000
1957-07-10,296.414032,307.613220,0.000000
1957-07-11,297.463806,307.494415,0.000000
1957-07-12,297.757660,307.693237,0.000000
1957-07-13,296.870209,307.424713,0.000000
1957-07-14,296.185547,306.699005,0.000000
1957-07-15,296.113678,308.941711,0.000000
1957-07-16,296.317932,309.538910,0.000000
1957-07-17,297.295410,309.236786,0.000000
1957-07-18,297.128296,309.019104,0.000000
1957-07-19,296.966736,307.952179,0.000000
1957-07-20,297.463928,308.449341,0.000000
1957-07-21,296.490265,307.747467,0.820673
1957-07-22,297.114807,305.971680,0.632000
1957-07-23,296.585693,307.098236,0.000000
1957-07-24,295.668610,306.469940,0.000000
1957-07-25,295.872375,306.459717,0.000000
1957-07-26,296.895233,309.961731,0.000000
1957-07-27,298.346588,309.692352,0.000000
1957-07-28,297.641449,309.139954,0.000000
1957-07-29,296.875336,307.209167,0.415642
1957-07-30,297.012054,308.449585,0.000000
1957-07-31,297.451263,310.215393,0.391342
1957-08-01,298.812469,310.098877,0.000000
1957-08-02,298.159698,311.347931,2.244445
1957-08-03,297.725403,310.818237,4.251742
1957-08-04,296.657654,310.094238,0.000000
1957-08-05,294.928925,308.991211,0.487334
1957-08-06,295.495453,309.555695,0.000000
1957-08-07,295.731964,310.861694,0.000000
1957-08-08,298.459961,310.602386,0.000000
1957-08-09,300.053619,311.576721,0.000000
1957-08-10,299.840851,311.835754,0.000000
1957-08-11,298.984039,311.396912,0.000000
1957-08-12,298.128418,311.338257,0.282012
1957-08-13,299.093445,311.313965,0.000000
1957-08-14,298.604767,310.977234,0.000000
1957-08-15,297.495697,310.666321,0.000000
1957-08-16,297.703033,310.466309,0.000000
1957-08-17,298.651123,310.621552,0.000000
1957-08-18,298.881348,310.135193,0.624046
1957-08-19,297.136383,309.375153,3.138237
1957-08-20,296.966522,307.631775,0.000000
1957-08-21,297.345184,308.464142,0.743426
1957-08-22,296.794098,308.183167,0.000000
1957-08-23,296.619171,307.715240,0.855942
1957-08-24,297.358307,306.664398,4.797486
1957-08-25,297.343811,305.488434,0.000000
1957-08-26,297.244293,304.758026,1.018112
1957-08-27,296.110138,306.078705,0.000000
1957-08-28,296.602325,305.996277,4.394776
1957-08-29,295.959595,305.514191,1.723742
1957-08-30,295.230377,304.622284,13.285650
1957-08-31,295.074097,305.372070,0.000000
1957-09-01,294.292877,306.185699,0.287042
1957-09-02,293.507660,306.740448,0.000000
1957-09-03,295.121796,306.622345,0.000000
1957-09-04,296.535126,306.577972,6.599543
1957-09-05,296.778900,304.184265,7.022434
1957-09-06,296.317383,303.340454,1.324749
1957-09-07,295.421783,304.046967,3.387788
1957-09-08,294.691772,304.364655,3.608940
1957-09-09,293.884399,303.553558,33.755489
1957-09-10,291.072632,297.686279,0.833484
1957-09-11,293.890961,303.359161,1.783382
1957-09-12,295.395508,304.403870,1.122600
1957-09-13,295.398560,305.874969,0.000000
1957-09-14,293.139435,305.419769,0.000000
1957-09-15,293.337769,304.994385,0.000000
1957-09-16,293.660400,303.528320,1.701651
1957-09-17,291.155182,301.277466,31.361670
1957-09-18,284.900421,293.056244,0.402510
1957-09-19,281.555939,293.848541,0.000000
1957-09-20,281.517853,296.019073,0.000000
1957-09-21,283.816986,297.472870,0.000000
1957-09-22,287.389282,297.235535,0.000000
1957-09-23,286.868378,299.294830,0.000000
1957-09-24,287.885132,302.605408,0.000000
1957-09-25,288.031769,303.338165,0.365292
1957-09-26,287.954346,303.851288,0.000000
1957-09-27,287.938263,303.630157,0.000000
1957-09-28,289.869568,305.549408,0.000000
1957-09-29,295.670410,306.173798,0.000000
1957-09-30,295.919556,305.426483,0.000000
1957-10-01,294.380096,305.836243,0.000000
1957-10-02,293.093109,305.857574,0.000000
1957-10-03,289.720612,305.740387,0.000000
1957-10-04,292.716827,305.701874,0.000000
1957-10-05,292.128662,304.750427,0.000000
1957-10-06,287.414185,302.495178,0.000000
1957-10-07,288.502899,304.313843,0.000000
1957-10-08,289.102997,304.985168,0.000000
1957-10-09,290.225800,305.478790,0.000000
1957-10-10,291.240753,305.003662,0.000000
1957-10-11,290.150665,303.544434,0.590219
1957-10-12,288.835938,303.414734,0.572435
1957-10-13,290.490723,306.360016,0.000000
1957-10-14,294.106995,306.168701,0.000000
1957-10-15,292.050568,302.624298,14.926450
1957-10-16,292.133728,302.343628,3.220602
1957-10-17,288.785278,301.809753,1.816989
1957-10-18,287.577362,295.261078,1.500295
1957-10-19,291.987122,297.962219,0.520300
1957-10-20,289.183899,299.880005,0.000000
1957-10-21,289.768463,299.515350,0.683107
1957-10-22,291.368561,300.549286,2.796144
1957-10-23,283.347107,297.941986,0.000000
1957-10-24,284.610626,301.509766,0.000000
1957-10-25,286.646667,305.730438,0.000000
1957-10-26,289.655090,304.828949,0.000000
1957-10-27,287.763306,305.335114,0.000000
1957-10-28,290.113678,304.812744,0.000000
1957-10-29,289.309540,303.755371,0.000000
1957-10-30,290.121582,304.546844,0.000000
1957-10-31,292.106903,303.842926,0.000000
1957-11-01,288.239929,301.472137,2.427852
1957-11-02,277.599365,294.927399,0.000000
1957-11-03,280.165741,295.148285,0.000000
1957-11-04,279.517365,297.300598,0.000000
1957-11-05,285.072388,300.289764,0.000000
1957-11-06,283.216248,298.592773,0.000000
1957-11-07,280.888550,298.156219,0.000000
1957-11-08,285.445557,302.308838,0.000000
1957-11-09,285.867279,302.809784,0.000000
1957-11-10,287.908966,301.888977,0.000000
1957-11-11,289.713501,300.764160,0.000000
1957-11-12,289.300049,302.056335,0.000000
1957-11-13,285.971405,299.679871,0.000000
1957-11-14,283.383698,301.197479,0.000000
1957-11-15,288.155853,302.221710,0.000000
1957-11-16,289.060455,302.026093,1.188518
1957-11-17,278.470093,295.779449,23.461981
1957-11-18,275.514496,287.821655,0.000000
1957-11-19,275.810150,289.243896,0.000000
1957-11-20,277.639313,291.452850,0.000000
1957-11-21,278.091461,294.788269,0.000000
1957-11-22,281.699341,295.168518,0.000000
1957-11-23,287.743103,295.035065,0.677692
1957-11-24,286.693939,296.144318,0.000000
1957-11-25,285.276520,298.266724,0.000000
1957-11-26,284.830933,298.362335,0.000000
1957-11-27,285.129211,299.911499,0.000000
1957-11-28,285.178375,299.418304,0.000000
1957-11-29,286.552582,298.992371,0.000000
1957-11-30,287.694519,297.467773,0.000000
1957-12-01,284.880920,295.041199,7.689761
1957-12-02,286.661926,294.856293,0.000000
1957-12-03,285.458710,292.444061,0.000000
1957-12-04,282.948822,292.687988,0.000000
1957-12-05,282.198273,292.159363,0.000000
1957-12-06,278.734436,288.117645,0.000000
1957-12-07,281.257385,289.220917,0.550544
1957-12-08,277.186859,289.278656,0.000000
1957-12-09,275.126495,289.251038,0.000000
1957-12-10,280.003754,292.363312,0.000000
1957-12-11,282.669922,293.402527,6.358494
1957-12-12,278.610260,288.613495,0.000000
1957-12-13,276.353058,284.248718,9.228693
1957-12-14,278.025757,284.231415,12.013722
1957-12-15,277.828094,288.128387,12.854907
1957-12-16,276.463745,288.847900,0.000000
1957-12-17,272.598114,284.301086,0.000000
1957-12-18,275.008209,284.672272,0.000000
1957-12-19,269.330322,283.878815,3.656386
1957-12-20,266.835846,274.594086,0.607283
1957-12-21,268.129974,278.236755,0.000000
1957-12-22,269.624420,287.909668,0.000000
1957-12-23,265.059937,285.847595,5.178394
1957-12-24,259.381622,269.994110,2.798987
1957-12-25,254.619354,267.020660,0.000000
1957-12-26,256.141693,273.092560,0.000000
1957-12-27,269.449188,285.432831,0.000000
1957-12-28,279.053589,289.663422,0.000000
1957-12-29,281.250977,294.321533,0.000000
1957-12-30,284.368256,297.007477,0.000000
1957-12-31,287.879242,296.331207,0.000000
1958-01-01,281.376801,294.049561,0.473014
1958-01-02,276.575623,289.600342,0.000000
1958-01-03,276.372070,290.741852,0.000000
1958-01-04,278.343750,293.532806,0.000000
1958-01-05,281.937622,292.954041,0.000000
1958-01-06,278.038208,290.419403,2.943383
1958-01-07,274.400909,288.896942,0.000000
1958-01-08,273.375854,290.926483,0.000000
1958-01-09,274.586090,294.089844,0.000000
1958-01-10,278.131439,298.280975,0.000000
1958-01-11,281.096191,297.984192,0.000000
1958-01-12,281.333832,298.191925,0.000000
1958-01-13,282.688232,297.769440,0.532369
1958-01-14,281.316437,296.675476,0.000000
1958-01-15,275.600403,291.460541,0.000000
1958-01-16,276.239838,287.817535,0.000000
1958-01-17,273.022888,289.776154,0.000000
1958-01-18,276.098267,294.000122,0.000000
1958-01-19,282.696075,292.505096,0.000000
1958-01-20,285.067780,291.332245,2.051491
1958-01-21,285.216431,291.605621,2.312667
1958-01-22,280.624878,292.306000,5.021238
1958-01-23,275.426056,282.767944,0.000000
1958-01-24,274.399170,284.264435,0.000000
1958-01-25,275.299377,289.442078,0.000000
1958-01-26,279.630890,288.705963,0.382009
1958-01-27,274.903595,287.727631,0.000000
1958-01-28,273.788300,286.055328,0.000000
1958-01-29,277.816315,286.144073,12.293220
1958-01-30,278.396545,285.109680,24.040363
1958-01-31,273.858032,288.344910,0.000000
1958-02-01,276.599884,292.932648,0.000000
1958-02-02,278.502716,293.221405,0.000000
1958-02-03,283.804413,290.494049,3.811161
1958-02-04,285.348022,292.585785,0.331582
1958-02-05,284.457306,291.777191,0.000000
1958-02-06,284.106689,291.537811,0.000000
1958-02-07,279.633575,294.214752,0.000000
1958-02-08,280.465118,297.315521,0.000000
1958-02-09,283.006866,299.583923,0.000000
1958-02-10,283.471283,299.448761,0.000000
1958-02-11,282.146667,297.363068,0.000000
1958-02-12,279.454590,297.085327,0.000000
1958-02-13,278.799561,300.069000,0.000000
1958-02-14,281.366394,299.241394,0.000000
1958-02-15,284.480896,298.034363,0.000000
1958-02-16,278.068817,294.003082,0.000000
1958-02-17,282.319641,297.150208,0.000000
1958-02-18,279.664612,297.493469,0.000000
1958-02-19,282.590637,300.980377,0.000000
1958-02-20,284.714844,301.071411,0.000000
1958-02-21,287.116699,300.793121,0.000000
1958-02-22,287.592804,303.699371,0.000000
1958-02-23,287.539062,304.171875,0.000000
1958-02-24,288.237915,303.470490,0.000000
1958-02-25,287.566406,300.622528,0.000000
1958-02-26,287.423859,300.406433,0.000000
1958-02-27,287.099731,300.335205,0.000000
1958-02-28,288.076294,300.021179,0.000000
1958-03-01,286.964111,300.634979,0.000000
1958-03-02,286.960510,301.248688,5.461435
1958-03-03,287.439636,298.047302,6.296325
1958-03-04,287.616669,292.674255,2.435426
1958-03-05,286.463806,291.088318,0.000000
1958-03-06,283.841583,287.943787,30.078426
1958-03-07,282.640137,289.721802,16.673899
1958-03-08,280.948334,287.813812,4.269460
1958-03-09,280.569122,289.838562,0.000000
1958-03-10,284.201935,291.182068,0.000000
1958-03-11,287.608215,293.832977,0.000000
1958-03-12,287.844574,299.184387,10.154862
1958-03-13,285.285645,298.028717,0.000000
1958-03-14,284.497345,292.686005,0.000000
1958-03-15,287.494995,293.198883,1.029302
1958-03-16,287.514954,298.379181,15.847305
1958-03-17,284.489655,297.442200,6.797272
1958-03-18,278.528931,290.587189,0.000000
1958-03-19,278.562988,296.630066,0.000000
1958-03-20,282.294983,295.901459,0.000000
1958-03-21,279.547913,289.414246,0.000000
1958-03-22,278.899384,292.741577,0.000000
1958-03-23,279.162811,296.206238,0.000000
1958-03-24,281.704590,299.148804,0.000000
1958-03-25,286.632080,298.724762,1.535617
1958-03-26,287.076721,295.126129,38.004478
1958-03-27,288.389771,298.788300,0.486697
1958-03-28,286.135529,298.591431,0.000000
1958-03-29,285.547455,299.368805,0.000000
1958-03-30,279.026154,299.235016,0.000000
1958-03-31,277.090088,290.223816,0.000000
1958-04-01,279.245361,291.257782,0.000000
1958-04-02,284.372162,302.133545,0.000000
1958-04-03,287.406097,302.137390,0.354494
1958-04-04,281.618591,299.522675,0.000000
1958-04-05,285.292175,303.114960,0.000000
1958-04-06,285.953033,303.114716,0.000000
1958-04-07,287.793610,303.076538,0.000000
1958-04-08,290.361664,301.755646,0.000000
1958-04-09,288.686371,300.670929,0.000000
1958-04-10,288.629883,300.161560,1.815601
1958-04-11,290.164886,298.222382,1.986360
1958-04-12,283.353943,297.711578,0.000000
1958-04-13,286.839325,299.514984,0.000000
1958-04-14,291.230804,299.756561,25.865887
1958-04-15,289.612305,302.893799,1.743419
1958-04-16,291.310974,304.487488,1.438136
1958-04-17,287.859344,301.190918,0.000000
1958-04-18,285.650818,302.850067,0.000000
1958-04-19,288.613678,302.474884,0.712645
1958-04-20,289.732117,304.662689,1.741423
1958-04-21,284.895630,305.042572,0.000000
1958-04-22,284.618378,297.190247,0.000000
1958-04-23,287.663239,298.065918,0.000000
1958-04-24,292.062134,303.444061,13.319407
1958-04-25,290.573730,303.996399,1.747213
1958-04-26,288.302094,301.913269,1.038619
1958-04-27,285.145111,302.617493,0.000000
1958-04-28,287.798737,302.512329,0.000000
1958-04-29,288.147461,301.076874,0.000000
1958-04-30,292.382751,305.597656,7.329633
1958-05-01,293.034607,306.255646,0.978001
1958-05-02,292.671661,308.356262,0.000000
1958-05-03,289.677460,308.169342,0.000000
1958-05-04,286.630035,303.959656,0.000000
1958-05-05,289.800720,303.490967,0.000000
1958-05-06,291.001862,303.597107,0.000000
1958-05-07,295.027008,303.880798,0.000000
1958-05-08,293.594696,301.482391,0.000000
1958-05-09,294.098236,302.943359,0.681999
1958-05-10,295.790192,305.841858,0.335011
1958-05-11,294.283691,305.194122,0.000000
1958-05-12,294.220520,302.173889,9.128138
1958-05-13,292.598145,297.494202,40.941925
1958-05-14,291.068390,296.433929,73.609779
1958-05-15,284.979980,292.964844,0.000000
1958-05-16,284.618103,294.427673,0.000000
1958-05-17,285.549805,294.928314,0.000000
1958-05-18,290.442200,296.916962,0.000000
1958-05-19,292.831329,299.838226,0.000000
1958-05-20,293.461273,301.452728,1.567356
1958-05-21,293.830414,302.487091,0.892981
1958-05-22,292.450256,299.932739,18.723518
1958-05-23,288.287720,296.789337,10.911764
1958-05-24,285.960052,298.655212,0.000000
1958-05-25,285.485840,299.384064,0.000000
1958-05-26,287.208282,299.900360,0.000000
1958-05-27,289.161469,299.296417,0.000000
1958-05-28,289.812531,300.421082,0.000000
1958-05-29,290.392609,304.169006,0.000000
1958-05-30,292.812225,308.873077,0.000000
1958-05-31,294.222931,308.465515,0.000000
1958-06-01,294.241455,310.576691,0.000000
1958-06-02,295.598175,311.146301,5.188069
1958-06-03,296.371704,311.731934,0.956228
1958-06-04,296.658386,308.900696,0.000000
1958-06-05,295.199036,311.681946,0.000000
1958-06-06,294.460815,311.263794,0.000000
1958-06-07,296.105560,309.436462,2.061879
1958-06-08,295.084381,306.909790,0.000000
1958-06-09,294.582458,306.083618,0.000000
1958-06-10,294.870148,305.093475,8.641216
1958-06-11,295.212006,305.933624,0.000000
1958-06-12,295.955383,306.628235,0.000000
1958-06-13,293.893494,306.223999,0.000000
1958-06-14,293.465057,305.877991,0.538971
1958-06-15,293.958679,302.649139,0.000000
1958-06-16,295.128235,304.071136,6.264978
1958-06-17,295.462738,306.148560,18.751614
1958-06-18,293.385345,305.299652,0.000000
1958-06-19,294.731964,304.415741,0.000000
1958-06-20,295.893250,304.892700,6.670710
1958-06-21,295.412750,304.461975,1.505957
1958-06-22,295.116638,304.869965,0.000000
1958-06-23,295.539368,304.138702,1.643075
1958-06-24,295.154785,304.909332,0.000000
1958-06-25,294.413452,305.881500,0.000000
1958-06-26,294.928558,306.732117,0.000000
1958-06-27,294.142944,306.376587,0.000000
1958-06-28,295.631622,305.915680,0.000000
1958-06-29,295.358063,308.793701,0.000000
1958-06-30,296.237030,309.789001,0.000000
1958-07-01,296.149414,309.499329,2.356278
1958-07-02,295.744019,307.454590,0.000000
1958-07-03,295.648071,307.459045,0.000000
1958-07-04,295.386688,309.698456,0.737778
1958-07-05,298.084106,310.320129,0.713111
1958-07-06,298.283569,311.199158,0.000000
1958-07-07,297.240417,310.748322,0.000000
1958-07-08,297.176544,310.187469,0.000000
1958-07-09,297.708069,308.630066,0.000000
1958-07-10,297.196045,308.093384,0.000000
1958-07-11,297.189972,308.790100,0.000000
1958-07-12,296.931091,308.980225,0.000000
1958-07-13,296.904083,308.705627,0.000000
1958-07-14,296.661285,310.347778,0.000000
1958-07-15,297.155151,311.053284,0.000000
1958-07-16,297.809509,311.737762,0.000000
1958-07-17,298.619995,312.276733,0.000000
1958-07-18,299.572784,312.937744,0.000000
1958-07-19,299.523468,312.353943,0.000000
1958-07-20,297.800507,312.222656,0.000000
1958-07-21,298.267120,312.054626,0.000000
1958-07-22,297.463196,310.643494,0.000000
1958-07-23,297.726318,311.521484,0.000000
1958-07-24,299.544678,312.350800,0.000000
1958-07-25,300.838226,312.295898,0.000000
1958-07-26,299.363251,312.266541,0.000000
1958-07-27,297.965210,309.943878,0.000000
1958-07-28,297.110809,307.490479,1.504681
1958-07-29,296.315338,308.141541,0.000000
1958-07-30,296.620239,308.969025,0.000000
1958-07-31,296.427582,307.958221,0.000000
1958-08-01,296.748047,307.280701,0.000000
1958-08-02,295.372253,310.016022,0.000000
1958-08-03,296.825165,310.737366,0.000000
1958-08-04,296.139160,310.676086,0.000000
1958-08-05,296.980103,309.691437,0.000000
1958-08-06,297.079041,311.594086,0.000000
1958-08-07,298.380951,312.429321,0.000000
1958-08-08,296.413971,310.872589,0.389106
1958-08-09,295.735931,306.982605,7.298650
1958-08-10,298.334534,302.985260,35.651569
1958-08-11,297.781250,302.963776,6.619169
1958-08-12,296.753082,306.938324,0.709302
1958-08-13,296.084076,311.344238,0.000000
1958-08-14,299.877136,313.002747,0.000000
1958-08-15,298.140045,311.790466,0.000000
1958-08-16,296.769806,308.567902,0.000000
1958-08-17,298.095459,306.402679,1.593549
1958-08-18,297.399231,306.901215,0.000000
1958-08-19,297.567688,306.908783,0.945785
1958-08-20,297.871429,305.864777,4.077901
1958-08-21,295.274414,300.058807,91.676476
1958-08-22,297.169830,304.504303,2.364583
1958-08-23,295.257874,304.077148,0.000000
1958-08-24,294.593353,304.522888,0.000000
1958-08-25,296.003387,307.584076,0.000000
1958-08-26,294.690063,308.113281,0.000000
1958-08-27,295.070038,307.957733,0.556699
1958-08-28,294.892639,310.456940,0.000000
1958-08-29,296.790466,315.580353,0.000000
1958-08-30,296.406372,316.192322,0.000000
1958-08-31,295.991058,309.184235,1.113988
1958-09-01,296.465240,304.397888,1.717045
1958-09-02,296.006805,305.466400,1.752135
1958-09-03,295.467102,309.291138,0.000000
1958-09-04,295.160400,308.711548,1.546586
1958-09-05,295.267242,308.802155,0.000000
1958-09-06,295.778778,308.579712,1.183498
1958-09-07,295.847900,306.185364,2.479023
1958-09-08,296.135071,308.435760,0.000000
1958-09-09,296.333801,307.062256,2.798055
1958-09-10,295.941437,305.290985,11.460755
1958-09-11,295.511810,303.444824,0.000000
1958-09-12,296.315277,304.460724,0.000000
1958-09-13,294.483398,305.824280,0.000000
1958-09-14,293.933197,305.709778,0.576530
1958-09-15,294.762543,305.796875,4.918521
1958-09-16,294.088959,302.925171,3.816335
1958-09-17,293.948669,303.174591,4.664475
1958-09-18,293.854156,301.294403,13.152920
1958-09-19,293.972870,302.736603,29.459856
1958-09-20,293.558502,301.467316,5.040110
1958-09-21,292.223755,301.067413,0.666908
1958-09-22,290.542908,301.590363,0.000000
1958-09-23,291.948120,301.521057,0.717238
1958-09-24,293.126801,304.338531,4.299888
1958-09-25,292.077332,301.801086,1.374830
1958-09-26,292.619934,301.441101,2.410134
1958-09-27,294.301819,301.549530,0.412136
1958-09-28,292.478455,302.812531,0.833553
1958-09-29,291.691162,300.643890,28.861584
1958-09-30,286.559174,298.517731,0.000000
1958-10-01,286.811920,301.749786,1.125282
1958-10-02,289.970734,302.506409,0.000000
1958-10-03,291.335754,302.957092,2.172465
1958-10-04,289.347900,303.444061,0.000000
1958-10-05,289.567963,304.301086,0.000000
1958-10-06,290.628448,304.975586,0.000000
1958-10-07,291.711151,304.533356,0.600955
1958-10-08,293.500854,304.298431,2.158272
1958-10-09,284.363129,301.201904,0.000000
1958-10-10,283.600403,296.885834,0.000000
1958-10-11,285.517639,301.991119,0.000000
1958-10-12,286.544678,302.560638,0.000000
1958-10-13,287.337189,302.783234,0.000000
1958-10-14,289.769989,305.554321,0.000000
1958-10-15,291.801483,306.172577,0.000000
1958-10-16,291.426239,306.778564,0.000000
1958-10-17,292.092316,306.590393,0.000000
1958-10-18,294.819214,306.115112,0.000000
1958-10-19,289.628632,305.415131,7.228138
1958-10-20,286.238953,293.730042,179.549179
1958-10-21,286.223846,292.390747,45.087025
1958-10-22,282.086670,289.870758,1.043732
1958-10-23,285.446777,291.195679,0.937692
1958-10-24,287.497162,296.344727,2.862486
1958-10-25,283.310364,294.299377,0.000000
1958-10-26,281.569885,295.270020,0.000000
1958-10-27,282.838074,295.611145,0.000000
1958-10-28,285.371277,298.068695,0.000000
1958-10-29,282.084747,295.397888,0.000000
1958-10-30,278.275970,295.703247,0.000000
1958-10-31,280.070709,298.939240,0.000000
1958-11-01,284.094360,300.094757,0.000000
1958-11-02,285.746735,303.270874,0.000000
1958-11-03,288.223816,303.390656,0.000000
1958-11-04,288.869141,303.022522,0.000000
1958-11-05,287.715698,299.734772,0.000000
1958-11-06,288.367035,299.672394,0.000000
1958-11-07,284.298798,298.894562,0.000000
1958-11-08,286.560699,300.189117,0.000000
1958-11-09,285.103668,299.341370,0.000000
1958-11-10,283.573578,298.847992,0.000000
1958-11-11,287.006195,300.487061,0.000000
1958-11-12,290.403015,302.001343,0.000000
1958-11-13,291.617035,300.562439,9.809631
1958-11-14,291.366394,298.951721,2.554183
1958-11-15,289.841339,297.818878,0.000000
1958-11-16,289.084137,299.669189,0.000000
1958-11-17,288.660278,299.159851,1.999987
1958-11-18,280.829041,293.597748,0.000000
1958-11-19,281.058441,295.082733,0.000000
1958-11-20,280.594269,294.829468,0.000000
1958-11-21,284.132477,299.469147,0.000000
1958-11-22,287.685577,298.241333,0.366847
1958-11-23,287.286377,297.113159,8.008964
1958-11-24,280.811523,295.336334,1.433009
1958-11-25,278.873840,292.449005,1.100621
1958-11-26,278.015961,292.849823,0.000000
1958-11-27,282.639496,299.175537,0.000000
1958-11-28,287.634552,299.455353,0.000000
1958-11-29,284.036591,298.073120,0.000000
1958-11-30,285.704590,295.201324,0.000000
1958-12-01,285.171753,296.399780,9.887752
1958-12-02,285.385590,297.149414,3.247228
1958-12-03,277.694092,288.935608,0.957735
1958-12-04,275.508606,284.210724,0.000000
1958-12-05,276.738129,286.796448,1.979101
1958-12-06,279.185516,295.493317,0.000000
1958-12-07,272.255951,288.911285,1.409020
1958-12-08,272.396118,282.074951,3.181767
1958-12-09,269.220184,281.546570,0.000000
1958-12-10,266.421021,277.118591,0.451701
1958-12-11,265.821198,276.739685,1.267426
1958-12-12,267.800995,277.557220,1.598751
1958-12-13,268.111206,275.895233,2.094790
1958-12-14,275.440643,283.659576,12.554909
1958-12-15,268.098053,278.387054,3.049530
1958-12-16,258.855835,274.681274,0.000000
1958-12-17,265.374908,277.958252,0.000000
1958-12-18,268.527405,276.792999,0.000000
1958-12-19,269.127533,280.218933,0.000000
1958-12-20,270.921631,282.845184,0.000000
1958-12-21,270.771423,285.971954,0.000000
1958-12-22,273.724182,289.593658,0.000000
1958-12-23,278.501160,289.802856,0.000000
1958-12-24,281.369812,292.718506,0.000000
1958-12-25,278.857849,291.093445,0.000000
1958-12-26,277.188110,291.932953,0.000000
1958-12-27,277.812683,290.286194,42.164032
1958-12-28,276.239471,284.995911,11.403765
1958-12-29,271.487244,280.222534,4.576771
1958-12-30,273.120605,288.165344,0.000000
1958-12-31,275.486450,285.698120,0.000000
1959-01-01,273.783630,287.566284,0.000000
1959-01-02,274.853699,285.658417,0.000000
1959-01-03,276.588318,286.882507,0.895174
1959-01-04,274.587524,286.220734,0.000000
1959-01-05,271.976257,280.080933,1.101731
1959-01-06,272.428345,282.026520,0.000000
1959-01-07,275.781158,287.475037,0.000000
1959-01-08,275.007690,290.356354,0.000000
1959-01-09,277.138611,291.308228,0.000000
1959-01-10,275.983795,290.400208,0.000000
1959-01-11,273.365814,291.297211,0.000000
1959-01-12,276.726624,294.050415,0.000000
1959-01-13,277.276154,292.476105,0.000000
1959-01-14,275.256287,292.320435,0.000000
1959-01-15,276.102936,294.157593,0.000000
1959-01-16,278.046661,295.220825,0.000000
1959-01-17,278.491913,295.327332,0.000000
1959-01-18,281.258514,295.804504,0.000000
1959-01-19,282.844360,292.991974,0.000000
1959-01-20,275.886047,291.169434,0.000000
1959-01-21,275.840576,291.234344,0.000000
1959-01-22,282.326202,296.727264,1.854031
1959-01-23,282.477112,296.107178,0.780980
1959-01-24,276.496277,295.928558,0.000000
1959-01-25,280.521942,295.064056,0.000000
1959-01-26,279.435242,296.679718,0.000000
1959-01-27,281.595032,295.269592,0.000000
1959-01-28,284.696106,293.969055,0.000000
1959-01-29,286.084534,296.414154,2.621948
1959-01-30,280.696350,292.647125,3.675242
1959-01-31,275.923370,288.905884,0.000000
1959-02-01,272.065796,287.069397,0.339234
1959-02-02,275.484985,291.346191,0.000000
1959-02-03,281.207458,290.989624,0.000000
1959-02-04,283.775238,289.438141,0.000000
1959-02-05,283.714813,288.776428,5.565407
1959-02-06,284.758026,292.629425,0.000000
1959-02-07,284.118591,299.168274,0.000000
1959-02-08,285.368774,297.645264,0.000000
1959-02-09,287.847351,298.593536,0.000000
1959-02-10,280.928314,297.346466,0.000000
1959-02-11,285.789612,295.097351,8.340676
1959-02-12,284.362488,294.724243,0.646549
1959-02-13,268.713470,288.463989,0.000000
1959-02-14,269.849487,286.557678,0.000000
1959-02-15,276.682587,290.946442,0.000000
1959-02-16,277.028168,292.456512,0.000000
1959-02-17,283.501007,292.083893,0.000000
1959-02-18,282.545837,291.497040,0.000000
1959-02-19,277.822693,293.336578,0.000000
1959-02-20,281.107178,297.737640,0.000000
1959-02-21,282.774078,299.208679,0.000000
1959-02-22,284.062286,298.969391,0.000000
1959-02-23,284.827209,297.680786,0.948303
1959-02-24,287.059601,294.353882,0.843805
1959-02-25,284.512634,295.532776,1.115165
1959-02-26,280.442383,298.763611,0.000000
1959-02-27,281.952850,301.859070,0.000000
1959-02-28,277.488190,301.565155,0.000000
1959-03-01,272.258026,288.350739,4.253194
1959-03-02,267.754944,284.511353,1.069207
1959-03-03,274.991547,294.200104,0.000000
1959-03-04,278.824829,297.596130,0.000000
1959-03-05,281.144104,297.393768,0.000000
1959-03-06,286.704407,300.274597,0.000000
1959-03-07,287.429108,303.025177,0.000000
1959-03-08,289.248993,299.601318,11.064574
1959-03-09,288.071106,294.190308,0.000000
1959-03-10,286.209808,300.181763,0.000000
1959-03-11,288.622101,303.068542,0.000000
1959-03-12,279.826569,302.025330,0.000000
1959-03-13,271.105225,286.925323,0.000000
1959-03-14,269.216736,279.614685,0.000000
1959-03-15,269.270142,287.388977,0.000000
1959-03-16,275.541779,295.585510,0.000000
1959-03-17,280.768982,298.871887,0.000000
1959-03-18,285.208069,298.586060,0.500976
1959-03-19,283.411163,289.471497,0.000000
1959-03-20,285.696289,298.451782,0.683308
1959-03-21,281.076050,298.531952,0.000000
1959-03-22,272.149567,294.634064,0.000000
1959-03-23,279.770813,299.912292,0.000000
1959-03-24,283.916443,303.063141,0.000000
1959-03-25,287.695892,305.938782,0.000000
1959-03-26,286.471741,305.682190,0.000000
1959-03-27,281.705963,298.971497,0.000000
1959-03-28,284.750122,301.197327,0.000000
1959-03-29,287.952942,303.019409,0.000000
1959-03-30,288.632965,302.568054,0.000000
1959-03-31,288.232483,300.404449,1.015629
1959-04-01,287.711731,297.751709,0.000000
1959-04-02,291.104614,300.347778,24.240385
1959-04-03,287.768188,299.786835,1.266137
1959-04-04,283.899597,300.023956,0.000000
1959-04-05,284.840210,294.805817,0.000000
1959-04-06,284.064636,292.286896,1.458048
1959-04-07,286.833099,294.797272,24.095352
1959-04-08,284.079895,295.844696,0.283203
1959-04-09,280.118134,294.138977,0.000000
1959-04-10,281.588470,294.966156,0.000000
1959-04-11,285.138458,294.113312,4.346688
1959-04-12,288.465363,300.951538,1.476154
1959-04-13,289.857422,300.436279,1.954294
1959-04-14,286.157837,301.857391,1.803515
1959-04-15,286.112244,304.576508,0.000000
1959-04-16,289.941254,306.046417,0.000000
1959-04-17,290.894958,306.254425,0.000000
1959-04-18,288.796906,304.672516,0.000000
1959-04-19,288.686584,294.120270,61.002575
1959-04-20,280.797791,290.915649,0.000000
1959-04-21,280.254425,295.794403,0.000000
1959-04-22,288.993805,294.889862,18.004616
1959-04-23,288.502472,298.780151,24.486237
1959-04-24,289.342438,299.316315,2.765002
1959-04-25,281.372925,295.900177,0.000000
1959-04-26,281.279816,294.845612,0.000000
1959-04-27,285.355164,295.041504,0.000000
1959-04-28,287.107483,302.239990,0.000000
1959-04-29,291.397522,304.754639,0.544556
1959-04-30,289.737854,305.083313,3.319298
1959-05-01,285.845551,302.275146,0.000000
1959-05-02,283.863220,301.654755,0.000000
1959-05-03,285.966400,302.002533,0.000000
1959-05-04,287.659363,303.298828,0.000000
1959-05-05,289.136322,303.846527,0.000000
1959-05-06,290.934296,304.047699,0.000000
1959-05-07,291.586243,303.448029,0.000000
1959-05-08,293.119171,302.577881,0.000000
1959-05-09,291.950226,299.783173,1.008811
1959-05-10,287.869110,295.352325,0.711078
1959-05-11,290.640564,300.654633,0.000000
1959-05-12,291.373688,299.406433,0.000000
1959-05-13,293.060242,296.268890,0.000000
1959-05-14,293.225677,295.858002,15.618751
1959-05-15,292.875488,302.931580,4.567530
1959-05-16,293.723633,300.999603,0.000000
1959-05-17,293.121735,299.893707,0.000000
1959-05-18,293.302032,300.151947,1.953323
1959-05-19,293.560669,301.481506,6.990079
1959-05-20,292.719055,300.777710,0.989361
1959-05-21,287.371307,297.158386,0.000000
1959-05-22,284.322815,300.700348,0.000000
1959-05-23,287.170410,304.180969,0.000000
1959-05-24,288.634918,305.815033,0.000000
1959-05-25,291.466675,307.494446,0.000000
1959-05-26,292.469482,308.525787,0.000000
1959-05-27,293.391235,307.437164,0.000000
1959-05-28,293.633484,305.427856,0.000000
1959-05-29,294.588593,304.702209,0.000000
1959-05-30,295.784332,303.229492,4.678839
1959-05-31,294.308716,303.566223,0.000000
1959-06-01,294.933899,303.551971,0.000000
1959-06-02,292.511261,306.655701,0.000000
1959-06-03,292.418304,308.896545,0.000000
1959-06-04,293.992432,309.034485,0.000000
1959-06-05,292.073792,308.180206,0.000000
1959-06-06,293.675598,306.676086,3.593315
1959-06-07,295.497711,303.323242,27.207039
1959-06-08,292.582764,302.274902,20.440920
1959-06-09,291.698578,302.739105,38.421719
1959-06-10,291.025543,300.728363,4.360764
1959-06-11,293.007050,305.925903,2.093619
1959-06-12,295.207153,303.727753,8.990553
1959-06-13,296.926361,303.549774,18.742098
1959-06-14,296.092926,305.772766,0.000000
1959-06-15,296.350739,305.698395,3.545008
1959-06-16,294.413971,301.143494,21.305000
1959-06-17,293.941406,304.320557,3.090491
1959-06-18,292.806152,306.802429,0.000000
1959-06-19,296.099915,309.462158,0.000000
1959-06-20,295.843353,308.909332,0.000000
1959-06-21,294.951843,307.250183,1.310432
1959-06-22,295.190826,305.483398,5.318528
1959-06-23,294.440063,306.794220,0.000000
1959-06-24,295.395905,308.482117,0.000000
1959-06-25,297.324432,309.999451,0.000000
1959-06-26,297.974884,309.964935,0.000000
1959-06-27,296.293365,309.949280,0.000000
1959-06-28,297.497437,308.729126,0.000000
1959-06-29,297.184265,307.777344,0.000000
1959-06-30,295.496887,306.366943,0.000000
1959-07-01,295.516083,304.988617,2.693515
1959-07-02,295.353302,306.455048,1.499155
1959-07-03,295.673126,306.081573,0.000000
1959-07-04,294.607422,305.027710,0.000000
1959-07-05,295.000641,307.392517,0.000000
1959-07-06,296.759705,308.888947,0.000000
1959-07-07,297.711151,306.200012,9.250094
1959-07-08,296.165771,303.653046,0.000000
1959-07-09,295.717010,305.333984,0.000000
1959-07-10,296.870880,307.474060,0.000000
1959-07-11,297.170868,309.840637,0.000000
1959-07-12,296.596527,309.877319,0.492044
1959-07-13,297.061249,309.349670,0.000000
1959-07-14,296.390747,308.765015,0.000000
1959-07-15,296.509094,308.441071,0.000000
1959-07-16,296.241974,309.922668,0.000000
1959-07-17,298.121765,312.264008,0.000000
1959-07-18,298.712769,312.546906,0.000000
1959-07-19,298.254700,311.910156,0.000000
1959-07-20,296.590485,310.275391,1.498805
1959-07-21,296.345673,309.502075,0.000000
1959-07-22,295.830170,309.333282,0.290226
1959-07-23,296.817535,310.527283,0.000000
1959-07-24,297.320892,310.813232,0.000000
1959-07-25,297.023651,309.742584,0.000000
1959-07-26,295.990509,309.266205,18.073187
1959-07-27,296.814606,308.098816,1.329098
1959-07-28,295.821991,308.055206,0.000000
1959-07-29,296.009003,306.663025,0.000000
1959-07-30,295.885956,307.742615,0.000000
1959-07-31,295.832794,307.690613,0.000000
1959-08-01,295.946594,306.664764,0.887894
1959-08-02,296.295105,306.394257,8.344566
1959-08-03,295.661652,307.214172,0.490609
1959-08-04,296.004120,306.804596,6.706174
1959-08-05,295.325500,307.359436,4.563282
1959-08-06,295.351959,307.883575,0.000000
1959-08-07,295.548645,308.056488,0.000000
1959-08-08,296.317230,310.243011,0.000000
1959-08-09,296.269867,309.807495,0.000000
1959-08-10,295.667145,308.988159,0.325183
1959-08-11,295.663818,307.024261,0.627420
1959-08-12,295.265594,308.417023,0.000000
1959-08-13,294.110718,308.087250,0.000000
1959-08-14,294.202972,308.276428,0.000000
1959-08-15,294.385071,308.280243,0.000000
1959-08-16,295.897034,308.144562,3.493963
1959-08-17,295.808807,306.741241,4.364295
1959-08-18,295.586823,306.514099,1.218309
1959-08-19,295.520447,307.107056,1.763930
1959-08-20,294.841644,306.755280,13.405793
1959-08-21,295.622833,305.653381,0.000000
1959-08-22,296.195496,305.434448,0.000000
1959-08-23,295.280823,309.091583,0.446286
1959-08-24,295.380493,307.105042,3.802289
1959-08-25,296.607513,307.169525,0.000000
1959-08-26,297.079346,307.108765,0.000000
1959-08-27,296.569550,306.756744,0.000000
1959-08-28,295.283722,306.160034,1.886066
1959-08-29,291.931335,306.507629,0.000000
1959-08-30,292.125244,306.790649,0.535913
1959-08-31,291.727356,307.306824,0.000000
1959-09-01,293.691345,306.902924,3.112461
1959-09-02,293.128174,307.490753,0.000000
1959-09-03,294.035217,307.090729,0.000000
1959-09-04,294.553009,304.178772,3.593507
1959-09-05,294.710327,303.754395,11.538018
1959-09-06,294.127686,303.622894,2.089909
1959-09-07,294.001526,303.081879,0.412620
1959-09-08,292.612457,305.245148,0.000000
1959-09-09,292.765900,306.270630,0.000000
1959-09-10,294.548401,306.683228,0.000000
1959-09-11,293.547546,303.199341,19.000862
1959-09-12,296.145721,303.638550,51.864990
1959-09-13,294.239380,304.322235,0.000000
1959-09-14,294.922241,305.757965,0.000000
1959-09-15,293.492950,306.275513,0.000000
1959-09-16,291.918823,306.514740,0.000000
1959-09-17,291.535706,307.764496,0.000000
1959-09-18,293.687897,307.021759,0.000000
1959-09-19,291.211945,306.303406,0.000000
1959-09-20,289.919586,306.662933,0.000000
1959-09-21,292.322937,307.543732,0.000000
1959-09-22,293.711670,307.373810,0.000000
1959-09-23,293.570251,306.086792,0.000000
1959-09-24,294.452881,307.150299,0.000000
1959-09-25,293.733917,305.758850,14.509531
1959-09-26,289.970947,296.574158,4.101923
1959-09-27,290.352386,299.130402,0.000000
1959-09-28,292.164673,300.134277,4.903172
1959-09-29,293.733459,301.965637,0.000000
1959-09-30,292.007904,302.545380,1.750655
1959-10-01,292.431152,302.817505,0.389340
1959-10-02,293.515717,302.269073,1.914690
1959-10-03,287.864319,299.582184,40.680473
1959-10-04,283.803894,295.853577,0.483369
1959-10-05,283.003204,293.082977,0.000000
1959-10-06,283.011658,297.523682,0.000000
1959-10-07,285.662750,299.540894,0.000000
1959-10-08,286.818726,303.044525,0.000000
1959-10-09,287.778839,303.774506,0.000000
1959-10-10,289.925537,303.389709,0.000000
1959-10-11,287.878601,302.997009,0.000000
1959-10-12,288.338837,303.770477,0.000000
1959-10-13,291.018158,304.793396,0.000000
1959-10-14,286.564240,304.445404,0.000000
1959-10-15,290.985321,296.473358,24.182331
1959-10-16,291.709167,297.957703,4.756244
1959-10-17,293.851837,297.483551,13.752222
1959-10-18,290.776581,297.224518,105.282143
1959-10-19,288.093292,297.584930,16.083874
1959-10-20,287.414886,298.612732,0.000000
1959-10-21,290.060150,296.340027,0.882754
1959-10-22,291.597076,297.602692,13.356058
1959-10-23,289.916626,295.713409,7.333641
1959-10-24,289.029877,295.450470,5.769296
1959-10-25,291.552399,297.468750,0.460946
1959-10-26,291.223206,298.441620,2.390792
1959-10-27,291.012848,297.947571,2.006902
1959-10-28,290.770874,298.000488,3.823779
1959-10-29,285.619781,297.138885,14.521891
1959-10-30,286.050201,292.040863,15.294989
1959-10-31,283.687714,290.809937,0.450503
1959-11-01,285.241638,292.886749,0.000000
1959-11-02,285.039459,292.300873,0.000000
1959-11-03,288.756744,296.728973,4.862903
1959-11-04,290.844208,298.201721,10.596236
1959-11-05,287.863647,296.206787,3.424098
1959-11-06,288.902863,293.231659,26.581985
1959-11-07,287.690979,293.573059,32.401188
1959-11-08,283.112793,292.513855,0.736960
1959-11-09,284.448547,294.780365,0.000000
1959-11-10,275.914764,291.679321,0.000000
1959-11-11,273.214508,286.524902,0.000000
1959-11-12,276.694519,291.007324,0.000000
1959-11-13,285.789795,296.511139,1.047142
1959-11-14,284.031158,295.306702,0.000000
1959-11-15,281.354828,295.306824,0.000000
1959-11-16,280.394287,296.126160,4.397432
1959-11-17,275.718384,289.459808,0.000000
1959-11-18,277.418213,295.564606,0.000000
1959-11-19,286.183929,300.148315,0.000000
1959-11-20,282.661407,299.087616,0.000000
1959-11-21,278.778046,295.281189,0.000000
1959-11-22,286.359161,295.840454,0.000000
1959-11-23,288.724487,297.834320,2.875510
1959-11-24,289.809540,298.237244,0.778375
1959-11-25,290.743652,301.594666,2.672194
1959-11-26,289.593201,301.282074,0.000000
1959-11-27,290.582153,301.143585,0.000000
1959-11-28,285.200653,300.033295,3.508152
1959-11-29,274.741211,290.828339,0.000000
1959-11-30,271.500702,284.781525,0.000000
1959-12-01,275.094360,288.372742,0.000000
1959-12-02,282.705475,297.299042,0.543279
1959-12-03,288.882996,300.243469,0.392873
1959-12-04,287.204559,298.667511,0.000000
1959-12-05,288.739136,301.483795,0.000000
1959-12-06,285.540344,299.723328,0.000000
1959-12-07,278.546967,297.416443,0.000000
1959-12-08,269.587250,284.365845,0.000000
1959-12-09,271.458466,290.261414,0.000000
1959-12-10,274.925323,294.083984,0.000000
1959-12-11,277.669312,294.758545,0.000000
1959-12-12,283.987701,297.490265,0.000000
1959-12-13,281.897644,295.628479,0.000000
1959-12-14,281.244324,297.158752,0.000000
1959-12-15,285.879120,299.178223,0.000000
1959-12-16,281.447174,296.985199,1.384684
1959-12-17,286.917603,298.011353,0.754883
1959-12-18,289.050934,296.864014,0.000000
1959-12-19,283.396912,295.637878,5.309469
1959-12-20,278.503906,288.760376,0.000000
1959-12-21,280.946503,290.808960,0.780659
1959-12-22,285.260925,296.170959,2.125508
1959-12-23,288.933594,297.305237,8.057013
1959-12-24,287.324127,293.291016,9.101935
1959-12-25,287.484833,293.145020,35.232414
1959-12-26,272.293671,293.419922,0.000000
1959-12-27,266.612274,277.734650,0.000000
1959-12-28,267.707764,277.218842,0.000000
1959-12-29,268.556610,280.507233,0.000000
1959-12-30,268.716553,280.818115,0.000000
1959-12-31,270.666412,282.458893,0.000000
1960-01-01,274.265472,284.508728,0.000000
1960-01-02,277.803528,291.312286,3.631458
1960-01-03,273.554626,291.371063,1.565924
1960-01-04,269.913239,279.804077,0.000000
1960-01-05,270.790222,284.302124,0.000000
1960-01-06,271.491150,284.787598,0.000000
1960-01-07,272.424072,285.904297,0.000000
1960-01-08,278.285217,285.581055,0.535632
1960-01-09,274.537933,284.556305,0.000000
1960-01-10,268.142181,279.729492,0.000000
1960-01-11,268.239288,275.027161,0.000000
1960-01-12,269.923431,283.275238,0.000000
1960-01-13,271.222534,288.142822,0.000000
1960-01-14,274.218262,285.363281,0.000000
1960-01-15,275.961700,287.899902,0.000000
1960-01-16,274.051727,286.591309,0.000000
1960-01-17,274.345306,287.888428,0.000000
1960-01-18,273.785522,286.486633,0.000000
1960-01-19,273.980286,290.925476,0.000000
1960-01-20,274.901611,292.242523,0.000000
1960-01-21,276.401917,291.631378,0.000000
1960-01-22,274.961639,291.854340,0.000000
1960-01-23,277.812225,293.777435,0.000000
1960-01-24,278.903961,295.650818,0.000000
1960-01-25,282.041656,295.888214,0.000000
1960-01-26,284.098999,295.659790,0.000000
1960-01-27,283.725555,296.946106,0.000000
1960-01-28,280.893036,297.838745,0.000000
1960-01-29,281.013855,299.092285,0.000000
1960-01-30,283.298340,298.229858,0.000000
1960-01-31,285.106689,298.478363,0.000000
1960-02-01,277.280304,294.697357,0.000000
1960-02-02,273.798309,286.378967,0.000000
1960-02-03,275.350403,295.838806,0.000000
1960-02-04,281.359161,295.324463,0.000000
1960-02-05,286.966858,296.447571,3.628752
1960-02-06,287.737427,296.106384,0.432037
1960-02-07,279.513763,295.306183,3.363323
1960-02-08,277.527405,287.130951,0.000000
1960-02-09,278.272522,286.835236,0.000000
1960-02-10,278.734436,284.724304,3.775251
1960-02-11,277.139008,285.500244,0.000000
1960-02-12,276.819489,285.746857,0.000000
1960-02-13,275.978638,287.347504,0.000000
1960-02-14,275.871521,294.271240,0.000000
1960-02-15,280.942230,294.925629,0.000000
1960-02-16,284.315247,297.896881,1.262797
1960-02-17,281.246216,300.276184,0.000000
1960-02-18,285.922394,300.003296,0.000000
1960-02-19,284.561371,296.783600,3.210010
1960-02-20,282.958984,288.644165,0.817326
1960-02-21,284.966797,294.692841,4.293026
1960-02-22,283.410919,293.776001,1.853446
1960-02-23,279.575958,294.536652,0.000000
1960-02-24,281.042633,297.369812,0.000000
1960-02-25,283.704285,295.910095,30.375692
1960-02-26,280.782867,293.250153,4.606319
1960-02-27,279.963776,291.901428,0.000000
1960-02-28,279.257751,294.230408,0.000000
1960-02-29,279.471130,294.862610,0.000000
1960-03-01,279.684540,295.494843,0.000000
1960-03-02,286.806396,297.372925,0.359874
1960-03-03,281.271576,295.930511,0.000000
1960-03-04,280.253357,294.715515,0.000000
1960-03-05,278.325745,294.881348,0.000000
1960-03-06,282.798981,299.778931,0.000000
1960-03-07,283.704376,299.967072,0.000000
1960-03-08,286.834076,299.679993,0.000000
1960-03-09,284.369720,298.971680,0.000000
1960-03-10,283.970154,300.319183,0.000000
1960-03-11,284.570435,302.145569,0.000000
1960-03-12,287.074707,304.012390,0.000000
1960-03-13,288.263031,305.045593,0.000000
1960-03-14,285.821228,304.880524,0.000000
1960-03-15,284.575745,299.755859,0.000000
1960-03-16,288.633270,302.069336,0.000000
1960-03-17,289.251770,300.844574,0.327561
1960-03-18,288.101013,297.017792,10.368650
1960-03-19,287.841370,292.924622,2.287761
1960-03-20,281.565460,291.515167,0.000000
1960-03-21,279.586029,295.713715,0.000000
1960-03-22,287.409363,297.212616,9.272286
1960-03-23,284.179443,290.608673,20.265987
1960-03-24,279.105560,283.463165,1.778298
1960-03-25,277.274078,286.874207,0.000000
1960-03-26,277.374176,292.210815,0.000000
1960-03-27,281.720947,295.901947,0.000000
1960-03-28,288.562042,299.779236,1.051674
1960-03-29,288.621033,302.372253,4.456834
1960-03-30,282.976501,291.764801,3.725923
1960-03-31,279.829224,299.467499,0.000000
1960-04-01,284.824890,298.786804,0.000000
1960-04-02,288.802551,301.733704,0.426444
1960-04-03,277.393860,299.002045,0.000000
1960-04-04,279.221100,297.160309,0.000000
1960-04-05,280.837769,297.105530,0.000000
1960-04-06,279.698608,293.500549,0.000000
1960-04-07,284.798767,292.681305,1.354841
1960-04-08,287.233582,296.114441,3.657639
1960-04-09,279.497589,295.634521,0.000000
1960-04-10,280.610962,294.014771,0.000000
1960-04-11,285.012207,299.370056,0.000000
1960-04-12,285.833984,301.952393,0.000000
1960-04-13,287.808960,304.920380,0.000000
1960-04-14,290.018768,305.128357,0.000000
1960-04-15,288.989349,304.789459,0.000000
1960-04-16,289.340546,305.652130,0.000000
1960-04-17,290.415070,304.712372,0.000000
1960-04-18,289.941406,303.603607,0.903610
1960-04-19,284.920227,302.202637,0.000000
1960-04-20,287.153687,304.261200,0.000000
1960-04-21,287.049896,305.962341,0.000000
1960-04-22,288.509155,305.888245,0.000000
1960-04-23,287.412811,304.288422,0.000000
1960-04-24,290.068756,303.063293,0.000000
1960-04-25,289.993408,301.592072,0.000000
1960-04-26,291.222504,302.401672,0.000000
1960-04-27,290.368652,302.331787,0.000000
1960-04-28,290.155273,301.839142,0.000000
1960-04-29,291.092407,304.198975,0.000000
1960-04-30,290.769592,304.008118,0.000000
1960-05-01,291.368835,296.740509,2.751292
1960-05-02,291.252472,299.340790,0.000000
1960-05-03,289.622986,303.476074,0.000000
1960-05-04,291.663116,302.879944,0.601255
1960-05-05,292.750946,299.868347,0.677453
1960-05-06,292.750488,297.691620,0.580572
1960-05-07,291.367615,297.168274,0.833148
1960-05-08,291.207336,295.708588,0.383096
1960-05-09,290.290466,298.498688,0.000000
1960-05-10,289.669769,299.814819,0.000000
1960-05-11,288.727203,301.876770,0.000000
1960-05-12,290.135315,302.324310,0.000000
1960-05-13,290.030792,303.212830,0.679091
1960-05-14,292.954132,302.736420,9.078564
1960-05-15,290.771271,303.274170,0.000000
1960-05-16,292.042847,303.293549,0.000000
1960-05-17,292.811127,303.424377,1.228587
1960-05-18,290.636780,304.405853,0.000000
1960-05-19,293.061829,305.109222,0.000000
1960-05-20,293.420715,305.477081,10.354244
1960-05-21,292.726929,302.913727,6.621785
1960-05-22,290.781555,299.563324,0.359507
1960-05-23,289.314453,300.947571,0.000000
1960-05-24,286.606506,303.641815,0.000000
1960-05-25,290.510956,307.910065,0.000000
1960-05-26,293.699158,307.941101,0.000000
1960-05-27,293.286987,307.683563,0.000000
1960-05-28,293.262939,307.209503,0.000000
1960-05-29,293.669067,307.481049,0.000000
1960-05-30,293.861298,307.498566,0.000000
1960-05-31,292.712250,305.966248,0.000000
1960-06-01,293.285065,305.561981,0.000000
1960-06-02,293.696198,304.960632,7.406271
1960-06-03,296.292023,306.773468,15.791015
1960-06-04,295.581329,309.370117,0.000000
1960-06-05,294.827606,307.760559,2.580618
1960-06-06,295.069122,300.965210,5.196895
1960-06-07,295.393097,305.885864,8.579455
1960-06-08,295.140015,310.001770,0.308816
1960-06-09,295.991577,310.410980,0.000000
1960-06-10,296.007019,309.832336,0.000000
1960-06-11,296.464539,310.602081,0.000000
1960-06-12,297.426697,313.141541,0.000000
1960-06-13,295.576080,312.918610,0.000000
1960-06-14,297.352661,312.452301,0.000000
1960-06-15,295.896881,311.215546,1.111342
1960-06-16,296.706848,307.114838,16.770731
1960-06-17,295.890137,305.136383,0.000000
1960-06-18,296.285828,306.542694,0.000000
1960-06-19,295.776733,306.094574,1.169702
1960-06-20,295.393982,305.679901,3.256968
1960-06-21,295.803802,301.924927,7.180152
1960-06-22,295.157623,300.406036,15.669981
1960-06-23,295.669922,306.392639,5.777703
1960-06-24,294.652313,306.266388,1.346408
1960-06-25,296.116638,308.217407,0.000000
1960-06-26,296.607269,308.822540,0.000000
1960-06-27,297.078918,306.980042,6.772917
1960-06-28,295.639740,306.635529,0.000000
1960-06-29,294.587555,307.570007,0.000000
1960-06-30,294.616333,307.060272,0.000000
1960-07-01,294.531616,306.217346,0.000000
1960-07-02,295.499451,307.340424,0.000000
1960-07-03,296.507172,308.669525,0.000000
1960-07-04,297.400116,309.273743,0.000000
1960-07-05,297.357300,308.620850,0.000000
1960-07-06,296.337311,309.755585,0.000000
1960-07-07,296.684906,309.805084,0.000000
1960-07-08,297.381378,310.042938,0.000000
1960-07-09,297.317566,310.696136,3.753798
1960-07-10,296.018311,307.701447,0.000000
1960-07-11,296.009827,307.207764,0.000000
1960-07-12,296.046875,308.445251,0.000000
1960-07-13,296.693970,308.719299,0.000000
1960-07-14,295.736938,308.600250,0.000000
1960-07-15,297.742645,309.564636,0.000000
1960-07-16,297.862244,309.493347,0.000000
1960-07-17,297.551117,311.327148,0.000000
1960-07-18,299.526337,311.835999,0.000000
1960-07-19,296.921997,311.868286,0.000000
1960-07-20,296.786591,308.551910,0.000000
1960-07-21,296.992950,309.138794,0.000000
1960-07-22,296.497406,310.291626,0.000000
1960-07-23,296.802399,310.589874,0.000000
1960-07-24,297.805176,310.594971,0.000000
1960-07-25,297.424744,310.242828,0.000000
1960-07-26,297.547485,310.496063,0.000000
1960-07-27,296.777557,309.647766,0.000000
1960-07-28,296.363098,309.403961,0.000000
1960-07-29,297.640472,309.112396,0.000000
1960-07-30,297.344086,309.852661,0.000000
1960-07-31,297.773773,309.359924,0.000000
1960-08-01,297.050934,307.659607,1.210859
1960-08-02,297.326996,308.649384,2.214660
1960-08-03,298.187622,310.485687,0.622087
1960-08-04,296.912445,310.655060,0.000000
1960-08-05,297.088135,309.965912,0.389788
1960-08-06,296.862366,308.150024,0.000000
1960-08-07,296.542297,308.370087,0.000000
1960-08-08,296.809418,307.716095,4.532662
1960-08-09,296.535736,307.362732,0.000000
1960-08-10,295.496948,308.308807,0.000000
1960-08-11,296.366394,309.599640,0.000000
1960-08-12,296.870483,309.329590,0.000000
1960-08-13,296.189758,308.973907,0.000000
1960-08-14,296.355927,309.621918,0.000000
1960-08-15,296.633881,309.755707,0.000000
1960-08-16,296.176544,309.644470,0.419628
1960-08-17,295.415924,308.285889,0.000000
1960-08-18,296.139191,305.900543,0.000000
1960-08-19,295.986755,305.736115,1.143040
1960-08-20,294.956299,306.447479,0.000000
1960-08-21,295.534576,306.350861,1.632609
1960-08-22,295.982666,306.863464,0.297436
1960-08-23,296.222382,307.089600,0.000000
1960-08-24,296.900208,305.560150,0.000000
1960-08-25,296.823425,304.287506,2.413709
1960-08-26,296.618958,307.765900,1.284816
1960-08-27,295.588165,309.666870,0.000000
1960-08-28,295.820648,309.254272,0.406699
1960-08-29,295.078888,307.467712,0.000000
1960-08-30,294.619324,306.785645,1.167684
1960-08-31,294.693726,305.552521,3.570520
1960-09-01,295.086731,306.196777,1.799562
1960-09-02,295.433807,307.320923,0.000000
1960-09-03,295.875031,307.612274,0.000000
1960-09-04,296.148773,309.207367,0.000000
1960-09-05,297.066711,310.645569,0.000000
1960-09-06,296.276825,310.245972,0.000000
1960-09-07,296.301819,308.422272,0.000000
1960-09-08,296.007629,307.279938,0.000000
1960-09-09,295.990387,305.148865,0.000000
1960-09-10,295.811859,303.792786,9.216232
1960-09-11,295.413605,305.310455,5.944803
1960-09-12,296.822083,305.470367,7.900037
1960-09-13,294.915436,307.383972,0.000000
1960-09-14,296.733643,307.445557,0.000000
1960-09-15,294.873199,306.165497,0.807341
1960-09-16,294.421417,305.730743,0.000000
1960-09-17,295.041168,305.373138,0.945313
1960-09-18,293.096039,306.218994,0.000000
1960-09-19,292.574738,306.279022,0.000000
1960-09-20,294.866669,305.132172,4.751353
1960-09-21,293.906952,304.224640,0.000000
1960-09-22,293.935913,304.672760,0.000000
1960-09-23,292.697052,305.007568,0.413623
1960-09-24,292.354370,303.753113,0.000000
1960-09-25,290.816925,304.580383,0.000000
1960-09-26,290.605042,307.733948,0.000000
1960-09-27,295.809540,308.575958,0.000000
1960-09-28,299.073578,307.970093,0.000000
1960-09-29,294.878235,307.732025,0.000000
1960-09-30,296.562531,307.750885,0.000000
1960-10-01,295.257782,307.003418,0.690196
1960-10-02,294.721375,304.032928,46.107819
1960-10-03,293.968781,298.914642,114.067322
1960-10-04,290.304565,299.657196,20.285631
1960-10-05,287.750366,302.816223,0.000000
1960-10-06,286.135040,302.385406,1.344138
1960-10-07,283.471100,290.700714,0.000000
1960-10-08,281.482758,298.072937,0.000000
1960-10-09,284.206116,299.509277,0.000000
1960-10-10,285.936920,299.636963,0.000000
1960-10-11,286.094971,300.954956,0.000000
1960-10-12,287.298920,301.067535,0.000000
1960-10-13,290.073212,300.171356,2.586259
1960-10-14,289.554321,297.581696,0.377138
1960-10-15,286.119720,301.440552,0.000000
1960-10-16,287.122559,303.182495,0.000000
1960-10-17,289.442078,302.925262,0.000000
1960-10-18,289.319672,303.691589,0.000000
1960-10-19,288.634033,304.024078,0.000000
1960-10-20,290.395233,303.605103,0.000000
1960-10-21,290.884399,304.771912,0.000000
1960-10-22,291.293579,305.177917,0.000000
1960-10-23,291.744873,304.356659,0.000000
1960-10-24,291.568970,304.541748,0.000000
1960-10-25,292.110046,303.547882,4.394660
1960-10-26,290.141754,299.176117,1.362875
1960-10-27,289.335022,302.226105,5.824965
1960-10-28,291.391449,304.786652,0.000000
1960-10-29,291.047821,304.263824,0.000000
1960-10-30,291.087158,302.300232,0.000000
1960-10-31,290.717773,300.636139,1.092795
1960-11-01,291.094269,300.320190,0.000000
1960-11-02,289.886169,298.161682,1.082672
1960-11-03,284.222229,294.607788,2.518735
1960-11-04,284.620148,294.060150,1.374270
1960-11-05,289.582947,295.512085,1.484405
1960-11-06,288.754120,295.129852,0.000000
1960-11-07,287.722595,295.144379,0.592657
1960-11-08,289.654633,298.571777,1.597963
1960-11-09,284.636047,297.841492,0.000000
1960-11-10,282.356598,298.259979,0.000000
1960-11-11,286.812500,300.415680,0.000000
1960-11-12,289.022949,302.629730,3.335908
1960-11-13,285.191284,301.122253,0.000000
1960-11-14,283.899628,293.515900,0.000000
1960-11-15,286.212006,300.494324,0.000000
1960-11-16,288.822510,300.979797,0.000000
1960-11-17,289.048645,300.665314,0.000000
1960-11-18,288.427826,300.289642,0.000000
1960-11-19,289.744873,299.913727,0.000000
1960-11-20,289.173950,300.449768,0.745782
1960-11-21,275.432007,297.098877,0.544631
1960-11-22,279.017578,290.921417,0.000000
1960-11-23,280.657654,288.230896,0.374123
1960-11-24,281.694794,290.257263,2.811406
1960-11-25,281.246399,288.287811,7.027801
1960-11-26,275.294708,287.022125,10.151636
1960-11-27,275.752838,288.829926,0.000000
1960-11-28,279.733704,290.365234,0.000000
1960-11-29,275.144257,288.868591,0.000000
1960-11-30,277.472870,298.446228,0.000000
1960-12-01,287.266510,301.878937,0.000000
1960-12-02,285.852081,301.699768,0.842251
1960-12-03,274.119965,293.357758,1.178453
1960-12-04,275.325226,285.318207,4.903126
1960-12-05,278.544891,290.081665,0.000000
1960-12-06,284.507935,295.121368,0.000000
1960-12-07,287.519623,296.354248,0.932501
1960-12-08,289.303192,298.158264,0.561011
1960-12-09,288.863403,298.621094,2.610194
1960-12-10,284.560883,298.272156,0.000000
1960-12-11,286.962555,296.459167,0.000000
1960-12-12,289.085205,297.930237,1.774386
1960-12-13,287.205475,297.438721,4.996433
1960-12-14,285.408844,298.255127,0.301425
1960-12-15,282.476685,291.149170,0.837822
1960-12-16,283.772247,295.183044,3.151634
1960-12-17,280.536865,294.536194,0.000000
1960-12-18,277.111664,290.573181,0.000000
1960-12-19,282.608154,289.385864,1.877341
1960-12-20,284.191467,297.065552,0.000000
1960-12-21,286.138947,296.497833,0.000000
1960-12-22,280.449615,290.236237,8.671028
1960-12-23,274.522644,284.262024,0.000000
1960-12-24,274.922913,289.760010,0.000000
1960-12-25,276.562836,291.167297,0.000000
1960-12-26,276.692230,289.491760,0.000000
1960-12-27,276.775635,292.144379,0.000000
1960-12-28,277.486023,292.084564,0.000000
1960-12-29,276.449554,293.248230,0.000000
1960-12-30,279.742340,293.259918,0.000000
1960-12-31,273.523346,289.311249,0.000000
1961-01-01,273.572662,290.558777,0.000000
1961-01-02,278.859924,294.268829,0.000000
1961-01-03,284.795502,295.168152,0.000000
1961-01-04,287.323883,294.581451,1.142787
1961-01-05,287.506256,295.967621,2.696293
1961-01-06,288.920258,297.295197,4.420060
1961-01-07,286.068878,294.800171,6.382607
1961-01-08,278.938141,294.464966,13.646384
1961-01-09,280.512512,289.015442,7.879448
1961-01-10,280.286041,291.631439,0.440239
1961-01-11,280.189240,292.700165,0.000000
1961-01-12,267.292572,292.370941,1.521481
1961-01-13,265.808807,273.806458,2.671154
1961-01-14,268.497284,278.263794,0.000000
1961-01-15,271.836365,282.893829,0.000000
1961-01-16,275.039429,285.482300,1.634098
1961-01-17,280.543610,295.198456,0.000000
1961-01-18,287.500519,295.713989,1.145899
1961-01-19,288.525452,296.352600,0.000000
1961-01-20,286.665558,295.563354,0.865532
1961-01-21,280.582550,292.791168,0.000000
1961-01-22,280.484344,288.030487,6.291431
1961-01-23,274.274170,291.684509,8.474751
1961-01-24,269.353180,278.773041,2.292616
1961-01-25,273.784668,281.556244,4.760807
1961-01-26,273.341980,285.121704,0.000000
1961-01-27,277.327393,284.881897,5.178043
1961-01-28,279.559509,289.633270,0.307706
1961-01-29,281.795410,290.036621,4.755425
1961-01-30,274.534973,287.628815,7.900267
1961-01-31,273.011230,277.939606,3.138895
1961-02-01,266.106964,277.767609,0.441078
1961-02-02,274.554535,283.289215,7.658544
1961-02-03,282.220337,290.570557,7.325317
1961-02-04,280.758362,287.901459,0.517676
1961-02-05,283.924164,293.549469,0.887153
1961-02-06,277.143311,291.861664,0.000000
1961-02-07,271.453339,281.634918,0.000000
1961-02-08,274.904449,284.174561,0.000000
1961-02-09,279.044952,293.512787,1.256974
1961-02-10,274.588287,292.643799,0.396094
1961-02-11,271.187714,277.002167,3.853540
1961-02-12,265.884491,284.380798,0.000000
1961-02-13,273.553436,287.486664,0.000000
1961-02-14,276.867645,286.917969,0.930204
1961-02-15,283.123657,297.581635,0.000000
1961-02-16,281.010590,293.966919,1.791106
1961-02-17,277.356873,290.928253,0.000000
1961-02-18,278.568726,290.028442,0.000000
1961-02-19,282.331818,290.296509,26.304874
1961-02-20,281.259155,287.009216,6.210081
1961-02-21,279.277130,290.188782,0.000000
1961-02-22,279.611511,294.236755,0.000000
1961-02-23,279.710846,292.634399,0.000000
1961-02-24,280.873657,294.819916,0.000000
1961-02-25,277.180695,293.627197,0.000000
1961-02-26,273.424927,289.036102,0.000000
1961-02-27,276.432983,295.417542,0.000000
1961-02-28,278.521851,295.221222,0.000000
1961-03-01,279.718109,298.758667,0.000000
1961-03-02,283.676788,303.868927,0.000000
1961-03-03,286.223419,303.571259,0.000000
1961-03-04,284.494354,300.966858,0.000000
1961-03-05,286.832397,304.141388,0.000000
1961-03-06,288.736969,303.646576,0.000000
1961-03-07,281.643616,295.194366,0.000000
1961-03-08,282.378510,293.329102,0.000000
1961-03-09,279.821259,293.249878,0.000000
1961-03-10,281.591339,294.790588,0.000000
1961-03-11,281.853333,298.477844,0.000000
1961-03-12,286.400085,299.149536,0.000000
1961-03-13,286.899384,300.739868,0.000000
1961-03-14,282.203400,300.692749,0.000000
1961-03-15,279.692841,291.881439,0.000000
1961-03-16,282.160278,296.304443,0.000000
1961-03-17,286.855530,294.464111,0.000000
1961-03-18,286.807892,295.989685,0.000000
1961-03-19,289.148041,295.824951,1.389106
1961-03-20,287.390350,297.377747,0.000000
1961-03-21,289.632324,298.863312,0.000000
1961-03-22,286.450623,299.009827,0.314455
1961-03-23,283.759979,301.297211,0.000000
1961-03-24,288.435883,304.104126,0.414697
1961-03-25,288.461548,304.148987,0.755130
1961-03-26,282.654480,299.745087,0.000000
1961-03-27,286.803284,301.643127,0.000000
1961-03-28,281.398621,301.829468,0.000000
1961-03-29,277.541382,285.507751,1.827425
1961-03-30,277.361725,292.446381,0.000000
1961-03-31,280.353088,298.336304,0.000000
1961-04-01,282.739075,300.816162,0.000000
1961-04-02,285.168060,303.726807,0.000000
1961-04-03,288.482269,306.214294,0.000000
1961-04-04,288.509949,306.165985,0.000000
1961-04-05,289.629913,304.490540,0.000000
1961-04-06,291.776398,303.624634,0.000000
1961-04-07,287.081421,301.557312,2.866008
1961-04-08,282.642395,300.682343,0.705920
1961-04-09,287.232086,303.965302,0.000000
1961-04-10,291.706512,303.836761,0.000000
1961-04-11,291.751617,302.205780,0.000000
1961-04-12,292.192993,300.230896,1.066015
1961-04-13,291.915466,298.324249,0.000000
1961-04-14,291.009918,302.357391,0.000000
1961-04-15,291.050842,301.980438,13.473749
1961-04-16,289.002319,300.440216,13.906916
1961-04-17,288.487946,299.551544,2.248887
1961-04-18,286.649017,298.198975,0.000000
1961-04-19,285.348602,299.630493,0.000000
1961-04-20,287.524017,299.767120,0.000000
1961-04-21,289.029449,298.009155,5.045845
1961-04-22,289.940186,300.845856,13.598930
1961-04-23,288.749268,303.092865,0.840715
1961-04-24,289.061981,302.605499,0.000000
1961-04-25,287.617706,304.347717,0.000000
1961-04-26,289.678131,301.217682,1.365079
1961-04-27,292.123779,297.453735,12.076119
1961-04-28,292.361938,302.027313,5.888794
1961-04-29,292.865692,302.083221,0.000000
1961-04-30,293.332031,301.825409,1.424925
1961-05-01,291.902496,301.979675,0.911852
1961-05-02,291.917725,301.368652,0.000000
1961-05-03,293.602020,298.734741,0.328142
1961-05-04,294.470642,298.601288,42.824505
1961-05-05,292.804962,298.203796,22.061602
1961-05-06,293.751221,303.205872,8.314044
1961-05-07,285.622162,301.599640,0.000000
1961-05-08,283.954803,296.643707,0.000000
1961-05-09,287.668823,298.651611,0.000000
1961-05-10,291.459351,304.382721,1.210142
1961-05-11,293.167938,307.017487,0.000000
1961-05-12,293.832764,309.491119,0.000000
1961-05-13,294.076477,309.899200,0.000000
1961-05-14,297.695129,312.828918,0.000000
1961-05-15,296.035065,312.955994,0.000000
1961-05-16,293.525574,304.948395,0.000000
1961-05-17,292.964325,304.572144,0.000000
1961-05-18,293.705963,305.486786,0.000000
1961-05-19,293.960815,305.957886,0.000000
1961-05-20,293.091248,305.770966,0.000000
1961-05-21,293.701416,304.816742,0.796108
1961-05-22,292.804932,304.589111,3.893255
1961-05-23,293.311401,305.685516,1.142101
1961-05-24,293.415558,306.821899,0.000000
1961-05-25,296.150879,306.290833,0.000000
1961-05-26,293.700653,304.413666,0.000000
1961-05-27,293.765228,303.276703,0.347123
1961-05-28,290.411987,302.793732,0.000000
1961-05-29,290.789612,303.950134,0.000000
1961-05-30,290.598846,304.786621,0.000000
1961-05-31,293.428497,304.112854,0.000000
1961-06-01,295.600250,302.971222,3.594944
1961-06-02,294.945038,306.033417,0.000000
1961-06-03,294.958099,306.577454,0.000000
1961-06-04,294.770172,304.212341,0.000000
1961-06-05,293.227814,303.557312,1.440940
1961-06-06,294.801422,304.140717,4.413673
1961-06-07,293.958618,305.913849,0.398605
1961-06-08,295.027374,304.628937,0.508013
1961-06-09,296.102783,303.184021,0.786084
1961-06-10,296.462036,305.716156,4.455327
1961-06-11,296.074341,305.490692,8.665658
1961-06-12,295.612183,304.815582,0.886034
1961-06-13,296.417755,305.552673,1.266896
1961-06-14,293.328644,306.413940,0.341533
1961-06-15,294.612000,302.832428,0.920878
1961-06-16,294.654572,303.123993,0.000000
1961-06-17,294.134766,302.683075,13.682801
1961-06-18,294.774353,302.245117,0.759365
1961-06-19,294.241333,304.158539,1.162028
1961-06-20,294.767609,303.717102,0.000000
1961-06-21,294.796692,303.088623,2.242577
1961-06-22,294.503540,303.574554,0.000000
1961-06-23,294.309845,306.674194,0.000000
1961-06-24,294.865753,308.067139,0.000000
1961-06-25,295.746124,307.980743,0.000000
1961-06-26,296.345459,309.068512,0.000000
1961-06-27,297.654205,311.024689,0.000000
1961-06-28,298.585388,310.924530,0.000000
1961-06-29,297.783356,310.824524,1.434872
1961-06-30,295.937775,305.996796,0.000000
1961-07-01,296.654388,305.490356,2.827288
1961-07-02,295.850891,306.033417,0.000000
1961-07-03,295.344849,306.410553,0.000000
1961-07-04,295.730621,306.551697,0.000000
1961-07-05,295.429626,306.545410,0.000000
1961-07-06,296.638306,307.088745,0.000000
1961-07-07,295.840424,307.136414,0.000000
1961-07-08,296.153687,309.540894,0.000000
1961-07-09,297.508820,310.807037,0.000000
1961-07-10,297.337311,310.545410,0.000000
1961-07-11,296.195526,307.803284,0.340338
1961-07-12,297.049957,308.214539,0.000000
1961-07-13,296.162537,307.885590,0.000000
1961-07-14,295.516876,307.585419,0.000000
1961-07-15,295.994873,309.225677,0.000000
1961-07-16,296.071228,310.248169,0.000000
1961-07-17,296.411163,309.938232,0.000000
1961-07-18,296.952057,309.034943,0.000000
1961-07-19,296.912994,308.162018,0.000000
1961-07-20,296.134430,307.959106,0.000000
1961-07-21,296.876434,307.757172,0.000000
1961-07-22,296.178040,307.033203,0.000000
1961-07-23,296.423157,307.377045,0.000000
1961-07-24,296.343475,309.030975,0.000000
1961-07-25,297.147583,310.347290,0.000000
1961-07-26,298.060364,310.822693,0.000000
1961-07-27,296.848816,305.737823,10.864264
1961-07-28,295.064911,309.430511,0.000000
1961-07-29,296.889374,309.363098,0.000000
1961-07-30,297.862183,309.597290,0.000000
1961-07-31,297.030365,309.498566,0.000000
1961-08-01,295.963593,308.654022,0.000000
1961-08-02,296.898376,308.006592,14.577230
1961-08-03,298.423645,306.618866,9.435862
1961-08-04,297.147522,304.132568,8.783590
1961-08-05,294.841522,307.054932,0.000000
1961-08-06,295.893341,307.307983,0.000000
1961-08-07,296.363647,306.778564,0.000000
1961-08-08,296.483459,306.998383,0.000000
1961-08-09,295.660461,307.740784,0.000000
1961-08-10,297.109680,308.083923,0.287854
1961-08-11,297.807190,308.061249,0.294759
1961-08-12,295.744965,307.846710,0.000000
1961-08-13,294.665558,310.552277,0.000000
1961-08-14,298.437775,311.432098,0.000000
1961-08-15,300.141479,311.063019,1.875175
1961-08-16,299.004913,311.371552,0.000000
1961-08-17,298.734467,308.240448,20.834558
1961-08-18,297.311829,303.880402,7.380808
1961-08-19,296.247650,305.514282,6.123281
1961-08-20,296.134766,308.883240,0.000000
1961-08-21,297.801971,309.197235,0.000000
1961-08-22,297.736603,306.865143,1.706116
1961-08-23,298.173676,304.592407,2.762281
1961-08-24,296.987335,307.192169,1.733521
1961-08-25,295.803284,310.134979,0.000000
1961-08-26,297.407410,310.856750,0.000000
1961-08-27,298.603363,310.945038,0.000000
1961-08-28,297.701447,310.273743,0.000000
1961-08-29,295.944244,309.449432,0.000000
1961-08-30,295.999298,308.281433,0.000000
1961-08-31,296.833984,307.029236,0.769393
1961-09-01,295.225250,306.099762,0.636005
1961-09-02,294.339905,306.352142,0.000000
1961-09-03,293.535187,309.823700,0.000000
1961-09-04,295.653015,309.977875,0.000000
1961-09-05,294.325897,308.231598,0.000000
1961-09-06,295.933929,305.148956,6.710093
1961-09-07,295.982391,305.214417,1.144378
1961-09-08,295.070984,306.661621,0.000000
1961-09-09,295.228485,307.325806,0.000000
1961-09-10,296.406616,306.583313,2.795771
1961-09-11,297.255066,303.922638,3.633353
1961-09-12,295.536987,302.790405,1.298239
1961-09-13,294.411530,305.666595,0.000000
1961-09-14,292.128418,308.331543,0.000000
1961-09-15,295.717255,309.380920,0.000000
1961-09-16,295.678741,308.823395,0.000000
1961-09-17,297.267365,309.698242,0.000000
1961-09-18,297.727051,313.290344,0.000000
1961-09-19,298.124268,313.623016,0.000000
1961-09-20,297.981537,312.505341,0.000000
1961-09-21,296.830902,309.291840,0.000000
1961-09-22,295.664429,307.364777,0.000000
1961-09-23,295.108765,306.242035,0.000000
1961-09-24,294.241394,304.796997,0.000000
1961-09-25,294.732941,305.650513,17.050438
1961-09-26,294.665710,304.295563,2.760778
1961-09-27,293.316376,304.445953,5.981326
1961-09-28,293.340393,305.750153,0.000000
1961-09-29,292.207977,305.164825,0.000000
1961-09-30,293.537689,304.733276,0.000000
1961-10-01,292.881165,303.869598,8.256412
1961-10-02,292.706940,298.704865,8.097188
1961-10-03,293.751648,300.419922,33.160267
1961-10-04,289.193146,298.673981,5.339797
1961-10-05,285.057251,298.159973,0.000000
1961-10-06,284.356384,298.594666,0.000000
1961-10-07,286.090576,299.406036,0.000000
1961-10-08,287.158142,300.088898,0.000000
1961-10-09,289.445557,302.120178,0.000000
1961-10-10,290.629211,302.598145,0.000000
1961-10-11,290.023224,301.679169,30.332188
1961-10-12,289.713470,303.285309,0.000000
1961-10-13,288.960083,305.016632,0.000000
1961-10-14,290.751892,304.411224,0.000000
1961-10-15,286.988922,302.508606,0.000000
1961-10-16,288.707458,302.296478,0.000000
1961-10-17,284.846100,301.481506,0.000000
1961-10-18,285.240845,300.716949,0.000000
1961-10-19,285.546692,301.247253,0.000000
1961-10-20,286.889740,302.339447,0.000000
1961-10-21,287.749878,302.956879,0.000000
1961-10-22,289.318451,304.302551,0.000000
1961-10-23,290.059967,304.254028,0.000000
1961-10-24,290.309479,305.437347,0.000000
1961-10-25,292.041992,304.968933,0.000000
1961-10-26,292.167358,302.086761,0.911394
1961-10-27,291.471527,301.594513,0.000000
1961-10-28,291.909943,305.416748,0.000000
1961-10-29,289.983582,304.442657,0.000000
1961-10-30,285.154694,299.362549,0.000000
1961-10-31,284.500397,300.067383,0.000000
1961-11-01,285.225983,301.523224,0.000000
1961-11-02,286.083008,302.358612,0.000000
1961-11-03,289.117371,302.166260,0.000000
1961-11-04,288.396118,301.635895,0.000000
1961-11-05,288.238678,302.228912,0.000000
1961-11-06,290.631622,301.311920,0.000000
1961-11-07,292.882263,299.670288,1.592943
1961-11-08,292.050995,299.333740,3.451385
1961-11-09,284.055878,295.126251,0.000000
1961-11-10,280.082428,294.295441,0.000000
1961-11-11,280.570129,299.709625,0.000000
1961-11-12,285.925415,303.289551,0.000000
1961-11-13,287.518188,303.758118,0.000000
1961-11-14,288.365723,303.277740,0.000000
1961-11-15,289.640961,302.404053,0.000000
1961-11-16,286.957428,294.721191,0.000000
1961-11-17,285.430573,297.871307,0.000000
1961-11-18,285.899811,299.182526,0.000000
1961-11-19,285.327728,300.623779,0.000000
1961-11-20,281.018646,295.504517,40.155445
1961-11-21,273.307495,288.121979,0.000000
1961-11-22,273.720856,284.186462,3.619006
1961-11-23,274.985138,291.202332,0.000000
1961-11-24,276.423187,293.504425,0.000000
1961-11-25,278.159302,292.622711,0.000000
1961-11-26,280.021027,295.017853,0.000000
1961-11-27,281.704071,296.389252,0.464117
1961-11-28,280.029846,296.861023,0.000000
1961-11-29,284.170807,298.130768,0.000000
1961-11-30,289.083984,298.438354,0.000000
1961-12-01,281.315033,297.990662,4.866690
1961-12-02,276.789917,287.214172,1.384261
1961-12-03,276.565521,286.064819,7.491577
1961-12-04,277.788055,288.400726,0.000000
1961-12-05,274.493134,288.706116,0.000000
1961-12-06,277.150970,292.735535,0.571501
1961-12-07,276.524231,291.098999,0.000000
1961-12-08,275.006714,291.379700,0.000000
1961-12-09,281.468719,297.548004,0.000000
1961-12-10,278.833679,296.233002,0.000000
1961-12-11,278.081604,296.518677,0.000000
1961-12-12,281.722168,294.532227,0.000000
1961-12-13,283.961395,291.963409,0.570506
1961-12-14,286.538300,295.527008,1.274143
1961-12-15,280.357971,295.089294,1.602724
1961-12-16,280.294250,288.561005,0.000000
1961-12-17,277.785553,287.866760,0.000000
1961-12-18,277.872314,286.617737,0.000000
1961-12-19,267.587311,286.887299,0.000000
1961-12-20,266.180847,279.250885,0.000000
1961-12-21,269.877319,278.500885,0.000000
1961-12-22,276.519989,284.304810,69.055443
1961-12-23,273.722504,281.436310,7.417819
1961-12-24,264.856293,274.872925,0.000000
1961-12-25,266.775513,275.756104,0.000000
1961-12-26,267.922394,274.834076,0.614965
1961-12-27,268.762451,279.054321,6.831725
1961-12-28,276.148926,284.460144,15.763343
1961-12-29,274.413422,283.273468,0.340623
1961-12-30,274.430603,284.407532,1.360952
1961-12-31,280.163971,291.561218,13.081656
1962-01-01,269.453033,289.607666,0.744585
1962-01-02,269.424194,275.514343,3.722305
1962-01-03,269.544617,277.238251,3.621289
1962-01-04,271.277832,278.241180,15.576447
1962-01-05,268.982269,277.995087,0.000000
1962-01-06,268.410187,277.596130,0.000000
1962-01-07,273.339661,279.783752,0.000000
1962-01-08,271.089752,277.762115,0.821609
1962-01-09,273.075317,278.873810,2.967653
1962-01-10,273.014343,278.590363,6.929592
1962-01-11,272.942627,280.195892,1.854488
1962-01-12,272.925262,283.266510,0.000000
1962-01-13,275.651764,286.796814,0.000000
1962-01-14,279.078003,290.634735,1.480758
1962-01-15,283.877502,293.107849,1.358056
1962-01-16,285.904602,294.881561,3.737088
1962-01-17,281.002960,292.175873,0.000000
1962-01-18,280.436340,291.887115,0.000000
1962-01-19,284.503204,293.334961,3.355169
1962-01-20,281.660156,291.921875,4.104550
1962-01-21,278.203735,292.300415,0.000000
1962-01-22,282.948700,293.833649,0.000000
1962-01-23,282.440063,292.175293,0.000000
1962-01-24,280.256653,289.689911,1.274033
1962-01-25,283.589508,293.823547,0.569673
1962-01-26,278.596771,290.357544,0.000000
1962-01-27,277.747986,287.292694,1.649324
1962-01-28,281.464783,295.923492,2.559870
1962-01-29,268.572357,292.923706,0.000000
1962-01-30,268.393188,279.455200,0.000000
1962-01-31,271.267944,281.886505,0.000000
1962-02-01,275.537659,283.521667,0.479992
1962-02-02,276.808716,283.502106,2.826108
1962-02-03,277.105408,285.147430,0.000000
1962-02-04,282.316589,291.333221,9.719430
1962-02-05,284.318542,294.184296,4.721269
1962-02-06,282.407532,291.544189,2.175732
1962-02-07,277.365845,288.702850,3.627059
1962-02-08,272.947968,286.837189,0.000000
1962-02-09,276.860077,286.993256,0.000000
1962-02-10,278.476196,288.196381,0.000000
1962-02-11,280.005219,287.710358,5.880551
1962-02-12,281.789001,291.151978,9.546247
1962-02-13,287.168793,299.525391,1.454922
1962-02-14,285.906525,296.718445,2.866485
1962-02-15,282.847046,295.208344,0.000000
1962-02-16,286.083649,294.007965,1.632235
1962-02-17,286.535645,295.342255,2.523997
1962-02-18,280.859070,295.097473,0.000000
1962-02-19,277.290222,289.053986,0.000000
1962-02-20,277.148315,288.436249,0.000000
1962-02-21,281.605164,291.354614,4.763502
1962-02-22,275.708496,294.013489,0.000000
1962-02-23,273.851135,292.656403,0.000000
1962-02-24,272.490448,288.407410,0.000000
1962-02-25,273.792053,291.063019,0.000000
1962-02-26,277.392914,292.988037,0.000000
1962-02-27,281.466217,294.803711,0.000000
1962-02-28,281.386139,295.216431,0.000000
1962-03-01,284.957336,293.639771,0.000000
1962-03-02,287.613495,294.301941,31.372862
1962-03-03,287.356842,293.829712,17.404314
1962-03-04,285.788452,296.529999,0.686422
1962-03-05,288.107758,295.266846,0.652197
1962-03-06,287.847107,293.549561,4.161484
1962-03-07,280.771057,292.474182,0.000000
1962-03-08,278.344360,291.532288,0.000000
1962-03-09,276.827423,292.391022,0.000000
1962-03-10,283.616394,298.469849,1.580685
1962-03-11,286.483673,302.098541,1.278730
1962-03-12,288.895569,301.931427,1.328963
1962-03-13,285.134277,298.114227,0.483911
1962-03-14,279.147888,292.671661,0.000000
1962-03-15,282.410522,291.626404,0.000000
1962-03-16,280.398529,296.903503,0.000000
1962-03-17,286.703918,294.563904,0.000000
1962-03-18,287.011383,296.965363,2.792809
1962-03-19,283.987183,296.526031,0.000000
1962-03-20,283.144501,297.248779,0.000000
1962-03-21,283.755035,302.776764,0.000000
1962-03-22,283.433716,302.313965,0.000000
1962-03-23,277.979645,292.221527,0.000000
1962-03-24,281.279724,292.379944,0.000000
1962-03-25,282.598846,291.615540,2.094616
1962-03-26,282.413086,291.576935,18.907234
1962-03-27,279.452728,291.660675,0.366152
1962-03-28,277.576263,288.029846,0.000000
1962-03-29,278.263428,293.007568,0.000000
1962-03-30,284.821106,296.718323,4.144828
1962-03-31,281.663513,297.201538,0.000000
1962-04-01,279.880585,296.428619,0.000000
1962-04-02,283.535339,300.997406,0.000000
1962-04-03,283.414032,301.598328,0.000000
1962-04-04,288.130585,301.094299,0.000000
1962-04-05,291.316132,299.137360,0.000000
1962-04-06,291.435638,299.426117,0.000000
1962-04-07,287.753143,300.584595,0.000000
1962-04-08,283.739838,299.193787,0.000000
1962-04-09,284.561920,298.717377,0.000000
1962-04-10,284.014526,298.088440,0.000000
1962-04-11,288.272003,299.526642,0.000000
1962-04-12,288.329529,300.841675,0.000000
1962-04-13,288.776550,300.875763,0.000000
1962-04-14,288.888367,301.367157,0.000000
1962-04-15,288.740417,301.376617,0.000000
1962-04-16,290.331635,301.388763,0.000000
1962-04-17,291.871429,300.633026,5.996762
1962-04-18,287.312042,301.802429,0.323602
1962-04-19,286.319672,304.205475,0.000000
1962-04-20,289.706726,303.773315,0.000000
1962-04-21,288.180084,299.034088,1.176829
1962-04-22,291.186676,303.970306,0.000000
1962-04-23,289.417053,303.477875,14.276710
1962-04-24,286.869659,298.727020,6.872036
1962-04-25,284.128571,296.933716,0.000000
1962-04-26,285.733398,300.354675,0.000000
1962-04-27,286.423248,306.043213,0.000000
1962-04-28,293.037476,311.240692,0.000000
1962-04-29,293.200470,311.295410,0.000000
1962-04-30,292.830109,305.478333,0.000000
1962-05-01,294.463806,304.662689,0.000000
1962-05-02,293.241089,300.044159,0.502442
1962-05-03,294.291443,299.632324,17.508804
1962-05-04,289.734131,299.373962,13.185040
1962-05-05,291.787750,298.587860,13.475729
1962-05-06,294.078796,298.539581,18.132685
1962-05-07,294.358978,299.944916,0.000000
1962-05-08,293.830719,299.367737,0.000000
1962-05-09,291.772400,298.458099,0.000000
1962-05-10,293.771729,301.230927,0.000000
1962-05-11,293.521637,301.111816,0.000000
1962-05-12,293.742371,299.090973,0.000000
1962-05-13,295.436401,303.576233,8.239606
1962-05-14,294.095490,302.281708,0.000000
1962-05-15,296.630127,299.744934,0.289882
1962-05-16,294.756805,305.429657,0.000000
1962-05-17,291.950562,308.358215,0.000000
1962-05-18,293.899658,309.347687,0.000000
1962-05-19,296.667938,308.896515,0.308746
1962-05-20,296.479797,306.525421,0.000000
1962-05-21,295.387299,305.482880,0.000000
1962-05-22,294.357056,304.910583,9.760111
1962-05-23,293.824982,303.880249,0.000000
1962-05-24,292.897583,304.297668,0.000000
1962-05-25,294.840393,304.044434,0.000000
1962-05-26,295.896729,305.211578,0.000000
1962-05-27,295.401367,307.779907,0.000000
1962-05-28,293.838226,307.778442,0.000000
1962-05-29,293.296570,306.228851,1.103370
1962-05-30,293.551208,305.273590,9.115650
1962-05-31,294.652130,309.159698,3.092808
1962-06-01,293.644562,310.119232,0.000000
1962-06-02,294.587250,310.251282,1.022544
1962-06-03,294.760834,309.857910,2.077017
1962-06-04,297.125092,305.830902,2.050577
1962-06-05,296.444611,304.413910,10.170918
1962-06-06,294.349823,307.404694,0.000000
1962-06-07,292.339417,307.963837,0.288853
1962-06-08,294.455566,308.028442,0.791080
1962-06-09,296.083069,306.616180,0.435052
1962-06-10,296.666138,306.398621,0.556240
1962-06-11,297.238953,304.067932,23.810886
1962-06-12,295.475189,306.231445,3.927643
1962-06-13,295.394867,307.677643,0.000000
1962-06-14,294.702118,306.738373,5.441711
1962-06-15,295.185791,302.403564,42.748177
1962-06-16,296.861115,302.351440,9.157665
1962-06-17,294.956696,305.112549,3.755442
1962-06-18,294.589813,307.070068,1.819513
1962-06-19,296.651398,307.396088,12.945183
1962-06-20,296.960876,307.806915,6.590411
1962-06-21,296.697968,307.464111,4.693666
1962-06-22,297.688019,307.994751,1.682372
1962-06-23,298.523132,309.181183,0.000000
1962-06-24,297.609558,308.503662,12.110445
1962-06-25,297.139404,306.290466,5.536914
1962-06-26,296.879211,307.065674,2.780639
1962-06-27,296.413757,307.139862,0.697320
1962-06-28,297.209381,309.266357,0.000000
1962-06-29,296.717957,308.518219,0.000000
1962-06-30,295.735046,307.719910,0.000000
1962-07-01,296.085297,307.593964,0.000000
1962-07-02,295.392609,307.220459,1.019303
1962-07-03,295.006287,307.339447,0.000000
1962-07-04,294.558258,308.031647,0.000000
1962-07-05,296.714172,308.849121,0.000000
1962-07-06,296.039215,309.590942,0.000000
1962-07-07,296.118744,310.059357,0.000000
1962-07-08,296.860901,309.998993,0.000000
1962-07-09,298.201355,309.527252,0.741418
1962-07-10,296.571136,309.784271,0.000000
1962-07-11,298.187958,310.027405,0.000000
1962-07-12,297.546387,309.604889,0.000000
1962-07-13,297.889374,309.560516,0.000000
1962-07-14,297.852661,308.909393,1.908190
1962-07-15,298.210480,309.180145,0.000000
1962-07-16,296.797607,309.533203,0.000000
1962-07-17,296.693146,309.649628,0.000000
1962-07-18,296.260712,309.107147,0.000000
1962-07-19,296.284760,305.920898,0.000000
1962-07-20,296.879883,306.753357,0.000000
1962-07-21,297.931793,310.548523,0.000000
1962-07-22,298.132263,312.099487,0.000000
1962-07-23,299.285309,312.323578,0.000000
1962-07-24,297.656616,312.051025,0.000000
1962-07-25,297.144318,309.757385,0.000000
1962-07-26,297.322418,310.820038,0.000000
1962-07-27,297.324341,311.001282,0.000000
1962-07-28,297.457642,310.456329,2.314368
1962-07-29,296.693970,309.425171,3.194797
1962-07-30,297.376465,309.203339,0.000000
1962-07-31,297.793671,311.649780,0.000000
1962-08-01,296.092834,311.410461,0.000000
1962-08-02,297.583710,311.099518,0.000000
1962-08-03,298.152252,311.082336,0.000000
1962-08-04,301.337738,312.553955,0.000000
1962-08-05,299.153473,312.563965,0.000000
1962-08-06,297.806183,310.153076,0.000000
1962-08-07,297.113464,309.428314,0.000000
1962-08-08,297.639801,308.457520,0.000000
1962-08-09,297.333038,307.710571,1.623928
1962-08-10,297.479462,307.582581,0.293165
1962-08-11,296.302155,307.029419,0.000000
1962-08-12,296.886841,309.034485,0.000000
1962-08-13,297.882019,311.534119,0.638096
1962-08-14,299.636414,313.062714,2.198002
1962-08-15,300.900177,314.151245,0.000000
1962-08-16,299.015717,313.563538,0.000000
1962-08-17,297.738068,310.738037,0.000000
1962-08-18,298.110107,308.247375,0.000000
1962-08-19,297.945404,309.477753,0.000000
1962-08-20,297.867737,309.337402,0.000000
1962-08-21,297.414429,310.134705,0.000000
1962-08-22,297.583466,310.142670,0.000000
1962-08-23,297.431763,310.472198,0.000000
1962-08-24,297.539215,310.360840,0.000000
1962-08-25,297.526489,310.625458,0.000000
1962-08-26,297.481842,310.753235,0.000000
1962-08-27,298.024261,310.234955,0.000000
1962-08-28,296.693359,308.917450,0.000000
1962-08-29,297.162140,308.165741,0.000000
1962-08-30,296.424866,306.904510,0.319246
1962-08-31,296.569153,307.046783,0.000000
1962-09-01,295.927765,308.869141,0.000000
1962-09-02,296.354828,308.484528,0.000000
1962-09-03,296.615143,308.002045,0.000000
1962-09-04,297.533417,308.325348,0.000000
1962-09-05,296.801819,307.755646,0.000000
1962-09-06,295.997223,306.992737,1.086227
1962-09-07,296.671082,307.537506,0.000000
1962-09-08,297.582611,309.206329,0.000000
1962-09-09,297.710541,310.151276,0.000000
1962-09-10,297.474548,309.549225,0.000000
1962-09-11,296.482147,307.373627,0.456306
1962-09-12,297.584381,305.430298,0.000000
1962-09-13,296.135010,307.148132,0.000000
1962-09-14,296.340393,307.002014,0.411836
1962-09-15,294.429230,306.682220,0.473994
1962-09-16,295.093384,306.197784,0.690102
1962-09-17,295.163116,306.937622,0.000000
1962-09-18,295.310364,306.654541,0.000000
1962-09-19,294.879425,304.972290,0.638957
1962-09-20,295.413849,304.230286,0.000000
1962-09-21,295.017151,304.757324,7.283678
1962-09-22,292.920624,304.681366,0.000000
1962-09-23,293.708893,305.033508,2.484241
1962-09-24,293.034882,305.882202,1.262184
1962-09-25,294.045502,304.186279,0.926599
1962-09-26,292.294525,305.832672,0.000000
1962-09-27,295.267700,305.686829,0.000000
1962-09-28,294.221130,305.038849,0.000000
1962-09-29,295.940674,304.749451,0.000000
1962-09-30,293.971313,304.403656,1.309613
1962-10-01,292.270477,302.656525,12.803477
1962-10-02,291.991272,300.016022,27.426611
1962-10-03,288.053894,295.812592,4.630076
1962-10-04,286.963379,295.449585,1.269117
1962-10-05,290.988129,300.179657,3.207989
1962-10-06,294.937073,300.957123,18.872009
1962-10-07,279.625061,297.380066,6.637913
1962-10-08,281.387207,291.092102,0.000000
1962-10-09,283.101624,293.489471,0.000000
1962-10-10,283.247833,294.777252,0.000000
1962-10-11,282.776154,297.164734,0.000000
1962-10-12,283.796234,298.182892,0.000000
1962-10-13,282.150909,298.156799,0.000000
1962-10-14,284.701050,297.900879,0.000000
1962-10-15,286.092346,298.935059,0.000000
1962-10-16,285.693237,299.291595,0.000000
1962-10-17,284.812256,299.494690,0.000000
1962-10-18,287.881622,299.146851,0.000000
1962-10-19,283.241425,296.216766,0.000000
1962-10-20,281.749756,295.270935,0.000000
1962-10-21,284.270111,294.889069,0.000000
1962-10-22,283.009918,297.184479,0.000000
1962-10-23,288.171600,298.003632,0.000000
1962-10-24,287.404663,300.750549,0.000000
1962-10-25,289.003632,301.447815,0.000000
1962-10-26,288.339691,300.896088,0.000000
1962-10-27,285.448822,300.320709,1.659071
1962-10-28,281.949554,292.564026,0.828292
1962-10-29,281.286957,294.703979,0.000000
1962-10-30,283.224976,298.203278,0.000000
1962-10-31,285.129089,299.266846,0.000000
1962-11-01,286.290710,299.180664,0.000000
1962-11-02,282.844208,296.558563,0.000000
1962-11-03,279.736237,297.107300,0.000000
1962-11-04,282.330231,299.397156,0.000000
1962-11-05,284.360535,301.278748,0.000000
1962-11-06,288.322632,303.828003,0.000000
1962-11-07,284.028595,303.675842,0.000000
1962-11-08,282.251038,297.379578,0.000000
1962-11-09,281.568359,297.792145,0.000000
1962-11-10,284.974274,300.876343,0.000000
1962-11-11,289.039062,300.166199,0.319146
1962-11-12,287.559540,296.768158,2.356667
1962-11-13,283.314362,292.912231,2.586959
1962-11-14,282.440186,293.517029,0.000000
1962-11-15,278.692596,298.780457,0.000000
1962-11-16,283.932251,297.179779,0.000000
1962-11-17,277.333282,292.063629,0.000000
1962-11-18,280.963257,295.917358,0.000000
1962-11-19,282.216522,298.749634,0.000000
1962-11-20,285.056030,301.089447,0.000000
1962-11-21,287.130127,300.006592,0.000000
1962-11-22,287.889465,296.613800,0.000000
1962-11-23,285.272308,300.026184,0.000000
1962-11-24,288.529175,299.178925,0.000000
1962-11-25,284.934479,295.804443,8.518974
1962-11-26,288.245575,295.121948,23.160231
1962-11-27,287.006866,299.365967,0.000000
1962-11-28,283.529968,291.730957,9.367374
1962-11-29,277.134125,289.789795,3.991510
1962-11-30,276.463501,282.682098,17.760426
1962-12-01,275.001617,283.311859,0.000000
1962-12-02,275.040558,282.492523,0.000000
1962-12-03,274.430634,281.334869,0.000000
1962-12-04,273.022400,282.607635,0.000000
1962-12-05,274.866180,283.690948,0.000000
1962-12-06,275.732605,284.585388,0.000000
1962-12-07,274.648987,284.386810,0.000000
1962-12-08,276.030273,285.792328,0.000000
1962-12-09,276.423126,285.810822,0.000000
1962-12-10,280.301331,287.562592,0.000000
1962-12-11,277.464691,287.871674,0.000000
1962-12-12,282.669861,288.694580,0.000000
1962-12-13,283.702759,291.253479,4.953639
1962-12-14,276.517395,291.857391,0.000000
1962-12-15,271.404327,284.509064,0.000000
1962-12-16,276.193726,285.560333,0.000000
1962-12-17,273.693329,286.180237,0.000000
1962-12-18,276.068176,289.266602,0.000000
1962-12-19,279.845947,293.047333,7.995359
1962-12-20,275.967194,295.309662,0.000000
1962-12-21,272.545959,282.758759,0.000000
1962-12-22,275.902069,290.975159,0.000000
1962-12-23,279.288635,296.022034,0.000000
1962-12-24,283.923279,297.451355,0.000000
1962-12-25,280.624481,296.167633,0.000000
1962-12-26,282.823975,297.764374,0.000000
1962-12-27,280.080444,296.902100,0.000000
1962-12-28,281.053955,297.561920,0.000000
1962-12-29,281.623566,298.460541,0.000000
1962-12-30,285.339600,297.369354,0.000000
1962-12-31,280.484558,295.290192,3.061667
1963-01-01,276.147827,288.249756,0.374003
1963-01-02,274.946777,292.137573,0.000000
1963-01-03,276.813843,293.522247,0.000000
1963-01-04,277.653198,294.202332,0.000000
1963-01-05,278.892609,295.324829,0.000000
1963-01-06,279.545685,295.483276,0.000000
1963-01-07,280.193756,296.273224,0.000000
1963-01-08,283.620087,294.720551,0.000000
1963-01-09,286.604004,294.974182,1.391361
1963-01-10,281.313507,294.171814,0.000000
1963-01-11,279.700134,293.481262,0.364125
1963-01-12,280.384949,291.792603,0.507785
1963-01-13,276.818726,290.880432,1.151941
1963-01-14,277.495178,294.585938,0.000000
1963-01-15,279.472504,292.733185,3.126120
1963-01-16,275.721588,283.525665,0.000000
1963-01-17,274.060425,288.667694,0.000000
1963-01-18,274.874939,291.087006,0.000000
1963-01-19,277.127075,292.922150,0.000000
1963-01-20,279.632568,294.296875,0.000000
1963-01-21,278.925537,295.782257,0.000000
1963-01-22,279.939209,295.254120,0.000000
1963-01-23,278.892395,297.688324,0.000000
1963-01-24,281.963074,299.783325,0.000000
1963-01-25,283.760529,298.720673,0.000000
1963-01-26,280.288391,295.092773,0.000000
1963-01-27,279.940979,293.767212,0.000000
1963-01-28,276.185944,291.580353,0.000000
1963-01-29,278.724976,297.875854,0.000000
1963-01-30,283.599518,297.256073,0.713194
1963-01-31,282.783112,296.107208,0.000000
1963-02-01,279.863892,295.748932,0.000000
1963-02-02,284.316193,302.185791,0.000000
1963-02-03,287.637909,300.589417,0.000000
1963-02-04,285.880280,292.691101,47.022743
1963-02-05,280.918732,290.297089,18.461061
1963-02-06,279.097260,287.022125,0.898861
1963-02-07,280.229095,292.063416,0.000000
1963-02-08,282.251923,292.623474,0.000000
1963-02-09,280.259979,295.259796,0.000000
1963-02-10,281.742096,294.183014,0.000000
1963-02-11,278.054199,292.264282,0.000000
1963-02-12,280.605621,294.017090,0.000000
1963-02-13,276.590576,290.321411,14.383211
1963-02-14,267.803619,281.561005,0.000000
1963-02-15,273.277252,285.703156,0.000000
1963-02-16,275.117706,285.165985,5.346141
1963-02-17,273.657654,290.005219,0.000000
1963-02-18,275.658325,290.579193,0.000000
1963-02-19,277.574951,291.179718,0.000000
1963-02-20,285.170929,296.790985,2.024822
1963-02-21,285.926544,300.947113,0.000000
1963-02-22,284.365753,299.957336,0.000000
1963-02-23,278.559845,295.451538,0.000000
1963-02-24,279.641968,295.996216,0.000000
1963-02-25,280.411682,300.014465,0.000000
1963-02-26,282.973663,299.786194,0.000000
1963-02-27,286.215759,299.781982,4.529006
1963-02-28,284.830536,300.428589,0.000000
1963-03-01,286.931885,299.562103,5.642502
1963-03-02,284.901825,294.781799,0.000000
1963-03-03,282.309296,299.504822,0.000000
1963-03-04,287.541443,299.504272,0.921080
1963-03-05,280.302673,298.613464,1.502788
1963-03-06,280.856689,294.565460,0.000000
1963-03-07,282.610687,294.235748,0.000000
1963-03-08,280.934601,289.184021,0.000000
1963-03-09,280.769165,286.159973,23.738791
1963-03-10,282.414307,289.041046,6.385430
1963-03-11,284.819366,297.673218,1.396331
1963-03-12,288.974548,297.743958,5.998733
1963-03-13,283.247162,296.893707,0.668934
1963-03-14,281.110748,299.546478,0.000000
1963-03-15,283.729797,300.641815,0.000000
1963-03-16,282.544617,299.877258,0.000000
1963-03-17,283.902283,292.095734,4.971220
1963-03-18,281.617096,288.318573,0.000000
1963-03-19,284.519958,290.521393,3.679064
1963-03-20,290.481415,295.644135,0.480241
1963-03-21,284.765076,295.993347,2.278793
1963-03-22,281.448853,299.198669,0.000000
1963-03-23,282.411285,298.487152,0.000000
1963-03-24,279.171661,296.891449,0.000000
1963-03-25,284.957031,298.950012,0.000000
1963-03-26,290.093933,302.012146,2.960454
1963-03-27,287.450073,302.261749,3.366845
1963-03-28,285.293701,300.187866,0.000000
1963-03-29,285.650269,303.571259,0.000000
1963-03-30,283.460724,303.878174,0.000000
1963-03-31,278.256897,296.529327,0.000000
1963-04-01,281.076080,295.905090,0.000000
1963-04-02,280.533997,295.129486,0.000000
1963-04-03,281.732208,296.432709,0.000000
1963-04-04,285.809326,294.751251,7.011631
1963-04-05,287.710144,291.726685,0.833605
1963-04-06,285.200684,291.143066,0.000000
1963-04-07,282.443695,297.106598,0.000000
1963-04-08,283.528778,299.793335,0.000000
1963-04-09,287.199463,303.476654,0.000000
1963-04-10,288.921021,303.584045,0.000000
1963-04-11,289.410187,299.189728,0.000000
1963-04-12,289.540771,294.413788,0.000000
1963-04-13,289.631592,294.278381,3.498581
1963-04-14,290.834961,295.654388,0.000000
1963-04-15,290.454956,295.477234,0.000000
1963-04-16,287.658844,296.054688,16.392305
1963-04-17,289.112396,297.994720,4.154074
1963-04-18,282.896118,296.719513,0.000000
1963-04-19,284.414978,302.215607,0.000000
1963-04-20,286.832886,304.851044,0.000000
1963-04-21,289.149475,306.881226,0.000000
1963-04-22,289.698059,306.494476,0.000000
1963-04-23,290.277863,298.903931,0.000000
1963-04-24,285.500183,301.007843,0.000000
1963-04-25,285.861115,303.020111,0.000000
1963-04-26,286.739685,304.349518,0.000000
1963-04-27,286.188080,303.961578,0.000000
1963-04-28,284.946411,300.800476,0.000000
1963-04-29,289.397827,305.927002,0.000000
1963-04-30,290.807922,307.946350,0.000000
1963-05-01,291.095917,306.320679,0.000000
1963-05-02,289.628357,304.180847,0.000000
1963-05-03,289.752441,304.488556,0.000000
1963-05-04,290.391541,304.175629,0.000000
1963-05-05,293.086792,304.392792,0.000000
1963-05-06,294.395569,306.306549,5.805927
1963-05-07,294.481140,305.595245,2.103748
1963-05-08,292.502136,297.267456,1.913958
1963-05-09,292.107971,297.418701,18.058613
1963-05-10,292.710968,297.992279,4.591899
1963-05-11,290.016663,298.950592,0.000000
1963-05-12,290.650055,299.959717,6.160663
1963-05-13,289.964417,302.202423,0.000000
1963-05-14,289.809753,301.470581,6.435506
1963-05-15,292.592163,299.209900,8.407222
1963-05-16,293.005981,300.427765,5.600914
1963-05-17,293.771820,299.096649,12.161847
1963-05-18,292.832458,299.444946,11.228604
1963-05-19,290.196411,300.775269,0.000000
1963-05-20,291.216156,303.078613,0.000000
1963-05-21,292.860352,303.201019,0.000000
1963-05-22,291.939209,304.665863,0.000000
1963-05-23,294.869324,304.143494,28.707479
1963-05-24,294.090576,304.124420,1.123269
1963-05-25,293.732025,306.063293,4.600308
1963-05-26,292.975983,306.642883,0.000000
1963-05-27,294.338501,308.790527,0.000000
1963-05-28,293.895569,308.885437,0.000000
1963-05-29,294.448578,307.559753,0.000000
1963-05-30,295.633942,306.863525,0.000000
1963-05-31,295.190735,303.632812,18.345676
1963-06-01,294.960968,304.183228,4.790499
1963-06-02,293.810272,305.817200,0.000000
1963-06-03,293.662903,305.699951,0.000000
1963-06-04,294.061340,305.850830,0.000000
1963-06-05,294.704559,305.972717,0.000000
1963-06-06,294.841461,307.533203,0.000000
1963-06-07,295.677246,306.633514,5.576595
1963-06-08,295.628815,306.486420,0.000000
1963-06-09,296.859863,308.033417,2.421607
1963-06-10,296.944153,307.842834,0.000000
1963-06-11,295.675568,311.570282,0.000000
1963-06-12,297.721100,311.100983,0.000000
1963-06-13,297.103241,309.623566,0.335317
1963-06-14,295.706024,307.004547,0.000000
1963-06-15,294.846039,305.870026,1.540443
1963-06-16,296.016205,305.987854,0.000000
1963-06-17,294.530151,305.967285,0.000000
1963-06-18,295.257629,306.716278,0.000000
1963-06-19,295.033081,307.482727,0.000000
1963-06-20,295.827026,308.247223,0.000000
1963-06-21,295.291656,307.481201,0.000000
1963-06-22,294.383148,306.266663,0.000000
1963-06-23,294.455017,303.630707,0.000000
1963-06-24,295.279785,302.464905,11.181189
1963-06-25,294.922791,301.706696,32.366405
1963-06-26,294.531555,299.446747,5.668437
1963-06-27,293.423431,303.770111,0.000000
1963-06-28,295.462128,307.364624,0.000000
1963-06-29,295.327057,307.282898,10.119621
1963-06-30,294.597198,304.561127,0.988423
1963-07-01,294.026276,303.921875,0.000000
1963-07-02,294.734619,304.589325,0.000000
1963-07-03,295.040710,306.376953,0.000000
1963-07-04,295.417664,307.177612,6.680697
1963-07-05,296.264130,307.301422,4.750098
1963-07-06,296.951782,307.305664,0.000000
1963-07-07,296.109467,303.112183,14.697646
1963-07-08,295.263306,302.278320,3.051514
1963-07-09,294.611969,304.723419,2.379592
1963-07-10,296.504974,304.072906,1.293594
1963-07-11,294.721558,304.448853,0.335747
1963-07-12,295.025391,306.563446,0.000000
1963-07-13,295.731659,307.789001,0.000000
1963-07-14,297.561188,310.463074,0.000000
1963-07-15,298.173553,311.026215,0.000000
1963-07-16,296.871368,310.407928,0.000000
1963-07-17,297.506836,309.715271,0.000000
1963-07-18,297.453491,309.096710,0.000000
1963-07-19,296.568817,309.005737,0.000000
1963-07-20,295.519226,308.371155,0.309251
1963-07-21,295.663330,307.520996,0.000000
1963-07-22,296.896515,308.648499,0.000000
1963-07-23,296.850006,308.686035,0.000000
1963-07-24,296.157104,308.412872,0.000000
1963-07-25,296.451294,307.966278,0.000000
1963-07-26,296.931824,308.791901,0.000000
1963-07-27,297.416718,309.596069,0.000000
1963-07-28,298.527588,311.555084,0.000000
1963-07-29,299.052521,311.586456,0.000000
1963-07-30,296.920654,308.276062,0.289979
1963-07-31,297.876282,305.211060,0.290510
1963-08-01,296.856995,308.968262,0.000000
1963-08-02,296.699493,310.895721,0.000000
1963-08-03,297.586426,311.614166,0.000000
1963-08-04,298.391205,311.298096,0.000000
1963-08-05,298.673615,311.540039,0.305912
1963-08-06,297.235565,311.476135,0.000000
1963-08-07,297.034668,311.045837,0.304849
1963-08-08,295.291962,309.101624,0.000000
1963-08-09,295.328003,308.312744,0.000000
1963-08-10,295.832520,310.086914,0.000000
1963-08-11,296.572540,310.816406,0.000000
1963-08-12,297.587311,310.177246,0.000000
1963-08-13,296.559998,306.765228,0.000000
1963-08-14,297.498779,308.775848,0.000000
1963-08-15,298.673676,310.083740,0.000000
1963-08-16,298.117615,311.086243,0.000000
1963-08-17,299.861816,312.032562,0.000000
1963-08-18,298.670197,311.998230,0.000000
1963-08-19,298.388245,311.012482,0.000000
1963-08-20,298.014954,309.788361,0.000000
1963-08-21,297.584961,309.461151,0.000000
1963-08-22,296.686798,309.181641,0.000000
1963-08-23,296.858978,307.761200,0.000000
1963-08-24,296.738159,305.725952,5.640461
1963-08-25,296.898438,303.447601,23.061998
1963-08-26,296.778809,303.218597,18.046026
1963-08-27,292.209259,305.546631,0.000000
1963-08-28,293.515045,307.979523,0.000000
1963-08-29,293.358307,306.984467,0.000000
1963-08-30,295.398865,306.794983,0.000000
1963-08-31,296.364380,306.857849,0.000000
1963-09-01,295.889740,308.020599,0.000000
1963-09-02,295.660034,309.048950,0.000000
1963-09-03,292.477509,307.079102,24.422428
1963-09-04,288.683441,300.504639,25.199795
1963-09-05,290.060242,299.999664,0.000000
1963-09-06,289.622040,302.192230,0.000000
1963-09-07,290.283875,303.570648,0.000000
1963-09-08,291.106384,304.003204,0.000000
1963-09-09,292.348633,302.942719,1.725708
1963-09-10,292.076111,302.937531,2.057339
1963-09-11,293.580933,303.561035,0.000000
1963-09-12,292.694397,303.451813,0.325423
1963-09-13,290.408936,306.277832,0.383111
1963-09-14,294.848419,308.318359,0.000000
1963-09-15,297.014404,308.192596,0.000000
1963-09-16,289.301147,305.933990,0.000000
1963-09-17,287.775482,303.847137,0.000000
1963-09-18,287.526489,305.082092,0.000000
1963-09-19,289.227264,306.281097,0.000000
1963-09-20,290.282288,306.516907,0.000000
1963-09-21,292.850739,306.345428,0.000000
1963-09-22,292.473938,306.145935,0.283598
1963-09-23,294.826263,305.773285,0.000000
1963-09-24,290.201233,307.032288,0.000000
1963-09-25,289.677429,306.998505,0.000000
1963-09-26,292.849945,305.420593,0.000000
1963-09-27,292.668823,305.564728,0.000000
1963-09-28,291.764984,306.107697,0.000000
1963-09-29,290.611206,307.128601,0.000000
1963-09-30,292.365692,307.455170,0.000000
1963-10-01,292.117340,307.272675,0.000000
1963-10-02,291.890259,307.618378,0.000000
1963-10-03,293.149261,307.995300,0.000000
1963-10-04,294.012024,307.603729,0.000000
1963-10-05,292.957031,306.676239,0.000000
1963-10-06,292.090881,303.496368,0.000000
1963-10-07,293.622406,302.905151,0.280136
1963-10-08,290.021973,302.335358,34.597130
1963-10-09,284.839508,300.812195,0.000000
1963-10-10,286.998962,301.831543,0.000000
1963-10-11,288.094360,303.394348,0.000000
1963-10-12,289.222443,305.904266,0.000000
1963-10-13,289.599854,305.321106,0.000000
1963-10-14,289.587036,304.341095,0.000000
1963-10-15,290.696320,304.480682,0.000000
1963-10-16,291.120300,301.515839,12.685707
1963-10-17,290.384644,298.203979,24.367088
1963-10-18,289.476532,299.365417,1.089296
1963-10-19,288.760651,301.291656,1.250022
1963-10-20,290.255646,301.667023,0.000000
1963-10-21,290.924927,300.880981,0.000000
1963-10-22,290.518524,301.475067,0.000000
1963-10-23,288.366638,299.982788,0.000000
1963-10-24,285.936981,298.874115,0.000000
1963-10-25,286.175629,300.434021,0.000000
1963-10-26,285.223816,299.930603,0.000000
1963-10-27,285.044098,302.661652,0.000000
1963-10-28,285.886749,301.777496,0.000000
1963-10-29,280.455078,295.930542,0.000000
1963-10-30,281.531311,300.085480,0.000000
1963-10-31,283.975952,301.726898,0.000000
1963-11-01,285.820190,303.791351,0.000000
1963-11-02,287.181274,303.211884,0.000000
1963-11-03,284.064941,300.449646,0.000000
1963-11-04,286.327789,302.064423,0.000000
1963-11-05,287.517334,304.356812,0.000000
1963-11-06,286.916718,306.027252,0.000000
1963-11-07,286.006134,304.853485,0.000000
1963-11-08,279.048126,295.229767,0.000000
1963-11-09,282.761627,300.568481,0.000000
1963-11-10,284.574585,299.768097,0.000000
1963-11-11,282.564484,298.998627,0.000000
1963-11-12,288.488068,304.383057,0.000000
1963-11-13,291.104309,303.738403,0.644196
1963-11-14,281.035522,303.546539,0.000000
1963-11-15,283.921356,292.284393,12.948194
1963-11-16,286.299866,293.727081,11.158132
1963-11-17,283.147369,292.259827,0.000000
1963-11-18,284.707397,293.325745,0.000000
1963-11-19,288.996735,295.048431,0.456548
1963-11-20,289.566223,294.578094,0.522770
1963-11-21,288.678192,293.742401,0.000000
1963-11-22,288.141266,291.861053,0.889105
1963-11-23,286.582336,291.729736,1.726182
1963-11-24,283.894775,289.847656,0.000000
1963-11-25,281.527466,288.989594,4.986580
1963-11-26,280.158905,294.287506,0.000000
1963-11-27,276.779449,294.882172,0.000000
1963-11-28,276.627625,291.007324,0.000000
1963-11-29,279.031036,289.709686,0.000000
1963-11-30,273.481323,289.970154,0.000000
1963-12-01,278.431122,295.217224,0.000000
1963-12-02,285.743530,297.424622,0.000000
1963-12-03,286.957275,296.663910,0.000000
1963-12-04,276.690399,291.765320,0.000000
1963-12-05,275.908081,290.984650,0.000000
1963-12-06,281.197754,294.256927,0.000000
1963-12-07,284.430817,296.740906,0.000000
1963-12-08,284.968994,300.468109,0.000000
1963-12-09,287.427368,299.094055,0.000000
1963-12-10,287.996124,297.371033,0.000000
1963-12-11,285.680542,297.081421,4.514514
1963-12-12,281.166992,292.119690,11.810946
1963-12-13,280.612000,287.644043,1.850075
1963-12-14,282.524445,287.713440,0.000000
1963-12-15,282.454224,289.832397,0.000000
1963-12-16,284.907867,290.510620,0.000000
1963-12-17,285.571350,290.694061,0.000000
1963-12-18,282.055084,290.470612,0.000000
1963-12-19,276.610077,288.113800,0.000000
1963-12-20,276.412872,288.015289,0.000000
1963-12-21,274.607361,288.033508,0.000000
1963-12-22,274.181946,285.252563,3.455597
1963-12-23,268.826477,284.683350,0.000000
1963-12-24,262.575195,272.924866,0.000000
1963-12-25,263.171417,268.214661,0.000000
1963-12-26,262.452118,273.967651,0.000000
1963-12-27,268.495544,277.492157,1.613953
1963-12-28,270.597504,280.865875,0.000000
1963-12-29,270.372101,284.957611,0.000000
1963-12-30,272.530731,285.890106,0.000000
1963-12-31,277.303680,289.500244,0.341871
1964-01-01,281.062073,291.942688,4.435153
1964-01-02,284.571594,294.759338,5.050302
1964-01-03,286.907135,292.967499,47.206917
1964-01-04,284.481995,290.678040,8.197332
1964-01-05,283.290588,293.731506,0.323086
1964-01-06,284.343018,295.550781,0.000000
1964-01-07,286.015869,294.797852,0.000000
1964-01-08,283.635345,293.696289,0.000000
1964-01-09,281.130859,292.185211,0.000000
1964-01-10,274.928711,289.594452,0.000000
1964-01-11,276.264252,290.574921,0.000000
1964-01-12,281.506653,292.819061,0.000000
1964-01-13,283.187500,295.255341,0.000000
1964-01-14,286.676910,294.683380,1.613191
1964-01-15,277.864502,290.197388,13.713722
1964-01-16,278.410339,287.075378,4.678335
1964-01-17,277.117401,285.959412,0.000000
1964-01-18,277.102051,291.870178,0.000000
1964-01-19,280.574799,292.918549,0.000000
1964-01-20,279.550995,292.851288,0.000000
1964-01-21,281.714996,297.649963,0.000000
1964-01-22,282.252258,298.028564,0.000000
1964-01-23,279.383179,297.309570,0.000000
1964-01-24,275.443298,288.864960,0.000000
1964-01-25,279.369324,297.945465,0.000000
1964-01-26,282.558960,299.467194,0.000000
1964-01-27,275.130310,298.004303,0.000000
1964-01-28,276.384521,290.682465,0.000000
1964-01-29,281.821167,292.679382,0.000000
1964-01-30,284.891113,294.796387,0.000000
1964-01-31,285.916595,292.835083,0.000000
1964-02-01,286.943634,293.250671,0.000000
1964-02-02,285.267609,291.725739,16.978653
1964-02-03,282.489105,291.677124,17.674803
1964-02-04,277.570374,287.739258,7.820344
1964-02-05,276.039948,288.059387,0.000000
1964-02-06,280.540436,289.812195,0.964268
1964-02-07,281.343506,294.347839,4.612079
1964-02-08,281.611908,291.301086,10.112904
1964-02-09,280.197723,291.685303,0.000000
1964-02-10,280.454163,292.586517,0.000000
1964-02-11,280.546539,292.903595,0.000000
1964-02-12,278.270538,291.000702,0.000000
1964-02-13,279.614044,291.242889,0.000000
1964-02-14,284.913239,294.227570,1.312523
1964-02-15,277.478699,293.620026,0.724764
1964-02-16,277.248688,294.867096,0.000000
1964-02-17,281.430328,295.184448,0.000000
1964-02-18,284.454163,301.933044,0.000000
1964-02-19,288.002472,300.168854,0.000000
1964-02-20,286.383087,300.784607,0.000000
1964-02-21,287.610840,301.957703,0.000000
1964-02-22,284.418854,301.556396,0.000000
1964-02-23,286.593079,300.614838,0.000000
1964-02-24,288.267578,302.551208,0.000000
1964-02-25,290.198120,302.697937,0.484096
1964-02-26,283.853851,300.652527,0.000000
1964-02-27,287.705292,305.001648,0.000000
1964-02-28,289.376038,304.261078,0.000000
1964-02-29,285.031738,300.673035,0.000000
1964-03-01,280.687469,297.084991,0.000000
1964-03-02,284.088593,299.212128,0.000000
1964-03-03,285.646545,299.062042,0.000000
1964-03-04,278.114227,290.920685,0.000000
1964-03-05,273.665619,291.426697,0.000000
1964-03-06,276.940643,294.168610,0.000000
1964-03-07,279.893188,298.475159,0.000000
1964-03-08,285.964417,300.724915,0.000000
1964-03-09,288.093109,302.279541,0.000000
1964-03-10,288.274658,301.860199,0.000000
1964-03-11,290.964203,300.109436,2.029672
1964-03-12,287.067566,302.663422,0.000000
1964-03-13,291.703125,301.724152,1.233949
1964-03-14,289.377441,299.465668,0.000000
1964-03-15,290.831665,300.067810,0.691037
1964-03-16,286.156036,299.169281,0.000000
1964-03-17,283.891174,299.268036,0.814063
1964-03-18,286.952484,300.966919,0.000000
1964-03-19,285.522003,303.506470,0.000000
1964-03-20,290.092407,304.485779,0.000000
1964-03-21,292.291870,308.478058,0.000000
1964-03-22,293.246063,306.727234,0.000000
1964-03-23,285.540802,302.369843,0.000000
1964-03-24,291.244507,302.038330,1.728113
1964-03-25,290.311371,298.684784,5.475922
1964-03-26,289.932312,301.563416,36.756824
1964-03-27,288.675690,296.880463,5.912771
1964-03-28,280.536652,292.110474,1.722333
1964-03-29,278.895844,298.456451,0.000000
1964-03-30,284.567352,303.698669,0.000000
1964-03-31,288.256134,304.136505,0.000000
1964-04-01,288.323486,303.739136,1.500193
1964-04-02,286.466125,303.437317,0.000000
1964-04-03,290.676422,298.718964,17.683327
1964-04-04,274.874664,291.179871,0.000000
1964-04-05,274.552887,284.440460,0.000000
1964-04-06,272.792603,286.286926,0.000000
1964-04-07,276.241638,291.807678,0.000000
1964-04-08,280.364227,291.693878,0.000000
1964-04-09,283.189087,291.376282,6.538227
1964-04-10,281.229248,289.523041,1.882694
1964-04-11,280.078003,288.957794,0.000000
1964-04-12,281.278656,288.795929,0.000000
1964-04-13,283.146301,292.347290,0.000000
1964-04-14,286.161072,298.491119,0.000000
1964-04-15,287.388855,298.496155,0.000000
1964-04-16,284.068604,302.237457,0.000000
1964-04-17,287.901794,302.048798,0.000000
1964-04-18,285.545288,299.350555,0.000000
1964-04-19,290.731750,300.367401,2.118028
1964-04-20,286.679413,297.839966,2.314048
1964-04-21,281.285645,297.157684,0.000000
1964-04-22,284.317108,302.588135,0.000000
1964-04-23,286.679749,304.043579,0.000000
1964-04-24,286.631714,303.867065,0.000000
1964-04-25,288.512939,303.263458,0.000000
1964-04-26,290.446320,303.172058,0.000000
1964-04-27,290.917206,299.894226,3.628780
1964-04-28,290.924377,301.942017,0.000000
1964-04-29,290.290863,301.421173,0.000000
1964-04-30,290.172791,302.227142,0.890260
1964-05-01,291.066650,301.140228,0.381227
1964-05-02,290.912018,299.068665,0.000000
1964-05-03,289.501831,304.131134,0.000000
1964-05-04,291.490387,304.117798,0.000000
1964-05-05,291.000549,304.753662,0.000000
1964-05-06,290.833801,304.761627,0.000000
1964-05-07,292.198059,304.529144,3.680487
1964-05-08,291.347168,303.538422,1.509435
1964-05-09,291.398285,299.498322,0.000000
1964-05-10,293.104950,300.231140,1.859355
1964-05-11,293.899323,300.175903,16.266579
1964-05-12,294.151031,299.577850,0.955719
1964-05-13,295.356903,301.494995,5.535319
1964-05-14,293.083405,303.403107,0.379409
1964-05-15,288.747406,305.343872,0.000000
1964-05-16,289.767395,304.368225,0.000000
1964-05-17,290.692627,304.005707,0.000000
1964-05-18,290.859894,303.113037,0.000000
1964-05-19,292.838440,301.132751,6.176157
1964-05-20,293.386749,299.341431,9.714025
1964-05-21,293.267242,299.767120,15.816212
1964-05-22,293.771606,301.539215,11.559161
1964-05-23,292.000305,301.128418,12.539770
1964-05-24,291.620789,300.939911,9.190920
1964-05-25,291.709076,300.127594,9.310447
1964-05-26,290.340149,302.597687,0.000000
1964-05-27,291.472168,304.614166,0.000000
1964-05-28,293.119141,307.498444,0.794220
1964-05-29,291.188202,307.538635,0.000000
1964-05-30,294.363861,308.662689,0.000000
1964-05-31,291.871460,307.384003,0.000000
1964-06-01,293.741028,306.741699,0.000000
1964-06-02,293.056458,307.338043,0.000000
1964-06-03,293.268951,307.197418,0.000000
1964-06-04,294.344452,306.727722,0.000000
1964-06-05,294.421478,306.541840,0.000000
1964-06-06,295.297943,305.444489,0.000000
1964-06-07,293.657166,305.499512,0.000000
1964-06-08,294.947693,305.754791,0.000000
1964-06-09,294.564972,305.759705,5.635285
1964-06-10,294.505432,305.796173,0.000000
1964-06-11,294.873474,308.866119,0.000000
1964-06-12,296.316711,309.376343,0.000000
1964-06-13,294.460388,309.043121,0.000000
1964-06-14,294.254242,307.336487,0.546341
1964-06-15,295.696411,306.541809,0.000000
1964-06-16,296.747589,306.341400,0.000000
1964-06-17,296.891022,305.552429,31.204145
1964-06-18,298.313507,308.192108,20.161636
1964-06-19,298.103943,309.070618,0.000000
1964-06-20,295.738708,307.743988,0.373342
1964-06-21,295.076355,303.569244,0.000000
1964-06-22,295.246704,308.453308,0.000000
1964-06-23,295.878815,307.841217,0.000000
1964-06-24,294.793854,305.491425,0.000000
1964-06-25,295.394745,306.261810,0.000000
1964-06-26,294.780853,305.829803,2.072056
1964-06-27,295.443420,304.347687,1.702432
1964-06-28,296.388184,304.276917,0.000000
1964-06-29,296.162079,308.674622,0.969886
1964-06-30,296.508362,308.434387,0.000000
1964-07-01,296.751221,309.141357,0.759979
1964-07-02,295.045135,307.582458,0.000000
1964-07-03,295.262207,307.673798,0.000000
1964-07-04,295.895721,307.521393,0.000000
1964-07-05,296.628540,308.635986,0.000000
1964-07-06,295.753998,309.031799,0.000000
1964-07-07,296.322662,309.211548,0.000000
1964-07-08,296.628632,308.232697,0.000000
1964-07-09,297.145386,307.731659,0.000000
1964-07-10,296.540771,307.404785,0.000000
1964-07-11,296.593079,309.942657,0.000000
1964-07-12,297.669098,310.524078,0.000000
1964-07-13,299.059662,311.089569,0.000000
1964-07-14,298.825684,311.267242,0.000000
1964-07-15,298.602356,310.784088,0.000000
1964-07-16,297.899902,310.321381,0.000000
1964-07-17,298.445831,309.608063,0.000000
1964-07-18,297.195374,309.129120,0.000000
1964-07-19,297.720459,308.902710,0.000000
1964-07-20,296.902557,307.346680,0.685476
1964-07-21,296.706879,306.835602,0.000000
1964-07-22,297.372284,309.052826,0.000000
1964-07-23,296.718353,308.649292,0.000000
1964-07-24,296.991211,306.817627,0.304943
1964-07-25,297.001404,305.167877,6.029332
1964-07-26,296.860107,307.304810,3.702031
1964-07-27,295.843140,307.356934,0.000000
1964-07-28,295.013306,308.481079,0.000000
1964-07-29,296.430450,308.088867,0.000000
1964-07-30,296.021820,307.562866,0.000000
1964-07-31,296.368927,309.261078,0.000000
1964-08-01,294.885651,308.774536,0.318125
1964-08-02,295.344635,306.901184,0.746047
1964-08-03,295.191986,304.948334,0.000000
1964-08-04,295.041412,304.587372,0.000000
1964-08-05,295.507629,308.990173,0.000000
1964-08-06,297.460541,308.470520,5.961069
1964-08-07,296.377106,306.252258,8.451889
1964-08-08,295.978180,306.399750,0.000000
1964-08-09,296.445618,308.370331,1.399659
1964-08-10,296.511292,309.805634,0.000000
1964-08-11,297.375793,310.088440,0.000000
1964-08-12,296.548798,308.960999,0.000000
1964-08-13,295.704742,308.745697,0.000000
1964-08-14,297.811462,310.173645,0.000000
1964-08-15,299.124115,309.056183,0.000000
1964-08-16,297.018707,310.843170,0.000000
1964-08-17,297.252686,310.468536,0.000000
1964-08-18,296.322968,309.428619,0.000000
1964-08-19,295.783844,309.063232,0.000000
1964-08-20,295.516235,308.755737,0.000000
1964-08-21,295.126068,308.412506,0.968492
1964-08-22,296.136749,306.478607,0.000000
1964-08-23,296.613678,306.476624,1.401572
1964-08-24,296.883148,307.557068,0.000000
1964-08-25,296.565125,309.213013,2.396084
1964-08-26,295.509430,309.383270,0.937788
1964-08-27,294.577057,305.810486,19.777437
1964-08-28,294.750580,301.983704,1.174343
1964-08-29,294.121063,305.104797,0.000000
1964-08-30,292.418884,306.137390,0.000000
1964-08-31,293.682953,305.686707,1.106320
1964-09-01,294.425995,304.645325,1.932406
1964-09-02,296.058929,303.851776,0.633755
1964-09-03,294.879791,303.413269,0.433967
1964-09-04,293.625244,305.836517,0.000000
1964-09-05,293.943420,306.264130,0.000000
1964-09-06,294.085022,305.824158,0.000000
1964-09-07,294.798737,304.440430,0.529709
1964-09-08,294.411682,307.430542,0.000000
1964-09-09,294.822327,307.422729,0.000000
1964-09-10,296.208710,307.656189,0.000000
1964-09-11,299.009613,308.424957,0.000000
1964-09-12,296.006317,309.610016,0.000000
1964-09-13,295.089722,309.341400,0.000000
1964-09-14,296.150055,309.700928,0.000000
1964-09-15,296.626678,312.242737,0.000000
1964-09-16,297.021057,311.891052,0.000000
1964-09-17,294.912323,310.141693,0.000000
1964-09-18,293.553986,307.092590,0.000000
1964-09-19,293.476349,306.586090,0.401445
1964-09-20,287.869354,303.086823,0.000000
1964-09-21,287.314758,301.145142,0.000000
1964-09-22,286.720459,303.054688,0.000000
1964-09-23,287.738556,304.464966,0.000000
1964-09-24,290.937958,304.970276,0.000000
1964-09-25,293.847595,308.096008,0.000000
1964-09-26,295.213776,308.867676,0.000000
1964-09-27,293.889618,308.654144,0.000000
1964-09-28,296.039856,312.170197,0.000000
1964-09-29,294.879059,309.544250,0.000000
1964-09-30,295.657654,308.595551,0.000000
1964-10-01,296.291290,308.573273,0.000000
1964-10-02,295.305908,307.914825,0.000000
1964-10-03,296.521454,308.181183,0.000000
1964-10-04,295.742126,307.697601,0.000000
1964-10-05,293.800018,306.874329,0.000000
1964-10-06,293.993347,306.184113,0.000000
1964-10-07,294.727448,305.526794,0.000000
1964-10-08,294.797180,305.212799,0.000000
1964-10-09,293.922791,305.133026,0.614930
1964-10-10,292.891754,304.768097,4.441339
1964-10-11,291.913605,304.223663,0.000000
1964-10-12,291.162415,304.675934,0.000000
1964-10-13,292.468536,305.740723,0.000000
1964-10-14,294.857666,305.754639,0.000000
1964-10-15,293.491974,304.789764,3.096025
1964-10-16,293.727417,303.276123,6.294591
1964-10-17,289.459595,299.494354,44.131611
1964-10-18,283.334839,291.348328,0.498079
1964-10-19,289.693634,297.061279,1.146603
1964-10-20,281.713562,295.225128,0.000000
1964-10-21,282.278259,297.894592,0.000000
1964-10-22,283.744659,299.897095,0.000000
1964-10-23,284.638550,301.536194,0.000000
1964-10-24,286.290619,302.819550,0.000000
1964-10-25,287.315796,302.249146,0.000000
1964-10-26,285.825195,299.138580,0.000000
1964-10-27,286.601929,297.484344,1.395709
1964-10-28,285.733612,296.618866,63.698608
1964-10-29,282.736115,291.810394,33.943802
1964-10-30,277.189301,284.414368,0.000000
1964-10-31,277.121246,288.003052,0.000000
1964-11-01,278.679230,288.648315,0.000000
1964-11-02,279.846893,290.457092,0.000000
1964-11-03,281.551270,293.810242,0.000000
1964-11-04,276.514984,291.655975,0.000000
1964-11-05,274.027313,288.276672,0.000000
1964-11-06,275.647827,292.599335,0.000000
1964-11-07,278.708984,292.663300,0.000000
1964-11-08,285.024261,291.661469,0.000000
1964-11-09,282.949188,289.393616,0.000000
1964-11-10,282.795776,292.584015,0.000000
1964-11-11,284.894287,291.647430,1.269339
1964-11-12,288.170288,293.495422,2.529074
1964-11-13,285.905823,293.582031,0.531928
1964-11-14,282.332062,288.718689,0.000000
1964-11-15,281.788635,288.945343,0.000000
1964-11-16,280.902283,292.429901,0.000000
1964-11-17,280.568512,292.107391,0.000000
1964-11-18,282.462433,299.550446,0.000000
1964-11-19,284.838074,297.894531,0.000000
1964-11-20,276.305817,290.676270,0.000000
1964-11-21,279.218658,292.963837,0.000000
1964-11-22,278.312805,292.878601,0.000000
1964-11-23,283.893829,292.166290,0.757860
1964-11-24,282.477509,290.995056,1.149811
1964-11-25,281.242249,288.790039,0.000000
1964-11-26,279.961853,290.418640,0.000000
1964-11-27,282.984222,291.266113,5.693870
1964-11-28,281.120819,293.622833,20.083906
1964-11-29,279.746674,296.924561,0.000000
1964-11-30,280.642487,292.175018,0.000000
1964-12-01,276.540466,291.490875,1.461821
1964-12-02,270.696899,281.684845,0.000000
1964-12-03,272.052002,279.774811,1.476779
1964-12-04,273.784637,279.023956,2.395202
1964-12-05,271.099945,281.644501,0.000000
1964-12-06,271.383636,280.975922,0.000000
1964-12-07,271.469147,282.051239,0.000000
1964-12-08,273.624664,281.744598,1.691670
1964-12-09,275.111603,279.746765,28.160460
1964-12-10,273.747681,281.336914,0.000000
1964-12-11,272.567657,288.960907,0.000000
1964-12-12,278.131378,293.336670,0.000000
1964-12-13,280.881958,291.895477,2.042313
1964-12-14,275.512878,288.890930,0.000000
1964-12-15,275.808136,291.463928,0.000000
1964-12-16,281.537262,290.263367,0.000000
1964-12-17,278.137939,291.390167,0.000000
1964-12-18,278.944794,292.058746,0.000000
1964-12-19,284.252594,293.019806,0.000000
1964-12-20,277.789001,290.752014,0.000000
1964-12-21,270.593506,288.938599,0.000000
1964-12-22,268.205566,276.057739,2.688637
1964-12-23,262.678375,284.324341,0.000000
1964-12-24,272.655640,288.508728,0.000000
1964-12-25,273.018799,288.100952,0.000000
1964-12-26,274.850891,288.218933,0.000000
1964-12-27,279.738403,287.711639,13.852005
1964-12-28,277.830536,290.430328,0.489719
1964-12-29,276.143433,288.837769,0.000000
1964-12-30,275.460754,285.494049,0.363531
1964-12-31,271.492432,283.289001,0.000000
1965-01-01,272.957489,288.672363,0.000000
1965-01-02,274.406281,287.713196,0.000000
1965-01-03,272.432159,290.648956,0.000000
1965-01-04,274.431274,289.381744,0.000000
1965-01-05,270.532196,283.836639,0.000000
1965-01-06,271.871124,286.107849,0.000000
1965-01-07,274.822205,285.374054,0.000000
1965-01-08,275.775299,286.049164,0.963809
1965-01-09,274.589020,285.502655,0.000000
1965-01-10,270.814545,284.519379,0.000000
1965-01-11,271.285980,288.401184,0.000000
1965-01-12,278.751587,293.234406,0.462488
1965-01-13,278.264191,294.110718,0.000000
1965-01-14,277.294586,294.247925,1.028551
1965-01-15,278.525574,296.217743,0.000000
1965-01-16,279.489594,297.336761,0.000000
1965-01-17,282.336273,299.278595,0.000000
1965-01-18,282.529205,298.910706,0.000000
1965-01-19,283.116211,300.868530,0.000000
1965-01-20,285.381897,299.128693,0.000000
1965-01-21,282.054230,297.602631,0.000000
1965-01-22,280.795135,298.088379,0.000000
1965-01-23,283.284607,296.459747,2.208085
1965-01-24,280.511902,292.886993,13.566074
1965-01-25,279.075470,287.044006,37.256721
1965-01-26,274.333496,279.764496,3.470658
1965-01-27,273.797089,285.961273,0.000000
1965-01-28,276.760406,290.561951,0.000000
1965-01-29,276.584198,288.939758,0.000000
1965-01-30,274.730347,289.495636,0.000000
1965-01-31,277.803894,287.560120,1.261472
1965-02-01,279.399933,285.176819,27.911169
1965-02-02,279.653870,285.478546,34.247128
1965-02-03,275.388031,284.157562,0.913454
1965-02-04,274.291290,283.013641,0.423622
1965-02-05,277.367615,283.276703,0.000000
1965-02-06,278.756195,284.654968,4.486187
1965-02-07,281.115631,292.392273,4.826541
1965-02-08,280.992249,295.225739,0.771692
1965-02-09,282.204742,292.432831,0.000000
1965-02-10,273.697174,287.945862,0.000000
1965-02-11,270.682281,279.435211,0.000000
1965-02-12,273.177338,280.308502,8.138111
1965-02-13,266.458374,274.693573,0.000000
1965-02-14,273.247528,283.869202,0.000000
1965-02-15,280.068665,288.984772,19.925911
1965-02-16,275.929291,285.677460,4.444082
1965-02-17,277.350922,284.583557,3.118290
1965-02-18,276.827362,283.547089,0.000000
1965-02-19,277.139404,289.615753,0.000000
1965-02-20,278.855103,296.181061,1.015994
1965-02-21,279.349121,294.236084,0.000000
1965-02-22,276.823395,292.565399,0.000000
1965-02-23,278.590912,293.021393,0.000000
1965-02-24,279.740265,297.235229,0.000000
1965-02-25,281.603058,296.296692,0.000000
1965-02-26,281.226471,296.033264,0.000000
1965-02-27,281.531433,294.065918,0.000000
1965-02-28,281.130402,297.976440,0.000000
1965-03-01,281.895935,299.909821,0.000000
1965-03-02,284.402100,300.793365,0.468292
1965-03-03,288.715637,300.507782,0.000000
1965-03-04,288.728912,299.486816,0.000000
1965-03-05,280.962524,298.373566,0.000000
1965-03-06,279.489105,292.633301,0.000000
1965-03-07,280.839355,293.776031,0.000000
1965-03-08,281.565094,292.997986,0.926749
1965-03-09,283.224731,291.703430,0.371252
1965-03-10,279.635895,291.868286,0.000000
1965-03-11,281.510498,290.866669,0.000000
1965-03-12,281.368073,288.369476,4.058715
1965-03-13,280.052765,291.121368,0.000000
1965-03-14,278.529205,293.225311,0.000000
1965-03-15,278.019470,294.691864,0.000000
1965-03-16,281.195190,300.723022,0.000000
1965-03-17,286.926422,302.237793,0.000000
1965-03-18,289.740540,301.689575,2.272887
1965-03-19,287.964813,299.432343,0.474038
1965-03-20,286.256989,299.252106,0.000000
1965-03-21,289.059357,295.843231,0.000000
1965-03-22,283.017487,295.350159,0.000000
1965-03-23,281.137451,289.134247,0.000000
1965-03-24,284.552460,299.949036,0.000000
1965-03-25,286.123566,302.702179,0.000000
1965-03-26,289.086670,302.324738,0.000000
1965-03-27,289.149628,304.099792,0.000000
1965-03-28,281.907562,301.271332,5.412000
1965-03-29,278.491638,281.617065,6.273709
1965-03-30,279.855896,285.152191,0.335048
1965-03-31,284.596893,293.155548,0.000000
1965-04-01,288.912048,298.009521,1.005207
1965-04-02,283.042633,298.439514,0.000000
1965-04-03,282.257751,301.319366,0.000000
1965-04-04,287.400818,300.873352,0.000000
1965-04-05,283.807098,299.860107,0.000000
1965-04-06,285.865173,301.474426,0.000000
1965-04-07,288.601776,302.155640,0.000000
1965-04-08,290.093109,301.965302,0.966740
1965-04-09,290.237244,298.641449,0.000000
1965-04-10,289.002808,297.562775,33.659996
1965-04-11,288.279907,293.252380,31.683573
1965-04-12,283.771667,295.951233,0.000000
1965-04-13,286.775391,297.387146,0.000000
1965-04-14,287.839417,301.254883,0.723251
1965-04-15,287.065826,301.704376,0.000000
1965-04-16,287.968231,302.757812,0.000000
1965-04-17,288.451538,300.832336,0.000000
1965-04-18,284.625183,303.352234,0.000000
1965-04-19,287.819183,304.466095,0.000000
1965-04-20,290.370789,303.800354,0.000000
1965-04-21,292.232880,301.820984,0.000000
1965-04-22,292.034485,302.337219,0.738189
1965-04-23,290.267700,302.280304,0.000000
1965-04-24,292.452911,300.770630,12.894490
1965-04-25,290.137543,295.903625,16.349752
1965-04-26,285.596771,295.282043,2.098810
1965-04-27,286.493744,298.203247,0.000000
1965-04-28,289.652985,300.178802,0.000000
1965-04-29,290.715271,300.097168,0.000000
1965-04-30,291.041412,299.360229,0.000000
1965-05-01,291.009430,302.295227,1.314800
1965-05-02,286.623138,301.324921,0.000000
1965-05-03,284.956085,301.218292,0.000000
1965-05-04,287.241241,301.207153,0.000000
1965-05-05,291.689758,296.384796,0.000000
1965-05-06,294.033722,299.481201,0.000000
1965-05-07,291.208618,302.937103,0.000000
1965-05-08,289.807190,306.258453,0.351850
1965-05-09,286.075500,307.961823,0.000000
1965-05-10,290.053711,307.900696,0.000000
1965-05-11,288.248138,301.086639,0.000000
1965-05-12,288.569397,303.957336,0.000000
1965-05-13,293.303802,304.504120,0.000000
1965-05-14,288.882477,296.769226,10.426743
1965-05-15,287.794067,300.954498,0.000000
1965-05-16,288.715790,300.740051,0.000000
1965-05-17,290.342682,300.657684,0.000000
1965-05-18,292.411194,300.559052,17.883532
1965-05-19,293.976593,300.669373,1.834344
1965-05-20,294.827820,300.897339,1.079719
1965-05-21,293.182190,300.723969,13.633386
1965-05-22,292.580109,299.497650,4.834207
1965-05-23,293.020233,297.184509,17.924803
1965-05-24,293.666046,299.895874,18.556343
1965-05-25,294.750397,302.828003,24.272415
1965-05-26,293.775543,303.004761,3.734908
1965-05-27,291.368591,300.776520,15.871351
1965-05-28,290.359436,301.354614,0.000000
1965-05-29,291.398712,302.710754,0.000000
1965-05-30,291.266693,303.302277,0.317989
1965-05-31,291.891907,305.381989,0.000000
1965-06-01,292.949982,306.820587,0.000000
1965-06-02,295.776642,309.574493,0.000000
1965-06-03,293.817474,307.273682,0.557916
1965-06-04,291.750580,302.561462,18.935503
1965-06-05,293.468811,303.573456,0.000000
1965-06-06,292.713135,303.341370,0.000000
1965-06-07,292.016846,303.794739,0.000000
1965-06-08,293.566681,303.469208,0.000000
1965-06-09,292.469788,303.751038,4.009702
1965-06-10,295.049133,302.643890,5.524817
1965-06-11,293.919891,302.799866,29.104994
1965-06-12,293.960052,306.748962,0.000000
1965-06-13,292.537201,306.583801,0.000000
1965-06-14,294.140289,306.494507,1.311371
1965-06-15,295.428864,302.561035,11.717642
1965-06-16,293.770294,303.587616,3.218971
1965-06-17,294.816254,305.638519,2.797929
1965-06-18,295.429962,306.520508,0.000000
1965-06-19,296.078644,307.694733,0.000000
1965-06-20,295.743256,309.011078,0.000000
1965-06-21,296.506927,308.998505,4.584754
1965-06-22,297.165375,308.394440,0.000000
1965-06-23,294.761047,308.238525,2.750327
1965-06-24,292.731903,307.879517,0.000000
1965-06-25,295.055511,309.336456,0.000000
1965-06-26,296.501984,310.552765,0.000000
1965-06-27,296.999878,311.577484,0.000000
1965-06-28,297.164673,312.159271,0.000000
1965-06-29,297.753082,312.275879,0.000000
1965-06-30,297.873108,312.277374,0.000000
1965-07-01,298.909241,313.006622,0.000000
1965-07-02,298.778931,312.938568,0.000000
1965-07-03,298.558990,313.504333,0.000000
1965-07-04,299.955475,313.951416,0.000000
1965-07-05,299.075287,314.059235,0.000000
1965-07-06,298.130066,314.008392,0.000000
1965-07-07,297.167786,312.907135,0.000000
1965-07-08,296.609375,310.573608,0.000000
1965-07-09,296.713745,309.749939,0.000000
1965-07-10,296.594696,309.810669,0.000000
1965-07-11,296.537048,309.261230,0.000000
1965-07-12,295.831085,308.919312,0.000000
1965-07-13,295.931732,310.289917,0.000000
1965-07-14,296.552124,311.354156,0.000000
1965-07-15,297.754944,311.321381,0.000000
1965-07-16,297.659363,311.496033,0.000000
1965-07-17,297.360626,311.531311,0.000000
1965-07-18,297.514496,311.165588,0.000000
1965-07-19,297.780914,311.037964,0.000000
1965-07-20,298.547150,311.662720,0.000000
1965-07-21,298.359894,312.687714,0.000000
1965-07-22,298.147095,312.108490,0.000000
1965-07-23,296.984741,311.093658,0.000000
1965-07-24,295.992432,307.740662,0.464619
1965-07-25,296.457184,309.791382,0.000000
1965-07-26,297.405670,311.648315,0.000000
1965-07-27,298.702271,311.708679,0.000000
1965-07-28,297.866333,312.161835,0.000000
1965-07-29,297.275146,311.865082,0.000000
1965-07-30,298.426575,311.796326,0.000000
1965-07-31,298.699524,311.545807,0.320776
1965-08-01,296.564545,310.552856,0.000000
1965-08-02,295.507996,309.007660,0.000000
1965-08-03,294.679688,309.414459,0.000000
1965-08-04,295.331543,308.905334,0.000000
1965-08-05,295.826843,309.425781,0.000000
1965-08-06,296.441406,311.121643,0.000000
1965-08-07,296.557953,311.669342,0.000000
1965-08-08,296.890137,311.817352,0.284668
1965-08-09,296.264374,308.544098,0.313843
1965-08-10,296.300690,306.857544,0.000000
1965-08-11,297.135406,307.161469,0.632523
1965-08-12,295.447113,306.789734,0.664472
1965-08-13,296.280457,305.947601,14.131688
1965-08-14,296.797516,304.187012,13.699397
1965-08-15,295.117676,307.635986,0.000000
1965-08-16,295.089508,307.491974,0.000000
1965-08-17,295.385101,307.585327,0.000000
1965-08-18,296.209106,308.317688,3.281300
1965-08-19,296.058289,308.127136,0.418323
1965-08-20,296.365021,308.029266,2.969285
1965-08-21,295.955841,307.761169,1.270809
1965-08-22,292.076141,306.113068,0.000000
1965-08-23,292.790955,306.240692,3.237019
1965-08-24,294.991882,304.236023,8.767070
1965-08-25,295.344330,306.778168,0.000000
1965-08-26,295.425446,306.376617,0.000000
1965-08-27,294.334595,306.765625,0.000000
1965-08-28,296.478271,306.534210,0.000000
1965-08-29,294.842987,306.688934,3.532038
1965-08-30,294.839691,307.361542,0.000000
1965-08-31,296.071533,307.324860,0.654628
1965-09-01,295.242920,308.705017,0.417800
1965-09-02,293.555939,309.003906,1.630306
1965-09-03,295.635010,307.723083,0.000000
1965-09-04,297.441254,308.653595,0.000000
1965-09-05,297.842102,308.655029,0.000000
1965-09-06,296.697174,309.110779,0.000000
1965-09-07,298.824127,309.567932,0.000000
1965-09-08,297.066437,309.031036,0.000000
1965-09-09,296.272491,307.475922,0.000000
1965-09-10,296.864990,303.344604,21.441856
1965-09-11,296.866669,303.000824,9.458521
1965-09-12,295.974060,301.672607,6.677155
1965-09-13,293.412994,302.302185,0.000000
1965-09-14,290.734314,303.472748,0.000000
1965-09-15,290.534302,305.671875,0.427825
1965-09-16,294.304779,305.101929,0.000000
1965-09-17,291.909485,304.732452,0.000000
1965-09-18,293.463409,304.696777,2.644857
1965-09-19,295.392761,304.888306,11.299733
1965-09-20,293.764679,302.855133,6.550482
1965-09-21,293.550598,303.987091,2.589983
1965-09-22,291.094299,303.529358,0.000000
1965-09-23,292.692627,302.725189,0.000000
1965-09-24,294.265991,302.345673,0.000000
1965-09-25,290.536774,299.674744,1.811706
1965-09-26,288.368927,301.460510,1.436084
1965-09-27,292.520142,303.284241,12.231471
1965-09-28,283.406708,300.541107,0.000000
1965-09-29,279.649597,292.981201,0.000000
1965-09-30,281.739899,300.105560,0.000000
1965-10-01,285.026520,300.669830,0.000000
1965-10-02,286.886383,300.112488,0.000000
1965-10-03,287.912994,301.577301,0.000000
1965-10-04,288.104248,302.917999,0.000000
1965-10-05,289.971954,303.711792,0.000000
1965-10-06,291.717224,302.949554,8.667145
1965-10-07,291.985840,301.581329,0.000000
1965-10-08,285.167847,295.609619,22.355589
1965-10-09,283.112213,294.568481,0.000000
1965-10-10,285.001862,297.604187,0.000000
1965-10-11,287.774963,301.447021,0.000000
1965-10-12,288.693176,301.321716,0.000000
1965-10-13,291.104950,299.667603,0.477950
1965-10-14,289.186981,296.559753,6.984689
1965-10-15,286.894409,294.882996,1.498856
1965-10-16,281.557953,294.754822,0.000000
1965-10-17,280.971039,296.914551,0.000000
1965-10-18,282.914978,298.633911,0.000000
1965-10-19,284.113922,300.641418,0.000000
1965-10-20,286.660522,300.193146,0.000000
1965-10-21,282.484283,299.007080,0.000000
1965-10-22,286.011871,303.736053,0.000000
1965-10-23,289.190002,303.300415,0.000000
1965-10-24,290.335846,304.701111,0.000000
1965-10-25,289.682892,304.273651,0.000000
1965-10-26,284.539673,298.798859,0.000000
1965-10-27,284.364258,299.438141,0.000000
1965-10-28,285.134705,300.397400,0.000000
1965-10-29,285.440582,300.770599,0.000000
1965-10-30,290.600433,300.894135,0.000000
1965-10-31,287.941498,300.630371,0.000000
1965-11-01,285.724304,299.192810,0.000000
1965-11-02,285.291077,303.005035,0.000000
1965-11-03,287.737427,302.362488,0.000000
1965-11-04,287.580414,300.851044,0.000000
1965-11-05,286.705994,300.275055,0.000000
1965-11-06,286.423615,299.654755,0.000000
1965-11-07,289.635040,299.009796,0.000000
1965-11-08,285.710663,297.579834,0.000000
1965-11-09,284.043671,299.740845,0.000000
1965-11-10,280.950745,298.476379,10.323680
1965-11-11,277.011993,286.599609,0.000000
1965-11-12,276.522278,287.716644,7.730290
1965-11-13,275.713776,284.256989,0.000000
1965-11-14,275.503876,291.019318,0.000000
1965-11-15,276.761719,293.541840,0.000000
1965-11-16,278.694916,295.628387,0.000000
1965-11-17,285.963928,301.520569,0.000000
1965-11-18,286.791412,300.886780,0.865740
1965-11-19,280.419220,298.904572,0.000000
1965-11-20,284.810760,303.533478,0.000000
1965-11-21,288.399017,303.428131,0.000000
1965-11-22,286.110504,302.967346,0.000000
1965-11-23,287.719940,301.602295,0.351804
1965-11-24,289.038025,300.976196,0.000000
1965-11-25,289.168274,302.041107,0.991442
1965-11-26,277.234711,301.648895,0.000000
1965-11-27,276.011627,292.313965,0.000000
1965-11-28,275.048553,296.011749,0.000000
1965-11-29,280.623840,300.080109,0.000000
1965-11-30,283.622253,300.858856,0.000000
1965-12-01,287.209290,300.891510,0.000000
1965-12-02,285.883759,301.386871,0.000000
1965-12-03,283.760864,300.719177,0.284261
1965-12-04,276.674530,295.021484,5.619388
1965-12-05,276.018951,292.536713,0.000000
1965-12-06,278.780457,298.609650,0.000000
1965-12-07,283.146545,297.637909,0.000000
1965-12-08,271.951355,289.150330,0.580626
1965-12-09,273.273499,283.800171,0.000000
1965-12-10,275.422791,285.042755,0.000000
1965-12-11,273.830811,287.587097,0.000000
1965-12-12,274.727722,286.426117,1.514568
1965-12-13,279.453888,287.966309,25.906116
1965-12-14,277.351410,288.879669,6.621552
1965-12-15,278.848267,287.890747,0.000000
1965-12-16,280.349426,292.109222,0.000000
1965-12-17,278.672791,294.540833,0.000000
1965-12-18,282.286102,293.533875,0.000000
1965-12-19,277.342926,292.172272,0.000000
1965-12-20,276.260864,284.792938,0.623046
1965-12-21,279.664062,292.900543,0.000000
1965-12-22,280.264893,292.140137,0.998921
1965-12-23,279.274567,288.857178,0.413975
1965-12-24,284.124146,294.417633,0.000000
1965-12-25,287.630768,295.952759,0.651273
1965-12-26,287.418243,295.021454,2.840657
1965-12-27,287.604767,296.717041,12.977960
1965-12-28,275.006226,293.230377,20.155344
1965-12-29,271.456848,281.959869,7.083078
1965-12-30,272.127563,286.587738,0.000000
1965-12-31,281.782166,290.779388,4.288268
1966-01-01,281.517853,292.691681,5.866153
1966-01-02,286.309174,295.208496,3.648349
1966-01-03,281.967896,293.662994,10.208596
1966-01-04,274.612122,290.498108,0.000000
1966-01-05,276.617920,285.696381,0.000000
1966-01-06,276.029022,285.792999,0.000000
1966-01-07,278.603516,285.169800,1.243257
1966-01-08,270.603210,284.646790,0.000000
1966-01-09,270.908417,278.404755,1.048317
1966-01-10,271.705933,278.708984,0.000000
1966-01-11,269.571564,275.105072,0.000000
1966-01-12,270.737885,284.887878,0.000000
1966-01-13,273.212250,287.628967,0.000000
1966-01-14,275.492920,288.380920,0.000000
1966-01-15,278.596008,286.567078,2.661131
1966-01-16,274.900360,286.635193,0.000000
1966-01-17,272.513306,285.589661,0.000000
1966-01-18,270.594971,278.391113,2.138414
1966-01-19,274.424591,283.273865,2.718716
1966-01-20,274.905304,285.505157,0.785889
1966-01-21,278.797180,285.923859,0.000000
1966-01-22,279.047150,286.012329,0.000000
1966-01-23,279.573578,292.816406,0.000000
1966-01-24,280.727570,294.923126,0.000000
1966-01-25,283.660187,295.187531,0.000000
1966-01-26,280.261780,293.152313,0.000000
1966-01-27,278.224640,295.442200,0.000000
1966-01-28,279.769836,294.843811,0.000000
1966-01-29,276.226166,292.075500,0.000000
1966-01-30,275.860870,294.931580,0.000000
1966-01-31,278.476837,292.920349,0.000000
1966-02-01,277.885345,294.895813,0.000000
1966-02-02,278.472961,295.883972,0.000000
1966-02-03,281.425323,295.237305,0.000000
1966-02-04,280.940674,295.263641,0.000000
1966-02-05,279.438873,294.888794,0.000000
1966-02-06,284.818054,297.858673,0.560192
1966-02-07,281.771973,296.468811,0.000000
1966-02-08,279.523590,294.770477,0.608959
1966-02-09,279.778931,296.019897,10.609860
1966-02-10,276.173309,294.778198,0.590141
1966-02-11,272.663971,288.332336,0.000000
1966-02-12,277.578094,288.336182,0.000000
1966-02-13,277.424713,290.932159,0.000000
1966-02-14,278.150055,294.620728,0.000000
1966-02-15,281.364441,297.443359,0.000000
1966-02-16,283.316956,298.353027,0.000000
1966-02-17,284.466919,299.201385,0.000000
1966-02-18,285.526093,300.895050,0.000000
1966-02-19,287.070740,302.551422,0.000000
1966-02-20,287.354736,302.292297,0.000000
1966-02-21,283.428955,300.699890,0.000000
1966-02-22,287.104797,299.788544,0.000000
1966-02-23,283.377747,299.432953,0.000000
1966-02-24,286.838928,303.049561,0.000000
1966-02-25,288.661255,303.404877,0.000000
1966-02-26,284.703064,301.356018,0.000000
1966-02-27,282.327789,294.370239,0.000000
1966-02-28,283.779388,293.957672,0.000000
1966-03-01,281.793640,294.161163,0.000000
1966-03-02,285.147522,295.657013,0.000000
1966-03-03,285.931427,294.815460,5.400826
1966-03-04,285.584808,294.118622,1.351185
1966-03-05,279.990112,293.377014,0.000000
1966-03-06,283.906555,293.204102,1.616836
1966-03-07,285.778839,293.179749,15.643853
1966-03-08,281.316132,291.595367,15.798555
1966-03-09,285.745453,295.067352,6.128547
1966-03-10,283.804230,292.916138,0.000000
1966-03-11,280.177307,295.710083,0.000000
1966-03-12,282.195343,300.265289,0.000000
1966-03-13,285.178436,301.286713,0.000000
1966-03-14,285.514862,300.876831,0.000000
1966-03-15,282.863678,299.519440,0.000000
1966-03-16,285.939514,299.977417,0.000000
1966-03-17,286.523254,298.832062,0.000000
1966-03-18,288.839539,301.575287,0.000000
1966-03-19,289.845154,302.099152,0.000000
1966-03-20,289.121796,300.875732,0.000000
1966-03-21,289.266296,299.633698,1.646887
1966-03-22,289.686859,296.816742,0.401788
1966-03-23,289.447205,298.188995,8.928944
1966-03-24,289.241760,301.193054,2.762665
1966-03-25,291.461517,301.349609,18.746176
1966-03-26,289.242371,297.665863,2.135142
1966-03-27,286.414703,300.064026,0.000000
1966-03-28,289.475372,298.541321,4.240354
1966-03-29,291.918488,297.009796,2.515994
1966-03-30,289.970886,298.197784,7.229138
1966-03-31,290.579254,297.375061,17.510281
1966-04-01,285.162109,295.910126,1.413865
1966-04-02,283.932709,296.801239,0.000000
1966-04-03,287.776611,299.381348,0.000000
1966-04-04,287.775635,303.563721,0.000000
1966-04-05,286.696075,303.766174,0.000000
1966-04-06,281.438507,300.484711,0.000000
1966-04-07,284.236145,300.618469,0.000000
1966-04-08,287.784943,303.855164,0.000000
1966-04-09,290.435913,303.620148,0.535890
1966-04-10,287.297668,295.979736,4.262474
1966-04-11,286.319641,296.717224,2.233548
1966-04-12,290.592407,295.931946,6.137945
1966-04-13,292.966858,296.847229,0.000000
1966-04-14,292.840271,298.957794,0.000000
1966-04-15,292.381653,299.181213,1.098707
1966-04-16,292.360779,296.589447,17.212627
1966-04-17,288.534698,298.438446,12.106081
1966-04-18,284.309052,299.286499,0.000000
1966-04-19,285.802002,303.838776,0.000000
1966-04-20,286.697784,304.342041,0.000000
1966-04-21,291.839691,303.335052,0.000000
1966-04-22,292.102295,299.602203,6.944100
1966-04-23,291.942841,297.506256,0.000000
1966-04-24,292.536407,296.718536,3.553657
1966-04-25,292.747955,299.846008,0.619117
1966-04-26,293.149384,300.531799,0.446432
1966-04-27,292.750031,299.149414,15.666224
1966-04-28,291.325439,300.932709,6.703577
1966-04-29,285.399353,298.102570,0.000000
1966-04-30,285.382782,300.718567,0.000000
1966-05-01,292.248108,299.659943,0.000000
1966-05-02,286.755371,299.198700,0.000000
1966-05-03,286.406189,298.908478,0.000000
1966-05-04,287.205750,298.962555,0.000000
1966-05-05,293.244080,301.417297,0.292801
1966-05-06,294.492432,301.950134,0.643814
1966-05-07,287.491486,301.577362,14.888577
1966-05-08,283.860901,291.195984,0.568215
1966-05-09,284.826508,295.913910,0.000000
1966-05-10,289.132874,295.966400,0.000000
1966-05-11,289.980164,297.991486,0.000000
1966-05-12,293.259888,300.721283,8.112049
1966-05-13,292.340424,299.318024,28.413406
1966-05-14,293.961273,297.535095,72.051704
1966-05-15,285.955322,301.778381,0.000000
1966-05-16,288.033386,302.317749,0.000000
1966-05-17,291.226746,301.347748,11.587223
1966-05-18,291.172089,302.397888,13.118615
1966-05-19,291.780792,302.512177,0.000000
1966-05-20,295.386047,303.011292,7.590897
1966-05-21,294.846405,302.107666,0.616843
1966-05-22,294.828857,299.883667,25.751057
1966-05-23,295.704163,299.254181,5.514020
1966-05-24,294.849396,299.346283,12.263764
1966-05-25,295.643219,299.357239,9.181649
1966-05-26,295.694519,299.750427,0.504525
1966-05-27,295.439240,298.261841,0.937923
1966-05-28,295.831604,299.731842,12.293873
1966-05-29,295.706757,301.080109,0.769215
1966-05-30,295.367096,302.204163,2.642520
1966-05-31,293.667511,299.860138,11.521017
1966-06-01,294.047638,301.674072,0.000000
1966-06-02,294.373749,302.843079,0.000000
1966-06-03,293.758392,304.362030,0.570056
1966-06-04,292.198517,303.495819,0.000000
1966-06-05,294.013916,305.342072,0.000000
1966-06-06,291.726593,305.532532,1.078035
1966-06-07,291.463043,304.742889,0.000000
1966-06-08,291.068878,305.111755,2.139361
1966-06-09,291.386841,305.544952,0.000000
1966-06-10,290.100372,304.950745,0.000000
1966-06-11,290.305847,303.669220,0.000000
1966-06-12,294.747681,304.274200,0.000000
1966-06-13,294.093079,304.345520,0.000000
1966-06-14,294.073761,305.811279,0.000000
1966-06-15,293.562347,303.051971,1.455390
1966-06-16,293.345856,308.289673,0.000000
1966-06-17,292.997375,307.522552,0.000000
1966-06-18,294.339935,304.978210,0.000000
1966-06-19,295.077850,303.310059,0.720673
1966-06-20,296.585999,299.737305,9.694929
1966-06-21,296.582458,300.894897,21.379534
1966-06-22,295.237091,302.055908,4.614753
1966-06-23,292.574371,302.787170,2.716306
1966-06-24,292.398132,305.967712,0.000000
1966-06-25,291.547424,307.593475,0.000000
1966-06-26,292.972961,306.640350,0.000000
1966-06-27,293.973816,304.723267,0.000000
1966-06-28,295.516022,305.968445,2.248010
1966-06-29,294.140564,303.338745,2.404494
1966-06-30,293.076080,304.576538,4.040186
1966-07-01,294.154175,306.034119,0.000000
1966-07-02,292.754944,307.489655,0.000000
1966-07-03,294.441833,308.532227,0.000000
1966-07-04,295.245270,307.308838,0.000000
1966-07-05,295.674713,309.571320,0.000000
1966-07-06,296.468292,309.367676,4.350790
1966-07-07,294.924866,306.867981,0.000000
1966-07-08,295.463135,306.504700,0.000000
1966-07-09,296.264465,307.869568,0.000000
1966-07-10,295.580902,309.083801,0.000000
1966-07-11,295.057159,310.543610,0.000000
1966-07-12,294.487061,310.261597,0.000000
1966-07-13,294.300446,309.516266,0.000000
1966-07-14,294.221863,308.267670,0.000000
1966-07-15,294.386688,308.719299,0.524275
1966-07-16,294.996979,308.643372,0.000000
1966-07-17,295.913116,311.258942,0.000000
1966-07-18,296.906311,311.378510,0.000000
1966-07-19,296.326935,311.212158,0.000000
1966-07-20,296.703766,310.339325,0.000000
1966-07-21,296.596924,310.367645,0.000000
1966-07-22,295.948486,310.188293,0.000000
1966-07-23,296.284180,309.050446,0.000000
1966-07-24,295.916138,308.794128,0.000000
1966-07-25,297.050995,309.708191,0.000000
1966-07-26,296.546844,309.142609,1.000326
1966-07-27,295.179047,308.509674,0.000000
1966-07-28,295.356415,306.375244,0.000000
1966-07-29,295.870667,307.990540,0.000000
1966-07-30,295.179749,310.203613,0.000000
1966-07-31,293.366760,309.424194,0.796664
1966-08-01,294.037415,309.317413,0.000000
1966-08-02,294.007355,308.754059,0.615532
1966-08-03,294.355621,308.023865,0.000000
1966-08-04,294.817657,309.561066,0.000000
1966-08-05,295.578888,309.754913,0.000000
1966-08-06,295.916443,310.084534,1.847371
1966-08-07,296.071472,309.790131,0.000000
1966-08-08,295.005096,309.188812,1.907393
1966-08-09,295.985596,306.894440,2.484564
1966-08-10,295.085480,306.834625,0.297945
1966-08-11,295.159546,308.885559,0.000000
1966-08-12,294.271088,308.363922,0.000000
1966-08-13,291.342255,307.393646,0.000000
1966-08-14,293.024902,307.427002,0.000000
1966-08-15,295.595978,305.870300,1.612509
1966-08-16,295.179047,307.405945,14.543710
1966-08-17,294.304382,308.904327,0.000000
1966-08-18,295.189636,309.794952,0.000000
1966-08-19,295.160248,309.382599,0.000000
1966-08-20,295.062347,306.901611,0.521965
1966-08-21,294.685577,304.776062,1.149817
1966-08-22,294.288391,305.885437,1.043742
1966-08-23,295.449341,305.076843,1.153241
1966-08-24,296.616272,307.171906,0.597029
1966-08-25,295.193573,309.672363,0.000000
1966-08-26,295.034698,309.017303,0.000000
1966-08-27,294.928741,307.115295,0.000000
1966-08-28,292.861511,307.887909,0.000000
1966-08-29,291.432281,308.862762,0.000000
1966-08-30,292.959656,308.674774,0.000000
1966-08-31,295.509613,309.002563,0.000000
1966-09-01,296.192535,306.998962,1.191437
1966-09-02,295.016052,304.758759,27.327990
1966-09-03,290.282227,297.600372,35.809422
1966-09-04,290.078552,301.657715,0.000000
1966-09-05,290.040985,301.426880,0.000000
1966-09-06,290.177826,295.837860,31.524574
1966-09-07,290.633667,296.899750,55.544308
1966-09-08,294.275513,301.650421,0.556791
1966-09-09,294.433319,302.429657,4.884763
1966-09-10,293.444611,301.916321,6.486364
1966-09-11,291.902832,302.668762,20.379059
1966-09-12,293.562653,302.527985,8.222589
1966-09-13,290.361328,303.426636,0.000000
1966-09-14,292.750397,303.455872,1.555783
1966-09-15,293.918945,304.007050,2.068237
1966-09-16,293.141388,303.188904,0.321352
1966-09-17,289.757141,304.149811,25.772383
1966-09-18,293.727936,301.661804,21.729496
1966-09-19,295.230042,303.773560,15.463201
1966-09-20,290.967896,303.420685,7.234553
1966-09-21,289.936798,302.329529,1.413775
1966-09-22,289.545013,303.305786,0.000000
1966-09-23,289.572937,304.860657,0.000000
1966-09-24,289.901917,304.896637,0.000000
1966-09-25,290.072052,305.714081,0.000000
1966-09-26,291.704071,306.261414,0.000000
1966-09-27,293.980408,305.611969,0.000000
1966-09-28,290.080811,305.925751,0.000000
1966-09-29,291.115021,305.916931,0.000000
1966-09-30,292.603607,306.109070,0.000000
1966-10-01,292.992859,306.178619,1.058303
1966-10-02,294.351044,307.213165,0.000000
1966-10-03,293.717041,306.964111,0.000000
1966-10-04,293.979340,305.084320,0.000000
1966-10-05,294.107880,306.298553,0.000000
1966-10-06,293.211487,305.864471,1.431539
1966-10-07,286.129578,304.611633,0.000000
1966-10-08,285.360931,300.492828,0.000000
1966-10-09,285.177917,302.415375,0.000000
1966-10-10,286.931213,302.616943,0.000000
1966-10-11,285.443481,302.663086,0.000000
1966-10-12,286.028351,302.958221,0.000000
1966-10-13,286.307190,303.483154,0.000000
1966-10-14,289.810242,304.401062,0.000000
1966-10-15,291.159180,305.337280,0.000000
1966-10-16,289.152954,303.475922,0.000000
1966-10-17,291.502777,303.677917,0.000000
1966-10-18,291.435760,303.784943,0.000000
1966-10-19,293.257446,303.391266,2.745506
1966-10-20,290.545380,296.925385,7.802105
1966-10-21,290.165497,299.915039,1.975825
1966-10-22,288.239960,295.154205,25.461180
1966-10-23,280.186401,293.376373,0.509116
1966-10-24,280.868835,296.094482,0.000000
1966-10-25,282.937347,295.586945,0.000000
1966-10-26,281.146545,295.099243,0.000000
1966-10-27,281.031769,296.676422,0.000000
1966-10-28,282.642365,298.888824,0.000000
1966-10-29,283.643921,299.229492,0.000000
1966-10-30,284.119812,299.636993,0.000000
1966-10-31,284.777161,301.211517,0.000000
1966-11-01,285.122253,301.173523,0.000000
1966-11-02,286.375336,301.215027,0.000000
1966-11-03,288.879669,300.821350,0.000000
1966-11-04,287.467987,300.983490,0.438672
1966-11-05,283.549103,300.438660,0.000000
1966-11-06,280.910278,290.435333,0.000000
1966-11-07,279.195526,289.069275,0.000000
1966-11-08,280.355072,295.115265,0.000000
1966-11-09,282.582275,294.622742,0.000000
1966-11-10,276.541718,290.625763,0.000000
1966-11-11,276.627319,290.283569,0.000000
1966-11-12,278.923248,290.811035,0.000000
1966-11-13,278.781036,289.077484,0.000000
1966-11-14,280.427582,299.435333,0.000000
1966-11-15,284.051727,298.049408,0.000000
1966-11-16,286.764893,293.748627,3.025154
1966-11-17,286.968018,296.649841,1.489599
1966-11-18,283.248962,296.921143,0.358619
1966-11-19,282.222870,290.704041,42.522285
1966-11-20,276.784729,290.063049,22.623224
1966-11-21,273.706268,282.100952,0.000000
1966-11-22,275.508026,287.259216,0.000000
1966-11-23,276.982941,287.632599,15.510898
1966-11-24,280.588226,286.916626,65.253609
1966-11-25,276.250366,284.989716,0.000000
1966-11-26,276.754517,285.520203,3.728376
1966-11-27,275.905121,284.203156,18.217056
1966-11-28,280.061279,294.583588,11.022046
1966-11-29,276.995697,297.188843,12.850132
1966-11-30,273.921631,286.169922,0.000000
1966-12-01,271.700500,283.549133,0.000000
1966-12-02,270.065857,282.728363,0.000000
1966-12-03,271.767853,284.766663,0.000000
1966-12-04,276.402740,287.759644,0.348090
1966-12-05,281.503235,290.276428,6.020579
1966-12-06,276.613464,289.875641,2.734687
1966-12-07,276.960815,291.887604,0.000000
1966-12-08,284.691956,294.257446,0.000000
1966-12-09,281.701324,292.016663,0.000000
1966-12-10,276.606812,291.448364,0.000000
1966-12-11,276.359619,291.661774,0.000000
1966-12-12,282.973114,289.452606,30.873976
1966-12-13,282.601135,287.497528,12.888721
1966-12-14,274.864716,286.106201,0.807640
1966-12-15,270.191559,282.611206,0.000000
1966-12-16,276.786224,293.119507,0.000000
1966-12-17,282.705902,295.688843,0.000000
1966-12-18,284.811646,296.801575,0.000000
1966-12-19,271.870300,294.524902,0.000000
1966-12-20,271.174011,283.313538,0.000000
1966-12-21,275.886963,284.309784,0.000000
1966-12-22,268.918732,281.318787,1.373545
1966-12-23,270.446014,281.074036,0.000000
1966-12-24,274.111359,283.960388,0.000000
1966-12-25,275.688904,287.762085,0.000000
1966-12-26,277.738831,288.911407,0.000000
1966-12-27,277.045166,289.614502,0.000000
1966-12-28,278.311401,289.160492,0.000000
1966-12-29,285.118103,289.451508,11.458701
1966-12-30,280.629974,292.745239,1.271246
1966-12-31,283.760925,292.924347,0.000000
1967-01-01,281.856537,295.625214,0.000000
1967-01-02,281.093903,293.031860,0.000000
1967-01-03,272.973602,288.913391,0.000000
1967-01-04,275.461731,292.122101,0.000000
1967-01-05,268.386810,291.096405,0.000000
1967-01-06,268.872925,284.829468,0.000000
1967-01-07,273.272797,293.337433,0.000000
1967-01-08,278.407501,297.303131,0.000000
1967-01-09,281.961914,297.529572,0.809357
1967-01-10,283.856476,295.092926,1.755863
1967-01-11,284.104645,293.791138,0.816898
1967-01-12,278.088745,291.857910,0.000000
1967-01-13,277.598694,292.554871,0.000000
1967-01-14,281.986908,292.135559,3.404605
1967-01-15,279.356720,289.940094,17.054211
1967-01-16,278.536255,285.965424,13.368135
1967-01-17,281.363068,287.923401,30.969946
1967-01-18,274.687714,285.484589,1.110954
1967-01-19,275.581573,290.266907,1.170773
1967-01-20,278.901123,290.435028,0.000000
1967-01-21,278.888123,290.642487,0.000000
1967-01-22,282.037140,293.786591,0.000000
1967-01-23,279.875885,292.116669,7.083342
1967-01-24,272.262421,285.405334,1.243304
1967-01-25,271.636078,280.342255,0.330338
1967-01-26,272.416565,280.281464,8.889004
1967-01-27,264.233917,274.322632,0.385103
1967-01-28,263.653015,278.315186,0.000000
1967-01-29,268.973602,280.990173,0.000000
1967-01-30,273.348877,286.172455,0.000000
1967-01-31,279.208252,289.528290,0.000000
1967-02-01,282.850098,291.928925,0.000000
1967-02-02,281.895203,291.012268,0.000000
1967-02-03,281.939758,289.846161,0.000000
1967-02-04,279.944336,289.932159,0.000000
1967-02-05,280.574829,289.658661,0.000000
1967-02-06,279.003998,289.457489,0.436666
1967-02-07,276.794525,283.036804,0.340420
1967-02-08,274.870667,288.668884,0.000000
1967-02-09,273.113678,287.123535,0.000000
1967-02-10,269.912506,275.022339,0.901287
1967-02-11,266.615662,273.815643,4.928330
1967-02-12,268.809113,277.069977,0.000000
1967-02-13,276.397888,281.798981,35.185963
1967-02-14,271.580688,274.383972,7.779582
1967-02-15,271.770538,278.069031,1.408387
1967-02-16,269.947357,285.489136,0.000000
1967-02-17,274.892395,291.013153,0.000000
1967-02-18,279.481140,293.979492,0.000000
1967-02-19,281.075043,293.747314,0.000000
1967-02-20,279.372986,292.308167,0.000000
1967-02-21,281.291870,290.326599,10.583993
1967-02-22,280.951355,294.025452,0.000000
1967-02-23,281.763916,293.017578,0.000000
1967-02-24,281.839752,292.257904,8.037151
1967-02-25,280.457611,294.954315,1.679286
1967-02-26,277.098297,292.422638,0.000000
1967-02-27,279.422394,295.990234,0.000000
1967-02-28,281.682007,301.201813,0.000000
1967-03-01,283.327606,303.713287,0.000000
1967-03-02,286.925018,302.539215,0.000000
1967-03-03,288.269653,299.787842,0.000000
1967-03-04,288.162689,298.240601,10.199181
1967-03-05,285.942596,296.080841,13.621336
1967-03-06,278.149597,292.239502,0.000000
1967-03-07,277.729065,287.270630,0.000000
1967-03-08,276.159119,287.577545,0.000000
1967-03-09,276.836792,291.184937,0.000000
1967-03-10,278.348663,291.250153,0.000000
1967-03-11,283.273651,297.661072,2.395897
1967-03-12,284.552643,298.113953,0.000000
1967-03-13,280.608398,298.298920,4.492914
1967-03-14,274.316101,291.345642,0.000000
1967-03-15,277.442444,293.317291,0.000000
1967-03-16,278.370758,296.094360,0.000000
1967-03-17,281.599701,300.372314,0.000000
1967-03-18,283.773773,301.160583,0.000000
1967-03-19,286.809845,300.369690,0.000000
1967-03-20,284.633270,295.926483,0.000000
1967-03-21,279.414459,294.657471,0.000000
1967-03-22,280.155914,298.997192,0.000000
1967-03-23,282.130707,301.712738,0.000000
1967-03-24,284.651184,304.009125,0.000000
1967-03-25,288.635620,304.276154,0.000000
1967-03-26,283.034210,302.994019,0.000000
1967-03-27,277.162903,291.382294,0.000000
1967-03-28,278.099396,295.059113,0.000000
1967-03-29,280.428162,298.886292,0.000000
1967-03-30,283.133728,302.920746,0.000000
1967-03-31,286.448700,305.424591,0.000000
1967-04-01,287.899017,304.267731,0.000000
1967-04-02,289.376923,303.101746,2.508924
1967-04-03,285.703827,301.357880,0.000000
1967-04-04,283.856506,299.545471,0.440219
1967-04-05,284.319641,301.747284,0.000000
1967-04-06,289.459778,301.680481,1.226909
1967-04-07,286.384491,303.683929,0.000000
1967-04-08,286.677124,304.645996,0.000000
1967-04-09,292.451538,303.045990,13.359461
1967-04-10,287.054108,296.904388,4.799446
1967-04-11,291.325745,298.224518,3.526013
1967-04-12,283.730103,298.369385,0.000000
1967-04-13,281.987335,300.802032,0.000000
1967-04-14,285.436249,301.500519,0.000000
1967-04-15,288.754517,301.225830,0.000000
1967-04-16,290.209412,300.607330,0.000000
1967-04-17,288.744873,300.150391,2.493776
1967-04-18,288.661652,302.755707,1.321730
1967-04-19,290.225098,302.882904,0.000000
1967-04-20,290.665100,303.022644,0.000000
1967-04-21,292.109619,301.154633,1.309458
1967-04-22,291.259827,299.050446,2.875402
1967-04-23,292.250366,297.702087,19.882191
1967-04-24,292.311035,298.907959,25.451059
1967-04-25,287.103485,299.729340,0.000000
1967-04-26,285.051178,301.702972,0.000000
1967-04-27,287.205566,305.814911,0.000000
1967-04-28,288.557251,304.751678,0.000000
1967-04-29,286.460205,301.714661,0.000000
1967-04-30,291.717102,311.136078,0.000000
1967-05-01,288.661224,311.858185,0.000000
1967-05-02,288.949310,296.914215,0.000000
1967-05-03,293.057098,305.110779,0.000000
1967-05-04,293.834900,307.137543,0.000000
1967-05-05,293.372009,307.031311,0.000000
1967-05-06,294.025909,306.904144,0.000000
1967-05-07,294.008881,305.805481,0.000000
1967-05-08,294.353607,304.655945,0.000000
1967-05-09,291.568207,303.958862,0.000000
1967-05-10,291.641663,305.441284,0.000000
1967-05-11,292.583466,307.037994,0.000000
1967-05-12,292.231079,306.765808,0.000000
1967-05-13,291.575226,306.321472,0.000000
1967-05-14,293.297485,305.611786,0.000000
1967-05-15,290.632874,306.817627,0.000000
1967-05-16,294.220551,306.429932,0.000000
1967-05-17,293.032532,305.606110,0.000000
1967-05-18,292.287476,305.291595,0.000000
1967-05-19,292.337433,306.120728,0.000000
1967-05-20,292.313171,306.607910,0.000000
1967-05-21,294.814301,306.673126,0.327869
1967-05-22,294.658478,308.063080,0.000000
1967-05-23,293.187866,307.690430,1.358118
1967-05-24,292.077332,304.681641,0.624679
1967-05-25,292.291290,305.478088,4.861347
1967-05-26,295.053711,308.571716,0.000000
1967-05-27,295.790192,309.089264,0.000000
1967-05-28,295.943054,310.105103,0.000000
1967-05-29,295.946655,309.915649,0.000000
1967-05-30,294.865875,308.622955,0.000000
1967-05-31,292.867798,306.769867,0.000000
1967-06-01,294.952423,306.613770,0.000000
1967-06-02,294.401947,309.009033,0.000000
1967-06-03,293.060150,308.466827,0.000000
1967-06-04,293.985596,307.847229,0.000000
1967-06-05,294.938049,307.132111,0.000000
1967-06-06,295.998535,308.000397,0.000000
1967-06-07,295.227692,308.237488,0.000000
1967-06-08,295.573029,308.564056,0.000000
1967-06-09,295.358429,308.540344,0.000000
1967-06-10,296.436127,306.996216,0.876103
1967-06-11,297.414276,310.369995,6.110777
1967-06-12,297.305084,308.472137,3.376997
1967-06-13,297.670837,307.456329,11.379688
1967-06-14,296.074097,306.906891,3.971984
1967-06-15,294.696869,304.001190,1.413381
1967-06-16,294.373108,304.510468,2.783703
1967-06-17,295.286743,306.491119,4.247021
1967-06-18,296.769440,307.321991,0.000000
1967-06-19,296.049225,307.304077,0.000000
1967-06-20,296.637268,307.129059,1.177938
1967-06-21,296.743561,308.844666,0.000000
1967-06-22,296.495422,308.152679,0.000000
1967-06-23,295.425964,305.490021,3.623827
1967-06-24,295.948395,304.068481,4.407877
1967-06-25,296.139343,305.399902,3.422955
1967-06-26,294.753632,306.062897,0.000000
1967-06-27,294.863190,305.656342,0.000000
1967-06-28,297.023773,307.163635,0.000000
1967-06-29,296.549469,309.137482,0.000000
1967-06-30,296.182617,308.899719,0.000000
1967-07-01,297.026947,308.951508,0.000000
1967-07-02,296.299377,307.319611,0.000000
1967-07-03,295.925568,305.921356,5.207652
1967-07-04,297.283630,304.164490,44.509804
1967-07-05,295.033325,307.801178,0.000000
1967-07-06,295.901978,308.474213,0.000000
1967-07-07,295.350189,308.043884,0.000000
1967-07-08,294.731720,306.464478,1.153377
1967-07-09,295.300476,305.824036,3.091459
1967-07-10,296.154388,302.186554,2.725986
1967-07-11,296.192413,303.357697,0.000000
1967-07-12,296.392883,304.284515,0.328540
1967-07-13,296.302521,305.570618,0.556434
1967-07-14,295.193268,303.087402,17.526880
1967-07-15,295.377502,304.517242,1.891637
1967-07-16,295.716034,304.365845,5.260456
1967-07-17,295.383057,306.923126,0.000000
1967-07-18,296.336731,308.370850,0.000000
1967-07-19,297.058624,308.355438,0.000000
1967-07-20,295.652008,304.795929,0.859066
1967-07-21,296.202454,301.765381,9.875870
1967-07-22,297.077911,302.701996,15.817797
1967-07-23,297.412018,301.168152,14.945519
1967-07-24,298.044586,303.037445,11.048053
1967-07-25,295.433533,304.520813,0.000000
1967-07-26,295.875397,304.257721,0.000000
1967-07-27,296.533875,304.170837,0.000000
1967-07-28,296.985596,308.598755,0.000000
1967-07-29,297.153748,309.855896,0.000000
1967-07-30,296.481567,309.818634,0.000000
1967-07-31,296.792999,308.091064,1.811923
1967-08-01,296.511658,307.490601,13.455598
1967-08-02,295.103973,309.528412,0.000000
1967-08-03,295.111023,310.051910,0.000000
1967-08-04,295.935059,309.260315,0.577377
1967-08-05,296.035767,307.984039,0.000000
1967-08-06,295.449127,307.707275,0.293696
1967-08-07,295.522369,306.935852,0.000000
1967-08-08,295.145020,309.944031,0.000000
1967-08-09,297.076324,309.579895,0.000000
1967-08-10,296.046082,308.836243,2.273016
1967-08-11,294.402222,309.062134,1.121966
1967-08-12,297.269135,311.907196,0.000000
1967-08-13,296.084137,311.067413,5.692606
1967-08-14,297.753296,308.217560,3.115535
1967-08-15,296.565765,311.793701,0.000000
1967-08-16,299.149994,311.639923,0.000000
1967-08-17,296.877747,310.851471,0.000000
1967-08-18,296.639374,309.258087,0.000000
1967-08-19,296.742889,309.568665,0.599191
1967-08-20,298.229706,310.487000,0.000000
1967-08-21,296.636475,310.346375,10.317804
1967-08-22,296.600800,308.310425,3.310766
1967-08-23,295.137970,308.010406,0.537402
1967-08-24,296.801208,309.381683,0.589164
1967-08-25,296.347778,308.168976,0.000000
1967-08-26,295.112915,307.615417,0.000000
1967-08-27,297.115540,308.912872,0.000000
1967-08-28,297.559906,308.357666,0.000000
1967-08-29,295.388641,308.488800,0.000000
1967-08-30,294.238556,307.889191,0.000000
1967-08-31,295.258270,309.873962,0.000000
1967-09-01,297.739441,310.134644,0.000000
1967-09-02,298.296631,310.038971,0.000000
1967-09-03,297.585968,310.083557,0.000000
1967-09-04,295.875885,310.137054,0.000000
1967-09-05,296.590179,309.886108,0.000000
1967-09-06,298.664673,308.521973,0.000000
1967-09-07,296.059326,302.935669,0.000000
1967-09-08,296.668793,302.955780,9.655457
1967-09-09,296.831543,304.997772,0.000000
1967-09-10,295.671600,304.982178,0.420494
1967-09-11,295.884399,306.436523,0.000000
1967-09-12,295.497253,307.436951,0.531256
1967-09-13,294.168091,307.789276,0.000000
1967-09-14,295.055786,307.843658,0.000000
1967-09-15,295.262939,307.540710,0.000000
1967-09-16,294.906067,307.260681,0.000000
1967-09-17,295.216614,309.027405,0.000000
1967-09-18,296.799896,308.848175,0.000000
1967-09-19,296.579773,307.284027,1.625405
1967-09-20,296.241486,307.456390,2.765578
1967-09-21,295.728668,307.812317,0.681680
1967-09-22,295.193634,306.788727,0.000000
1967-09-23,296.289154,306.421448,1.399335
1967-09-24,295.729218,305.153656,0.000000
1967-09-25,290.019104,304.794586,10.635406
1967-09-26,289.355316,302.524078,0.000000
1967-09-27,291.357544,306.324188,0.000000
1967-09-28,295.267578,306.702942,0.000000
1967-09-29,289.691772,304.672791,0.000000
1967-09-30,289.919861,303.710968,0.000000
1967-10-01,287.045624,302.515869,0.000000
1967-10-02,286.229462,303.726501,0.000000
1967-10-03,288.641205,305.015137,0.000000
1967-10-04,290.727905,305.742401,0.000000
1967-10-05,293.524689,302.051422,25.434168
1967-10-06,294.618011,302.220520,1.486807
1967-10-07,293.295837,301.590881,0.645455
1967-10-08,293.300629,302.469879,24.869879
1967-10-09,293.871765,305.251617,0.855086
1967-10-10,288.674164,304.670197,0.365902
1967-10-11,285.049713,298.829437,0.000000
1967-10-12,284.829407,298.261230,0.000000
1967-10-13,284.475067,297.050079,0.000000
1967-10-14,284.607239,298.263275,0.000000
1967-10-15,285.329437,298.108459,0.000000
1967-10-16,285.840088,297.970398,0.000000
1967-10-17,284.410645,298.200226,0.000000
1967-10-18,286.489746,300.029816,0.000000
1967-10-19,287.873535,301.461914,0.000000
1967-10-20,289.968079,303.332397,0.000000
1967-10-21,292.107941,300.486877,12.507519
1967-10-22,292.206390,296.526581,19.525503
1967-10-23,285.509888,295.381714,15.851446
1967-10-24,284.524841,298.710663,0.474713
1967-10-25,287.047363,298.941376,0.000000
1967-10-26,287.885803,298.364044,11.853681
1967-10-27,280.865204,291.711304,0.000000
1967-10-28,279.896240,295.937164,0.000000
1967-10-29,280.638275,298.237885,0.000000
1967-10-30,285.169250,298.005463,0.000000
1967-10-31,279.607971,294.140869,0.000000
1967-11-01,279.869904,297.247314,0.000000
1967-11-02,284.882965,300.947357,0.000000
1967-11-03,285.987732,301.892426,0.000000
1967-11-04,288.269104,304.008789,0.000000
1967-11-05,289.423157,303.462921,0.000000
1967-11-06,283.663330,303.010254,1.010051
1967-11-07,282.163635,298.047180,0.461905
1967-11-08,283.605042,298.443085,0.000000
1967-11-09,285.018280,300.081757,0.000000
1967-11-10,290.295715,301.841431,0.000000
1967-11-11,287.681091,301.454498,0.468518
1967-11-12,284.560822,298.601410,0.000000
1967-11-13,279.946045,293.561493,0.403542
1967-11-14,282.596924,294.529846,0.000000
1967-11-15,281.733551,295.115967,0.000000
1967-11-16,280.531677,294.371338,0.000000
1967-11-17,280.188232,296.711609,0.000000
1967-11-18,285.947693,298.617371,0.000000
1967-11-19,287.053589,297.820129,2.129921
1967-11-20,277.301544,295.274323,37.634308
1967-11-21,272.726318,283.302582,0.486514
1967-11-22,275.421082,281.565643,0.000000
1967-11-23,274.244324,280.849365,0.000000
1967-11-24,271.846344,287.382446,0.000000
1967-11-25,274.419281,289.904602,0.000000
1967-11-26,279.996277,293.357239,0.000000
1967-11-27,277.349548,296.781036,0.000000
1967-11-28,278.657104,295.503235,0.000000
1967-11-29,276.466095,291.957703,0.000000
1967-11-30,276.375275,295.340454,0.000000
1967-12-01,283.755127,297.622955,0.000000
1967-12-02,288.012268,301.893738,0.000000
1967-12-03,288.300507,300.841522,0.000000
1967-12-04,288.732941,299.788116,2.191594
1967-12-05,289.652924,298.997040,0.407769
1967-12-06,288.239136,298.251495,4.091922
1967-12-07,286.923187,298.652618,2.117108
1967-12-08,267.838379,292.440216,0.000000
1967-12-09,268.561615,279.844116,0.000000
1967-12-10,268.720551,280.627319,0.000000
1967-12-11,269.434631,286.524017,0.000000
1967-12-12,281.095978,294.334869,0.000000
1967-12-13,284.485260,295.219177,0.000000
1967-12-14,268.405975,291.976166,0.903222
1967-12-15,265.227478,268.695038,1.705977
1967-12-16,274.093689,278.224365,22.225918
1967-12-17,270.934296,278.271912,8.107067
1967-12-18,272.686340,284.950562,2.574804
1967-12-19,276.303436,287.715088,0.000000
1967-12-20,274.542450,285.430084,0.000000
1967-12-21,278.758057,290.274689,0.655761
1967-12-22,284.873779,295.161774,0.000000
1967-12-23,287.698120,294.772156,1.693543
1967-12-24,287.498383,294.616638,1.108405
1967-12-25,286.677094,294.879303,2.481067
1967-12-26,281.283386,291.306488,0.000000
1967-12-27,282.701080,289.669586,1.583411
1967-12-28,280.544098,289.594269,0.000000
1967-12-29,278.349823,287.659363,0.000000
1967-12-30,273.969757,285.810333,0.000000
1967-12-31,276.000702,288.796570,0.000000
1968-01-01,280.501923,291.284088,0.000000
1968-01-02,282.626923,291.598236,0.749851
1968-01-03,282.314392,289.962860,6.722627
1968-01-04,282.305298,289.701996,4.040714
1968-01-05,280.409485,290.076050,0.000000
1968-01-06,280.674469,292.107971,0.000000
1968-01-07,281.783630,291.453979,0.000000
1968-01-08,282.271606,290.415588,0.000000
1968-01-09,280.203156,289.970947,0.755143
1968-01-10,277.967285,289.583466,0.000000
1968-01-11,279.339783,289.660400,0.000000
1968-01-12,274.083740,286.889038,0.000000
1968-01-13,269.511688,281.017609,0.000000
1968-01-14,270.714233,282.843109,0.000000
1968-01-15,273.284393,282.492645,0.000000
1968-01-16,273.290680,281.673706,1.220585
1968-01-17,272.774261,284.796875,0.000000
1968-01-18,276.986542,285.996033,0.000000
1968-01-19,273.007233,283.837524,0.000000
1968-01-20,272.585205,286.914856,1.190363
1968-01-21,281.235596,287.612579,9.334826
1968-01-22,283.099091,292.234802,13.587336
1968-01-23,284.877960,295.796631,7.458490
1968-01-24,269.736298,293.996277,1.470375
1968-01-25,270.600494,284.201569,0.000000
1968-01-26,272.775726,289.249725,0.000000
1968-01-27,275.118256,287.549072,0.000000
1968-01-28,274.912140,289.856934,0.000000
1968-01-29,276.821289,290.292328,0.000000
1968-01-30,276.400940,292.397491,0.000000
1968-01-31,276.004272,290.595428,0.000000
1968-02-01,271.619507,285.575897,0.000000
1968-02-02,273.692169,290.742584,0.000000
1968-02-03,275.362701,290.176178,0.000000
1968-02-04,277.588409,290.958221,0.000000
1968-02-05,285.725769,291.161987,0.000000
1968-02-06,287.251678,293.225677,4.105438
1968-02-07,284.396271,291.975769,6.367635
1968-02-08,283.183716,295.471344,0.000000
1968-02-09,276.323425,292.868774,1.357842
1968-02-10,269.832764,282.995972,0.000000
1968-02-11,271.475037,286.018799,0.000000
1968-02-12,272.992523,288.367157,0.000000
1968-02-13,274.490143,289.727509,0.000000
1968-02-14,277.855957,292.447968,0.000000
1968-02-15,281.584076,294.586761,0.557143
1968-02-16,284.011200,293.230255,10.564449
1968-02-17,284.989105,293.267303,6.401819
1968-02-18,282.014618,293.540649,18.757492
1968-02-19,276.790619,286.649353,0.000000
1968-02-20,273.828583,285.740631,0.000000
1968-02-21,274.286072,283.869110,0.000000
1968-02-22,273.257782,286.375061,0.000000
1968-02-23,273.939270,288.746185,0.000000
1968-02-24,277.674713,290.419342,0.000000
1968-02-25,280.547272,290.736023,0.000000
1968-02-26,283.486847,300.818176,0.000000
1968-02-27,280.551117,300.365417,0.000000
1968-02-28,280.738861,292.643738,0.000000
1968-02-29,279.617065,293.954102,0.000000
1968-03-01,278.495270,295.264465,0.000000
1968-03-02,281.320404,297.732147,0.000000
1968-03-03,284.602112,300.061218,0.000000
1968-03-04,285.820831,303.399841,0.000000
1968-03-05,287.625305,303.771393,0.600907
1968-03-06,285.181488,302.577728,0.000000
1968-03-07,279.591858,293.730194,0.000000
1968-03-08,280.675751,298.374939,0.000000
1968-03-09,283.601654,300.260834,0.000000
1968-03-10,283.883667,299.841797,0.000000
1968-03-11,284.715881,299.556122,0.000000
1968-03-12,287.340179,299.648163,0.000000
1968-03-13,289.102356,299.341736,0.000000
1968-03-14,289.627258,296.203339,0.392479
1968-03-15,287.707123,294.852112,4.265766
1968-03-16,290.920929,297.705505,0.000000
1968-03-17,289.701324,295.554840,0.000000
1968-03-18,289.127899,293.830719,0.000000
1968-03-19,288.269226,293.504547,0.000000
1968-03-20,288.276703,293.232544,1.150964
1968-03-21,288.438477,293.502319,0.000000
1968-03-22,288.913330,292.739166,0.000000
1968-03-23,290.098145,295.947632,1.422588
1968-03-24,286.985748,295.718048,0.000000
1968-03-25,279.948669,294.542664,0.000000
1968-03-26,286.156067,297.261871,0.000000
1968-03-27,282.014191,296.801239,0.000000
1968-03-28,280.685822,297.199860,0.000000
1968-03-29,283.237518,303.015900,0.000000
1968-03-30,287.868286,304.396271,0.000000
1968-03-31,290.697052,304.419891,0.000000
1968-04-01,289.701050,297.423523,0.000000
1968-04-02,289.629578,296.944000,0.000000
1968-04-03,290.664825,296.582764,0.000000
1968-04-04,290.688263,299.504639,0.000000
1968-04-05,288.652252,303.236389,0.000000
1968-04-06,290.092438,307.629181,0.000000
1968-04-07,293.163940,307.807190,0.000000
1968-04-08,294.887421,307.871613,0.000000
1968-04-09,291.931763,307.400360,0.000000
1968-04-10,290.616241,304.383728,0.000000
1968-04-11,291.689331,302.958008,0.000000
1968-04-12,292.094666,300.828278,0.000000
1968-04-13,291.573792,302.351746,0.000000
1968-04-14,292.127991,303.403595,0.000000
1968-04-15,292.749817,303.007141,1.015061
1968-04-16,289.749512,297.660431,34.573280
1968-04-17,285.007202,286.807983,52.850155
1968-04-18,283.538757,290.174103,0.000000
1968-04-19,281.562988,294.893646,0.000000
1968-04-20,287.145538,296.220123,0.000000
1968-04-21,289.646057,296.847137,0.000000
1968-04-22,291.663483,304.873383,0.348559
1968-04-23,292.024445,307.094849,0.000000
1968-04-24,293.227936,306.866760,0.000000
1968-04-25,293.593811,306.018341,0.000000
1968-04-26,293.559784,305.205353,0.000000
1968-04-27,293.390381,303.332611,2.108417
1968-04-28,291.795837,301.112244,3.840946
1968-04-29,285.249756,294.655914,0.443296
1968-04-30,284.707977,298.733734,0.000000
1968-05-01,285.641602,300.825836,0.000000
1968-05-02,291.399200,306.510376,0.593745
1968-05-03,292.194794,306.671783,0.000000
1968-05-04,287.711182,301.112152,0.000000
1968-05-05,287.470093,303.204498,0.000000
1968-05-06,290.017975,304.779510,0.000000
1968-05-07,291.894287,305.522949,0.000000
1968-05-08,292.377411,305.224182,0.000000
1968-05-09,293.512604,304.297699,0.000000
1968-05-10,293.035919,302.985382,0.000000
1968-05-11,291.324249,305.289307,0.000000
1968-05-12,292.082397,305.655273,0.000000
1968-05-13,293.609985,304.532104,0.000000
1968-05-14,289.312622,306.604614,0.000000
1968-05-15,291.794464,308.512665,0.000000
1968-05-16,291.718994,306.087494,0.000000
1968-05-17,291.962128,305.551849,0.000000
1968-05-18,291.614166,305.794067,0.000000
1968-05-19,292.816040,305.593018,0.000000
1968-05-20,292.868042,305.485229,13.724474
1968-05-21,292.733673,307.676666,0.000000
1968-05-22,293.581299,307.806061,0.000000
1968-05-23,293.569397,303.501099,2.978055
1968-05-24,295.540222,299.344696,22.957802
1968-05-25,292.744843,303.633636,0.000000
1968-05-26,292.992981,305.987427,0.000000
1968-05-27,293.227661,305.845184,0.000000
1968-05-28,296.033020,306.026581,0.298803
1968-05-29,296.501862,307.706818,0.000000
1968-05-30,297.076263,311.080078,0.783057
1968-05-31,296.492462,312.024261,0.000000
1968-06-01,297.287842,311.292755,0.000000
1968-06-02,296.545776,309.448151,0.000000
1968-06-03,294.659729,308.991028,0.000000
1968-06-04,295.744080,309.844604,0.000000
1968-06-05,296.866974,309.681824,0.000000
1968-06-06,297.237213,311.049377,0.000000
1968-06-07,298.151581,310.824799,0.000000
1968-06-08,298.126770,311.033661,1.034376
1968-06-09,298.117920,310.517273,0.000000
1968-06-10,297.618958,309.363190,0.000000
1968-06-11,296.685181,308.168152,0.000000
1968-06-12,297.120667,308.326935,0.000000
1968-06-13,297.943390,309.203278,0.000000
1968-06-14,298.570892,309.473907,0.000000
1968-06-15,297.113312,307.158691,0.000000
1968-06-16,296.708466,305.816193,0.000000
1968-06-17,297.072906,306.726715,0.000000
1968-06-18,296.103668,306.751556,0.000000
1968-06-19,295.297943,306.252136,0.578768
1968-06-20,295.166779,307.029114,0.000000
1968-06-21,295.691986,308.544952,0.000000
1968-06-22,297.612457,309.812195,0.000000
1968-06-23,297.852509,309.167023,0.000000
1968-06-24,297.423889,307.584015,0.000000
1968-06-25,297.119507,308.048401,0.000000
1968-06-26,298.122253,310.159363,0.000000
1968-06-27,300.304596,310.615112,0.000000
1968-06-28,300.589661,310.555481,0.000000
1968-06-29,298.262177,309.893127,0.776722
1968-06-30,297.670624,309.605133,0.000000
1968-07-01,297.753357,308.850037,0.000000
1968-07-02,296.036438,308.017334,0.000000
1968-07-03,295.713165,307.380615,0.000000
1968-07-04,295.413849,306.347382,0.000000
1968-07-05,296.342804,305.386230,0.000000
1968-07-06,295.598572,305.152283,0.000000
1968-07-07,295.901703,304.042816,0.000000
1968-07-08,296.411469,305.783447,2.475451
1968-07-09,296.898651,309.363861,0.000000
1968-07-10,298.648376,310.537720,0.000000
1968-07-11,298.697601,311.086334,0.000000
1968-07-12,296.918427,310.618439,0.000000
1968-07-13,296.902588,309.112122,0.000000
1968-07-14,296.550751,308.930969,0.000000
1968-07-15,297.680939,309.118256,0.000000
1968-07-16,296.976929,308.628693,0.000000
1968-07-17,297.634735,309.506378,0.000000
1968-07-18,297.751984,310.998962,0.000000
1968-07-19,300.246979,312.453491,0.000000
1968-07-20,297.901886,311.854645,0.000000
1968-07-21,297.496429,307.368286,0.000000
1968-07-22,297.110260,307.393860,0.000000
1968-07-23,297.563904,305.052063,0.493978
1968-07-24,297.071991,307.841156,0.000000
1968-07-25,297.399933,308.651550,0.000000
1968-07-26,297.188080,308.955505,0.000000
1968-07-27,296.785889,308.742981,0.680088
1968-07-28,296.801483,305.846710,0.679546
1968-07-29,296.421387,304.469727,8.555637
1968-07-30,297.124054,307.352814,0.000000
1968-07-31,297.009216,307.051941,2.779184
1968-08-01,295.977448,306.333984,0.371296
1968-08-02,296.059845,304.702332,7.418456
1968-08-03,297.294312,303.963654,7.207070
1968-08-04,295.478394,304.735229,1.623679
1968-08-05,295.586487,305.485748,0.000000
1968-08-06,296.533875,306.952881,0.000000
1968-08-07,296.411011,307.639679,0.000000
1968-08-08,296.034332,307.644257,0.337625
1968-08-09,295.931671,308.116699,1.173722
1968-08-10,295.400818,307.910645,0.000000
1968-08-11,296.272491,306.580139,0.291572
1968-08-12,297.100983,305.833069,8.966142
1968-08-13,294.660980,304.765503,4.381487
1968-08-14,297.677185,307.658539,1.377958
1968-08-15,296.814362,308.846100,0.000000
1968-08-16,297.090515,308.737244,0.000000
1968-08-17,296.750977,309.457642,0.000000
1968-08-18,297.909973,310.002106,0.000000
1968-08-19,297.563599,309.609039,0.649749
1968-08-20,296.984894,309.148285,0.000000
1968-08-21,296.700928,308.556152,0.000000
1968-08-22,296.071564,306.576050,0.000000
1968-08-23,296.301758,307.008148,0.000000
1968-08-24,297.082184,306.345276,0.000000
1968-08-25,295.781738,305.628662,0.000000
1968-08-26,295.813446,307.155853,0.000000
1968-08-27,295.098785,307.314850,0.610255
1968-08-28,295.256134,307.145233,1.887560
1968-08-29,294.745117,308.129303,0.000000
1968-08-30,298.880005,309.263672,0.000000
1968-08-31,297.568665,309.005310,0.776092
1968-09-01,295.663513,305.758942,9.310825
1968-09-02,292.474609,303.248901,4.975021
1968-09-03,293.121094,304.594879,0.982757
1968-09-04,295.509430,304.749939,1.263242
1968-09-05,294.416718,304.959808,0.000000
1968-09-06,295.098022,305.471771,0.000000
1968-09-07,297.419891,306.256714,0.000000
1968-09-08,296.108704,304.327515,22.214388
1968-09-09,295.374634,305.476013,0.743287
1968-09-10,296.157959,308.168793,0.000000
1968-09-11,294.854523,307.558380,0.000000
1968-09-12,295.070282,304.843872,0.000000
1968-09-13,293.926575,305.434448,6.026310
1968-09-14,289.436493,304.909790,6.993914
1968-09-15,286.468964,302.953735,0.000000
1968-09-16,287.142822,304.985382,0.000000
1968-09-17,290.142120,309.289062,0.000000
1968-09-18,296.064148,309.166504,0.000000
1968-09-19,295.785553,307.929749,0.280399
1968-09-20,296.266541,306.203003,0.000000
1968-09-21,295.625641,306.884705,10.073370
1968-09-22,292.790527,304.920715,20.096558
1968-09-23,293.307343,302.180481,0.000000
1968-09-24,294.047394,301.908783,0.000000
1968-09-25,294.739166,300.668488,3.351034
1968-09-26,294.239624,302.040466,1.385725
1968-09-27,293.502594,302.522736,2.177739
1968-09-28,293.603912,303.109161,2.511347
1968-09-29,287.240875,298.499023,0.000000
1968-09-30,286.054871,298.481812,0.000000
1968-10-01,286.138000,299.762695,0.000000
1968-10-02,286.737946,300.630981,0.000000
1968-10-03,287.094513,301.964783,0.000000
1968-10-04,287.354492,303.561218,0.000000
1968-10-05,289.679352,303.719238,0.000000
1968-10-06,289.101379,303.202637,0.729297
1968-10-07,291.774445,303.287689,0.000000
1968-10-08,288.682343,303.797150,0.000000
1968-10-09,287.753082,303.656342,0.000000
1968-10-10,287.763428,304.857239,0.000000
1968-10-11,289.342041,305.900848,0.000000
1968-10-12,288.240265,304.476593,0.000000
1968-10-13,286.695831,304.830261,0.000000
1968-10-14,290.304535,304.357635,0.000000
1968-10-15,285.727325,298.090515,0.000000
1968-10-16,284.622894,299.316589,0.000000
1968-10-17,285.294647,299.136353,0.000000
1968-10-18,285.422852,299.965729,0.000000
1968-10-19,286.297150,303.365234,0.000000
1968-10-20,289.015930,303.307159,0.000000
1968-10-21,283.157104,297.612610,0.000000
1968-10-22,279.984589,290.199280,0.000000
1968-10-23,278.708832,295.636047,0.000000
1968-10-24,282.578308,300.733276,0.000000
1968-10-25,286.354309,301.817993,0.508900
1968-10-26,290.729126,301.518372,0.000000
1968-10-27,290.737488,300.230469,1.061105
1968-10-28,290.222870,298.126740,1.512626
1968-10-29,288.398376,301.356018,0.000000
1968-10-30,290.561279,302.624786,18.156231
1968-10-31,286.413757,301.409241,2.052835
1968-11-01,285.617676,298.117279,0.000000
1968-11-02,286.646545,301.551880,0.000000
1968-11-03,290.538086,300.732605,7.657410
1968-11-04,291.335938,297.769287,6.515378
1968-11-05,290.507843,297.009216,18.955736
1968-11-06,291.935364,295.500244,2.199660
1968-11-07,290.744537,296.670227,9.937241
1968-11-08,291.004517,295.992554,34.488747
1968-11-09,290.143097,295.624237,3.192484
1968-11-10,291.362457,295.890778,1.740268
1968-11-11,292.253540,298.384918,4.174894
1968-11-12,286.310822,299.524139,5.696311
1968-11-13,283.849976,295.398132,0.000000
1968-11-14,287.798828,294.348511,0.000000
1968-11-15,284.287811,291.508789,4.815112
1968-11-16,280.401764,287.262177,11.184548
1968-11-17,275.192993,284.759491,0.000000
1968-11-18,274.446716,281.352600,0.000000
1968-11-19,272.148163,282.777802,0.000000
1968-11-20,279.917297,285.992371,10.602442
1968-11-21,280.630859,286.738922,47.005863
1968-11-22,274.640350,281.275970,0.000000
1968-11-23,274.940979,280.973846,0.000000
1968-11-24,276.304688,284.168823,0.000000
1968-11-25,279.009064,288.832886,0.000000
1968-11-26,281.714783,287.913330,2.095527
1968-11-27,277.101410,287.016357,0.379647
1968-11-28,276.669708,288.497437,0.000000
1968-11-29,277.698639,294.008026,0.000000
1968-11-30,281.781555,296.373718,0.000000
1968-12-01,284.384827,297.475464,0.000000
1968-12-02,282.824005,296.295959,0.000000
1968-12-03,286.105469,295.184967,0.000000
1968-12-04,285.906006,294.700562,0.518915
1968-12-05,284.384003,293.234985,1.483390
1968-12-06,283.549316,291.387451,1.059871
1968-12-07,285.017212,296.618958,5.547030
1968-12-08,283.174438,293.356110,7.103104
1968-12-09,281.195618,293.642487,0.000000
1968-12-10,278.660095,294.444275,0.000000
1968-12-11,280.542328,294.323914,0.000000
1968-12-12,281.278961,291.371490,0.000000
1968-12-13,277.259521,290.892059,0.000000
1968-12-14,277.861908,290.005676,0.000000
1968-12-15,279.726837,288.475220,0.000000
1968-12-16,277.825317,285.407410,0.000000
1968-12-17,278.150085,285.499542,0.000000
1968-12-18,278.763092,286.230225,0.000000
1968-12-19,277.137329,285.310089,0.000000
1968-12-20,277.453003,286.076202,2.535102
1968-12-21,278.239288,291.564819,0.000000
1968-12-22,281.470642,291.503021,0.000000
1968-12-23,286.606659,298.072144,0.596467
1968-12-24,287.713501,296.379333,1.064275
1968-12-25,283.947845,295.691040,0.000000
1968-12-26,288.630402,297.105133,0.000000
1968-12-27,287.324860,296.998474,0.000000
1968-12-28,281.632324,293.414520,0.000000
1968-12-29,277.018860,292.886871,0.000000
1968-12-30,278.831635,296.231110,0.000000
1968-12-31,281.299255,295.246948,0.000000
1969-01-01,281.144226,295.937775,0.000000
1969-01-02,281.474487,294.942810,0.000000
1969-01-03,283.047394,295.862793,0.000000
1969-01-04,284.983154,295.083099,0.000000
1969-01-05,279.855560,293.716187,0.000000
1969-01-06,281.297943,295.153656,0.000000
1969-01-07,278.763397,294.061279,0.000000
1969-01-08,278.801666,294.994751,0.000000
1969-01-09,280.412170,298.895935,0.000000
1969-01-10,280.235199,296.757507,0.000000
1969-01-11,273.523102,294.612671,0.000000
1969-01-12,279.386292,293.677338,0.000000
1969-01-13,277.684692,292.844971,0.000000
1969-01-14,279.175873,291.539185,0.000000
1969-01-15,276.854889,292.579895,0.000000
1969-01-16,278.513550,297.340912,0.000000
1969-01-17,279.336487,295.722717,0.000000
1969-01-18,275.498016,290.124603,0.000000
1969-01-19,277.590332,296.564026,0.000000
1969-01-20,281.095123,294.818207,0.000000
1969-01-21,273.345276,288.172607,0.000000
1969-01-22,275.932922,292.338470,0.000000
1969-01-23,280.966736,291.524414,0.000000
1969-01-24,280.755554,289.452728,0.932516
1969-01-25,280.193787,286.728302,2.826306
1969-01-26,280.411896,290.874268,24.620556
1969-01-27,269.265137,280.724579,1.619030
1969-01-28,268.559479,278.999054,0.000000
1969-01-29,269.858826,282.399200,0.000000
1969-01-30,271.574646,286.730499,0.000000
1969-01-31,274.417847,291.630585,0.000000
1969-02-01,276.636780,290.031860,0.000000
1969-02-02,269.760925,281.066864,0.000000
1969-02-03,268.411133,280.007782,0.000000
1969-02-04,270.603210,280.634613,0.000000
1969-02-05,275.119476,284.898163,3.681057
1969-02-06,279.144135,286.745270,2.089449
1969-02-07,276.255981,284.916687,0.000000
1969-02-08,275.501984,282.955872,1.212931
1969-02-09,274.353790,278.312714,1.374735
1969-02-10,272.426392,278.776520,0.000000
1969-02-11,273.004333,285.213257,0.000000
1969-02-12,272.669373,286.766052,0.000000
1969-02-13,281.814880,287.762451,13.193293
1969-02-14,276.273773,282.329651,4.665105
1969-02-15,277.373169,285.283234,0.000000
1969-02-16,279.337830,289.377899,0.000000
1969-02-17,281.417542,289.931702,0.000000
1969-02-18,284.515930,292.998291,1.544115
1969-02-19,286.491852,299.474487,1.808244
1969-02-20,289.689117,299.963989,1.698352
1969-02-21,284.485718,298.714478,1.187223
1969-02-22,282.510284,296.018524,0.000000
1969-02-23,283.921814,299.077728,0.000000
1969-02-24,285.131348,298.706116,0.000000
1969-02-25,287.899292,297.823456,0.000000
1969-02-26,286.481415,298.724518,0.000000
1969-02-27,283.626221,298.856415,0.000000
1969-02-28,282.862701,298.370819,11.398924
1969-03-01,280.575714,289.920380,4.674700
1969-03-02,279.061096,290.013123,0.000000
1969-03-03,278.457092,292.752838,0.000000
1969-03-04,280.629181,294.954590,0.000000
1969-03-05,282.515442,296.650238,0.000000
1969-03-06,279.789856,295.887573,3.895599
1969-03-07,278.203949,286.039398,0.000000
1969-03-08,276.276489,296.903412,0.000000
1969-03-09,282.312805,300.044006,0.000000
1969-03-10,284.394318,302.297546,0.000000
1969-03-11,286.652893,303.034393,0.000000
1969-03-12,287.615448,303.578461,0.000000
1969-03-13,287.529724,303.457977,0.000000
1969-03-14,285.595825,302.063660,0.000000
1969-03-15,286.497192,301.972382,0.000000
1969-03-16,282.746307,300.408325,0.000000
1969-03-17,288.852264,299.435944,0.000000
1969-03-18,290.205353,299.005402,3.404006
1969-03-19,289.148865,298.009369,6.422341
1969-03-20,283.274994,299.116333,0.000000
1969-03-21,287.860687,299.521729,0.000000
1969-03-22,287.059448,298.462067,0.000000
1969-03-23,281.695831,295.595673,0.000000
1969-03-24,285.225342,295.639191,0.000000
1969-03-25,288.570129,298.791626,0.657712
1969-03-26,287.379089,299.429047,6.564861
1969-03-27,284.491333,293.471161,6.861178
1969-03-28,281.038086,287.248230,0.741878
1969-03-29,279.750214,290.125854,0.903361
1969-03-30,286.647461,290.638855,0.000000
1969-03-31,288.339111,294.536102,0.993159
1969-04-01,287.307281,294.115570,20.713854
1969-04-02,288.896912,294.787811,23.122849
1969-04-03,283.270142,296.950043,0.000000
1969-04-04,284.301910,298.098755,0.000000
1969-04-05,283.695557,298.411163,0.000000
1969-04-06,285.761261,301.160034,0.000000
1969-04-07,286.446259,300.864777,0.000000
1969-04-08,285.373138,299.701874,0.000000
1969-04-09,284.491302,300.750946,0.000000
1969-04-10,290.456329,300.108704,0.000000
1969-04-11,284.057343,299.446320,0.000000
1969-04-12,286.298340,298.844147,0.000000
1969-04-13,282.693390,298.691742,0.000000
1969-04-14,285.805389,299.854095,0.000000
1969-04-15,289.116760,302.625488,0.000000
1969-04-16,293.117157,305.879791,0.000000
1969-04-17,295.127991,305.419434,0.000000
1969-04-18,289.389252,300.772430,0.000000
1969-04-19,284.449554,296.721344,2.016534
1969-04-20,285.059570,303.365967,0.000000
1969-04-21,288.651367,303.723938,0.000000
1969-04-22,287.390808,303.866577,0.000000
1969-04-23,289.531250,304.902527,0.000000
1969-04-24,290.835724,305.107788,0.000000
1969-04-25,293.586731,307.255829,0.000000
1969-04-26,293.080292,307.243256,0.000000
1969-04-27,292.931763,304.480011,1.330939
1969-04-28,287.603912,301.647491,0.000000
1969-04-29,288.063110,299.061432,0.000000
1969-04-30,288.482300,303.288452,0.000000
1969-05-01,291.156525,302.288757,0.000000
1969-05-02,290.936920,303.682922,0.000000
1969-05-03,291.563721,305.116577,0.000000
1969-05-04,290.478149,304.615326,0.000000
1969-05-05,291.887268,302.659637,0.297087
1969-05-06,290.388824,303.193817,0.000000
1969-05-07,292.621887,302.509094,0.000000
1969-05-08,292.169769,300.361725,0.000000
1969-05-09,292.838715,303.657623,0.000000
1969-05-10,292.441284,303.643250,2.185505
1969-05-11,291.295135,299.137054,18.654921
1969-05-12,289.119019,294.850555,6.624459
1969-05-13,288.049744,297.735657,0.000000
1969-05-14,291.226501,298.856445,0.000000
1969-05-15,292.468689,298.729156,0.000000
1969-05-16,291.665405,299.446198,3.191058
1969-05-17,290.239227,302.397400,0.000000
1969-05-18,292.850433,302.362946,0.000000
1969-05-19,293.197998,302.411743,0.000000
1969-05-20,291.736206,307.195312,0.000000
1969-05-21,296.550781,307.099915,0.000000
1969-05-22,292.192627,307.345093,0.000000
1969-05-23,295.821106,307.085419,0.000000
1969-05-24,295.104340,306.247559,0.000000
1969-05-25,294.210022,307.107452,0.000000
1969-05-26,294.928558,306.681549,0.000000
1969-05-27,294.920563,308.556396,0.000000
1969-05-28,297.777222,309.867004,0.296790
1969-05-29,295.785858,309.673706,0.000000
1969-05-30,294.938080,306.977112,5.146910
1969-05-31,296.244812,310.248108,9.485441
1969-06-01,296.414032,311.280548,0.000000
1969-06-02,297.740692,310.958984,0.000000
1969-06-03,295.761414,307.569489,0.000000
1969-06-04,294.899780,307.752991,12.424230
1969-06-05,295.426666,305.213287,3.052876
1969-06-06,296.214355,308.873413,0.000000
1969-06-07,296.481384,309.001282,0.000000
1969-06-08,294.940430,308.421234,0.000000
1969-06-09,294.849365,305.895111,0.000000
1969-06-10,294.825226,305.669861,1.247188
1969-06-11,295.391632,306.208588,0.000000
1969-06-12,295.517700,307.472931,0.000000
1969-06-13,297.083771,308.067261,0.000000
1969-06-14,296.935669,307.659332,0.000000
1969-06-15,295.541412,302.828552,0.000000
1969-06-16,294.222107,301.203491,2.782602
1969-06-17,295.837891,305.898285,1.011627
1969-06-18,296.124176,306.448181,5.380557
1969-06-19,297.068909,309.448151,2.160273
1969-06-20,297.792480,309.139740,0.000000
1969-06-21,297.871918,308.413727,0.000000
1969-06-22,298.479675,310.827148,0.000000
1969-06-23,298.636597,310.599792,0.000000
1969-06-24,297.866333,310.500092,0.000000
1969-06-25,297.194275,309.272522,0.000000
1969-06-26,296.818359,308.455078,0.000000
1969-06-27,296.732880,309.042328,0.000000
1969-06-28,295.802643,309.911499,0.000000
1969-06-29,296.949982,311.297211,0.000000
1969-06-30,297.794434,312.351715,0.000000
1969-07-01,298.595856,312.344299,0.494369
1969-07-02,297.074219,309.071930,1.981304
1969-07-03,297.097504,307.483856,0.000000
1969-07-04,297.461243,308.830780,0.000000
1969-07-05,298.211212,309.138824,0.000000
1969-07-06,296.740234,307.978973,0.000000
1969-07-07,296.219696,307.180542,0.000000
1969-07-08,296.710754,307.774506,0.000000
1969-07-09,297.320953,309.450531,0.000000
1969-07-10,297.735138,309.334320,0.000000
1969-07-11,295.537842,308.711761,0.000000
1969-07-12,296.180786,309.970154,0.000000
1969-07-13,297.395447,311.436829,0.000000
1969-07-14,298.418640,312.146881,0.000000
1969-07-15,298.782166,311.743103,0.000000
1969-07-16,298.293610,311.585114,0.000000
1969-07-17,297.894470,309.810852,0.000000
1969-07-18,297.082703,308.138336,0.000000
1969-07-19,296.606659,308.245331,0.000000
1969-07-20,296.801178,307.333221,0.000000
1969-07-21,296.628326,306.199066,0.000000
1969-07-22,296.874390,306.170532,0.000000
1969-07-23,297.178406,305.077454,0.803510
1969-07-24,296.921051,308.059387,0.000000
1969-07-25,297.320343,309.341522,0.000000
1969-07-26,297.056488,308.579498,0.000000
1969-07-27,296.500214,307.393372,0.000000
1969-07-28,297.462616,307.985168,0.913631
1969-07-29,298.015259,310.911896,0.000000
1969-07-30,297.277496,310.672852,2.295861
1969-07-31,298.049835,310.511292,0.000000
1969-08-01,299.278900,313.285553,0.444073
1969-08-02,301.714142,314.471741,0.000000
1969-08-03,299.860413,313.766388,0.000000
1969-08-04,298.098206,308.414154,0.735004
1969-08-05,297.741425,310.489349,0.000000
1969-08-06,296.861481,311.963043,0.000000
1969-08-07,298.115662,311.703766,0.000000
1969-08-08,297.990814,311.546051,0.000000
1969-08-09,298.058838,310.856567,0.000000
1969-08-10,297.403961,310.535095,0.000000
1969-08-11,297.580048,310.592926,0.533280
1969-08-12,298.024719,311.086884,0.000000
1969-08-13,298.168579,310.619598,0.000000
1969-08-14,298.055298,309.796631,0.000000
1969-08-15,298.101257,308.352570,0.000000
1969-08-16,297.040466,306.262451,0.000000
1969-08-17,297.216766,308.132568,0.000000
1969-08-18,297.192322,311.085205,0.000000
1969-08-19,299.274902,311.389465,0.000000
1969-08-20,295.357300,310.813599,0.000000
1969-08-21,297.216125,309.471802,0.000000
1969-08-22,298.917358,310.654480,0.000000
1969-08-23,298.315033,310.552368,0.000000
1969-08-24,298.350281,310.107758,0.000000
1969-08-25,299.029816,310.216217,0.000000
1969-08-26,298.439484,309.694641,0.000000
1969-08-27,297.569794,310.237732,0.000000
1969-08-28,297.569702,309.703491,0.000000
1969-08-29,295.961548,310.015717,0.000000
1969-08-30,295.858887,309.337524,0.000000
1969-08-31,295.395264,308.336395,0.000000
1969-09-01,296.044434,305.795197,0.000000
1969-09-02,296.280701,306.350983,0.644595
1969-09-03,296.634613,307.236572,0.000000
1969-09-04,296.498322,309.131989,0.000000
1969-09-05,297.924286,308.734406,0.000000
1969-09-06,296.744080,307.015625,0.000000
1969-09-07,295.945801,306.334076,0.000000
1969-09-08,290.985321,302.605011,82.280930
1969-09-09,295.719757,300.638947,5.225948
1969-09-10,298.304871,300.481628,40.479614
1969-09-11,294.342834,301.578339,30.491577
1969-09-12,293.868896,306.756866,0.000000
1969-09-13,293.286041,307.386688,1.981071
1969-09-14,293.430939,304.314484,3.453084
1969-09-15,294.801300,304.320312,4.804823
1969-09-16,293.879272,305.996765,0.000000
1969-09-17,294.527374,305.817413,0.000000
1969-09-18,295.714844,306.814484,2.138896
1969-09-19,291.285919,299.293213,6.081050
1969-09-20,294.087158,301.361969,20.168863
1969-09-21,290.284485,299.141388,11.087408
1969-09-22,291.435394,298.651947,1.488905
1969-09-23,291.915222,300.957123,0.000000
1969-09-24,290.417114,302.449524,0.541245
1969-09-25,290.522217,302.171204,0.000000
1969-09-26,289.784241,301.391022,0.000000
1969-09-27,289.669678,305.212524,0.000000
1969-09-28,290.777405,305.139557,0.000000
1969-09-29,291.176208,303.314270,0.000000
1969-09-30,292.162170,304.129578,0.000000
1969-10-01,292.808411,307.161926,0.000000
1969-10-02,292.159882,307.337189,0.000000
1969-10-03,293.809265,307.550842,0.000000
1969-10-04,296.263184,306.488892,0.000000
1969-10-05,288.036682,304.290344,0.000000
1969-10-06,285.195679,300.237152,0.000000
1969-10-07,286.628815,304.820435,0.000000
1969-10-08,287.508148,304.115326,0.000000
1969-10-09,289.389954,303.339447,0.000000
1969-10-10,289.324249,302.768951,0.302516
1969-10-11,290.360870,299.438843,13.036322
1969-10-12,290.037842,299.881836,0.000000
1969-10-13,289.596130,301.964233,0.000000
1969-10-14,289.878784,303.759399,0.000000
1969-10-15,289.599396,304.660309,0.000000
1969-10-16,289.905029,305.911011,0.000000
1969-10-17,291.387787,306.641449,0.000000
1969-10-18,291.548126,306.537292,0.000000
1969-10-19,291.089874,305.820007,0.000000
1969-10-20,291.555450,304.011780,0.000000
1969-10-21,285.588898,296.913788,51.256992
1969-10-22,279.454926,287.684662,9.750748
1969-10-23,277.076752,289.243530,0.000000
1969-10-24,278.013336,290.326935,0.000000
1969-10-25,278.674530,292.277374,0.000000
1969-10-26,279.209961,294.143829,0.000000
1969-10-27,280.627533,295.229309,0.000000
1969-10-28,282.197968,297.354156,0.000000
1969-10-29,283.874878,297.938782,0.000000
1969-10-30,286.311188,298.052948,0.000000
1969-10-31,284.512329,297.242432,0.000000
1969-11-01,284.932831,298.656525,0.000000
1969-11-02,283.393951,299.410675,26.278631
1969-11-03,278.951141,287.652710,0.494837
1969-11-04,279.249542,287.203308,5.858498
1969-11-05,279.901978,290.384216,0.683138
1969-11-06,281.146332,290.704163,0.000000
1969-11-07,276.718719,291.209137,0.000000
1969-11-08,282.759857,295.189697,4.538199
1969-11-09,271.684265,294.304199,0.000000
1969-11-10,271.947906,286.000549,0.000000
1969-11-11,272.833679,288.933990,0.000000
1969-11-12,280.580139,293.880859,0.352171
1969-11-13,288.231689,294.249939,17.288607
1969-11-14,278.283844,290.017273,1.459224
1969-11-15,277.670868,288.317078,0.000000
1969-11-16,272.169342,287.165161,0.000000
1969-11-17,272.652374,289.953705,0.000000
1969-11-18,275.173798,293.438354,0.000000
1969-11-19,282.821136,296.620453,0.000000
1969-11-20,287.496826,296.361542,0.000000
1969-11-21,288.265503,295.314178,11.538703
1969-11-22,287.041779,296.179047,2.943453
1969-11-23,287.905243,295.762054,1.774127
1969-11-24,284.666840,293.666901,1.170501
1969-11-25,280.435638,291.101440,0.000000
1969-11-26,277.772156,291.083466,0.000000
1969-11-27,278.550476,294.722565,0.000000
1969-11-28,280.161041,298.110474,0.000000
1969-11-29,287.133698,297.551331,0.000000
1969-11-30,285.635986,299.342529,0.387296
1969-12-01,283.239594,300.360199,0.000000
1969-12-02,283.894562,299.063568,0.000000
1969-12-03,284.716003,302.041901,0.000000
1969-12-04,285.617615,302.783020,0.000000
1969-12-05,287.671906,303.486115,0.310923
1969-12-06,287.248993,302.392944,0.000000
1969-12-07,287.605957,302.415649,0.000000
1969-12-08,283.623077,299.034637,0.000000
1969-12-09,277.510498,297.072296,0.000000
1969-12-10,278.890198,299.825562,0.000000
1969-12-11,283.111023,300.332672,0.563277
1969-12-12,279.591248,298.401001,0.000000
1969-12-13,275.195496,292.534576,0.000000
1969-12-14,276.889496,296.613342,0.000000
1969-12-15,284.787720,299.628418,0.000000
1969-12-16,283.893829,298.467957,0.000000
1969-12-17,277.487671,292.542725,0.478527
1969-12-18,277.649292,291.529602,0.000000
1969-12-19,279.065430,292.642487,0.418057
1969-12-20,280.212158,291.590851,0.997759
1969-12-21,270.850769,286.461395,18.204729
1969-12-22,268.038727,278.863556,8.933581
1969-12-23,258.222931,280.359955,0.000000
1969-12-24,266.377686,281.827179,0.000000
1969-12-25,275.217255,290.112305,0.000000
1969-12-26,276.901245,289.298798,0.000000
1969-12-27,279.408142,288.063965,0.000000
1969-12-28,282.267792,290.234741,0.000000
1969-12-29,275.780426,290.908112,0.000000
1969-12-30,278.982269,290.386322,0.000000
1969-12-31,285.959198,292.932800,1.288688
1970-01-01,278.067566,292.173889,0.000000
1970-01-02,275.390686,289.524414,0.000000
1970-01-03,277.025208,287.888214,1.464432
1970-01-04,273.267395,284.260010,45.015217
1970-01-05,271.101044,280.800385,3.283933
1970-01-06,270.895874,281.563934,0.000000
1970-01-07,270.443787,283.545776,0.000000
1970-01-08,273.434357,289.495636,0.000000
1970-01-09,276.295593,291.021301,0.000000
1970-01-10,277.620361,289.844513,0.000000
1970-01-11,276.378601,289.299469,0.000000
1970-01-12,272.768188,287.387482,0.000000
1970-01-13,275.421173,287.205841,0.000000
1970-01-14,272.096436,288.615570,0.000000
1970-01-15,274.496338,290.068634,0.000000
1970-01-16,275.968414,286.985596,1.062533
1970-01-17,274.598267,282.913025,24.389299
1970-01-18,275.685486,281.095184,8.111467
1970-01-19,276.548309,283.953674,11.340343
1970-01-20,274.594208,280.473328,1.688707
1970-01-21,271.969452,280.619690,0.000000
1970-01-22,272.795990,280.638763,1.982403
1970-01-23,271.862640,284.593811,0.000000
1970-01-24,273.792236,288.558472,0.000000
1970-01-25,277.021912,291.333618,0.000000
1970-01-26,275.117432,289.518494,0.000000
1970-01-27,277.049591,289.835876,0.000000
1970-01-28,279.052765,290.665680,0.000000
1970-01-29,280.911041,290.281952,0.000000
1970-01-30,277.277527,290.935791,9.720317
1970-01-31,274.378265,283.081543,3.250237
1970-02-01,275.402130,289.127869,0.000000
1970-02-02,277.778076,288.381226,0.000000
1970-02-03,279.043488,285.248169,15.759632
1970-02-04,275.547455,285.047180,0.000000
1970-02-05,266.290009,276.570404,0.000000
1970-02-06,267.493896,274.159637,0.748964
1970-02-07,268.676941,274.558075,1.596207
1970-02-08,264.882629,270.859711,0.000000
1970-02-09,267.266754,279.290375,0.000000
1970-02-10,273.518188,282.750671,0.487925
1970-02-11,275.940460,292.275146,0.000000
1970-02-12,285.788239,297.464722,0.000000
1970-02-13,283.318604,296.394531,0.000000
1970-02-14,286.643707,297.726898,7.717060
1970-02-15,284.388794,297.241821,1.300472
1970-02-16,271.143555,295.055237,0.000000
1970-02-17,273.109375,289.771851,0.000000
1970-02-18,276.728149,294.975220,0.000000
1970-02-19,280.906525,294.968170,0.000000
1970-02-20,285.578827,298.752686,0.000000
1970-02-21,285.406006,302.871002,0.000000
1970-02-22,288.548981,306.304504,0.000000
1970-02-23,289.315918,304.607849,0.000000
1970-02-24,289.431000,302.573639,0.000000
1970-02-25,289.387909,301.828918,0.791516
1970-02-26,288.269836,298.994629,6.289180
1970-02-27,285.083832,294.639130,0.325208
1970-02-28,278.381042,296.569122,0.000000
1970-03-01,284.636200,301.595123,0.000000
1970-03-02,287.399475,300.620392,0.000000
1970-03-03,285.805328,296.654205,0.000000
1970-03-04,287.106537,302.737885,0.000000
1970-03-05,287.815277,304.983978,0.000000
1970-03-06,289.856903,306.123962,0.000000
1970-03-07,291.102539,306.296448,0.000000
1970-03-08,291.453491,306.105835,0.000000
1970-03-09,290.554535,304.714966,0.000000
1970-03-10,290.334015,304.734863,0.000000
1970-03-11,287.801666,302.803192,0.000000
1970-03-12,287.490448,296.955688,0.000000
1970-03-13,282.682495,291.844513,0.618975
1970-03-14,283.290100,289.373169,2.366672
1970-03-15,285.021881,299.806946,0.366960
1970-03-16,285.768280,303.291992,0.000000
1970-03-17,287.591797,302.144958,0.000000
1970-03-18,286.099518,300.677399,0.000000
1970-03-19,285.297791,303.649902,0.000000
1970-03-20,287.769196,303.114105,0.000000
1970-03-21,285.064758,300.591431,0.000000
1970-03-22,285.790985,300.220642,0.000000
1970-03-23,286.316803,299.034851,0.000000
1970-03-24,287.775574,298.195374,0.000000
1970-03-25,290.207336,302.026001,0.000000
1970-03-26,291.830231,303.565887,0.000000
1970-03-27,291.523224,303.349213,1.842581
1970-03-28,282.889679,298.414368,3.506378
1970-03-29,282.755005,286.778992,7.201170
1970-03-30,283.880798,290.618317,3.171661
1970-03-31,282.899506,287.528656,2.161009
1970-04-01,282.158173,291.339905,0.000000
1970-04-02,282.557678,293.830719,0.000000
1970-04-03,283.598602,294.096527,0.000000
1970-04-04,285.169403,294.606415,0.000000
1970-04-05,287.069244,294.718597,0.000000
1970-04-06,288.412354,294.126251,0.000000
1970-04-07,290.209412,296.214539,0.815895
1970-04-08,288.209442,298.040833,9.032990
1970-04-09,286.145966,298.686005,5.704600
1970-04-10,284.021393,303.211914,0.000000
1970-04-11,287.717773,302.289062,0.000000
1970-04-12,290.038513,300.772186,0.000000
1970-04-13,286.519653,299.862030,0.000000
1970-04-14,284.068878,295.836975,0.000000
1970-04-15,280.936279,299.914093,0.000000
1970-04-16,286.473572,303.324860,0.000000
1970-04-17,287.529510,304.287292,0.000000
1970-04-18,292.422699,305.413666,0.000000
1970-04-19,290.184052,305.635803,0.000000
1970-04-20,288.772705,304.760620,0.000000
1970-04-21,286.634644,303.517792,0.000000
1970-04-22,288.899353,303.025085,0.000000
1970-04-23,291.464630,301.664185,0.000000
1970-04-24,291.981537,300.939087,0.000000
1970-04-25,292.566132,300.771606,0.000000
1970-04-26,292.579376,298.351959,0.000000
1970-04-27,292.815399,297.377441,9.976659
1970-04-28,287.381866,297.012665,0.000000
1970-04-29,286.210114,300.260345,0.000000
1970-04-30,284.355194,301.763550,0.000000
1970-05-01,285.770813,300.475983,0.000000
1970-05-02,288.781494,303.996887,0.000000
1970-05-03,288.302216,303.922974,0.000000
1970-05-04,286.058655,306.481537,0.000000
1970-05-05,290.291534,308.786713,0.000000
1970-05-06,294.943329,307.050690,0.000000
1970-05-07,293.757233,301.629211,6.583652
1970-05-08,291.228912,302.139862,0.676900
1970-05-09,289.252777,302.793060,0.000000
1970-05-10,290.690521,304.522369,0.000000
1970-05-11,292.960815,303.563690,0.000000
1970-05-12,293.371765,299.893402,0.000000
1970-05-13,292.812317,303.550690,6.330316
1970-05-14,292.863098,303.407684,0.000000
1970-05-15,293.284119,298.446716,0.516005
1970-05-16,291.251160,301.361298,0.000000
1970-05-17,291.609772,301.915924,0.000000
1970-05-18,290.839325,303.205750,0.000000
1970-05-19,292.121185,303.186249,0.280391
1970-05-20,292.428192,303.434387,6.265286
1970-05-21,292.447723,305.304840,0.000000
1970-05-22,292.962860,305.126984,0.511472
1970-05-23,291.920685,304.231171,2.496256
1970-05-24,292.742737,304.015503,0.000000
1970-05-25,293.956757,304.832764,0.000000
1970-05-26,295.513275,305.333557,19.262152
1970-05-27,295.163361,300.952393,56.986458
1970-05-28,293.621613,308.502289,6.308993
1970-05-29,293.783295,307.728790,0.000000
1970-05-30,292.662903,306.687042,1.615985
1970-05-31,293.957001,305.881683,0.000000
1970-06-01,294.162476,301.781067,24.916067
1970-06-02,294.531525,302.339722,5.755162
1970-06-03,292.061005,301.655273,4.540936
1970-06-04,294.745758,302.818848,0.000000
1970-06-05,294.756165,302.060150,7.781780
1970-06-06,296.120392,302.318573,4.676256
1970-06-07,294.989594,302.984039,1.345305
1970-06-08,295.033661,303.944427,0.000000
1970-06-09,294.340210,304.568695,21.820601
1970-06-10,293.125061,307.809418,0.000000
1970-06-11,291.759491,308.622742,0.000000
1970-06-12,292.467499,308.790161,0.000000
1970-06-13,294.424530,308.216492,0.000000
1970-06-14,295.970703,306.928375,0.000000
1970-06-15,296.615570,305.062073,5.188551
1970-06-16,296.104492,307.478271,3.829821
1970-06-17,295.326904,308.617767,2.672796
1970-06-18,295.224213,308.373474,0.000000
1970-06-19,295.331024,309.972321,0.000000
1970-06-20,296.336700,311.745178,0.000000
1970-06-21,298.677002,311.618774,0.000000
1970-06-22,297.669434,310.509766,0.000000
1970-06-23,295.587982,309.117676,0.000000
1970-06-24,295.368042,308.338287,0.000000
1970-06-25,296.661133,310.163483,0.000000
1970-06-26,299.540344,312.991943,0.000000
1970-06-27,299.469116,312.857544,0.000000
1970-06-28,299.900238,312.774200,0.000000
1970-06-29,297.120697,312.041443,0.000000
1970-06-30,297.349915,307.771057,0.000000
1970-07-01,296.173279,307.307007,0.651902
1970-07-02,295.130341,306.269287,0.000000
1970-07-03,295.196808,306.003632,0.000000
1970-07-04,295.701599,306.815826,1.030212
1970-07-05,294.036591,307.000153,0.729157
1970-07-06,296.165466,308.194061,0.000000
1970-07-07,296.361847,308.307251,0.000000
1970-07-08,296.583405,309.571472,0.000000
1970-07-09,297.497131,309.753876,0.000000
1970-07-10,296.465424,307.740814,0.348598
1970-07-11,295.371582,308.913300,0.000000
1970-07-12,298.442139,309.923370,0.000000
1970-07-13,297.614532,311.119629,0.000000
1970-07-14,297.484131,310.656738,1.570383
1970-07-15,296.831390,306.187958,16.862339
1970-07-16,296.264648,301.779694,32.308537
1970-07-17,296.366364,301.386505,39.229164
1970-07-18,297.021271,299.957916,17.556000
1970-07-19,296.495392,303.549438,18.726870
1970-07-20,295.538116,303.099579,0.708422
1970-07-21,295.095184,302.986389,0.000000
1970-07-22,295.362122,303.217407,0.653141
1970-07-23,296.415527,305.620209,0.000000
1970-07-24,296.157410,308.049774,0.000000
1970-07-25,296.325439,306.871826,0.323643
1970-07-26,295.806305,304.182648,4.448428
1970-07-27,295.797119,304.628540,0.520779
1970-07-28,295.232330,304.893494,1.066979
1970-07-29,296.691101,306.858551,0.522661
1970-07-30,297.178772,309.697479,0.000000
1970-07-31,297.992584,310.755249,3.506327
1970-08-01,297.078857,310.059601,0.000000
1970-08-02,296.272369,309.156738,0.000000
1970-08-03,297.155640,309.870148,0.000000
1970-08-04,296.790253,309.722229,0.000000
1970-08-05,296.087524,308.566711,0.000000
1970-08-06,295.483368,307.585480,0.000000
1970-08-07,296.111450,310.210724,0.000000
1970-08-08,296.450470,311.578918,0.000000
1970-08-09,295.950714,311.113159,0.000000
1970-08-10,295.973938,310.204468,0.508504
1970-08-11,295.630219,307.309753,0.000000
1970-08-12,295.684631,308.028687,0.284137
1970-08-13,295.526245,309.425568,0.000000
1970-08-14,298.314331,312.243286,0.000000
1970-08-15,297.806488,311.647095,0.000000
1970-08-16,297.535095,309.674500,0.000000
1970-08-17,296.386871,309.814270,0.957900
1970-08-18,296.852173,309.264374,0.927466
1970-08-19,297.941650,307.562195,1.571610
1970-08-20,296.406616,307.498657,0.000000
1970-08-21,298.276123,307.702362,0.000000
1970-08-22,298.743591,309.903168,0.000000
1970-08-23,298.164459,309.748138,0.423876
1970-08-24,296.786133,308.894104,0.000000
1970-08-25,296.175934,308.368469,0.509940
1970-08-26,295.948029,307.190948,0.000000
1970-08-27,295.916412,306.326996,1.710152
1970-08-28,295.861206,305.987518,5.970790
1970-08-29,293.989899,307.110901,0.000000
1970-08-30,295.520660,307.530548,0.000000
1970-08-31,295.535217,307.384125,0.000000
1970-09-01,296.066376,308.580353,0.000000
1970-09-02,295.976227,308.180725,0.444241
1970-09-03,294.803253,307.715363,0.000000
1970-09-04,294.541595,308.708221,0.000000
1970-09-05,295.282135,308.485748,8.198894
1970-09-06,293.368530,305.009064,0.800878
1970-09-07,294.313141,306.376343,0.000000
1970-09-08,294.109833,308.015961,0.000000
1970-09-09,295.385101,306.991394,0.000000
1970-09-10,295.666748,306.728149,0.868298
1970-09-11,295.737335,309.096863,0.000000
1970-09-12,298.436188,308.589417,0.000000
1970-09-13,294.722870,308.706635,15.334355
1970-09-14,294.072754,302.064636,35.783146
1970-09-15,292.284485,300.107605,20.071079
1970-09-16,294.122223,300.104980,4.442499
1970-09-17,294.195526,301.046967,2.962607
1970-09-18,291.845245,301.655029,0.000000
1970-09-19,292.009674,301.496887,1.596912
1970-09-20,292.914856,301.965240,4.568401
1970-09-21,293.440308,301.512573,8.126955
1970-09-22,291.938629,302.424866,0.000000
1970-09-23,292.815430,302.836304,23.479805
1970-09-24,288.721436,297.773621,3.308306
1970-09-25,287.326263,297.491699,0.000000
1970-09-26,289.184601,297.955048,0.299302
1970-09-27,285.726410,296.282867,0.000000
1970-09-28,286.697876,301.213287,0.000000
1970-09-29,287.986572,300.911224,0.000000
1970-09-30,291.072937,301.077179,1.480148
1970-10-01,287.670776,297.509521,41.965591
1970-10-02,286.408478,297.357910,0.000000
1970-10-03,285.674744,298.060822,0.000000
1970-10-04,286.696045,299.662781,0.000000
1970-10-05,286.746368,300.120667,0.000000
1970-10-06,287.447662,302.258362,0.000000
1970-10-07,287.722717,304.247803,0.000000
1970-10-08,288.653381,305.306488,0.000000
1970-10-09,289.787415,304.852509,0.000000
1970-10-10,291.557556,304.367920,0.000000
1970-10-11,287.724915,300.029877,0.569975
1970-10-12,284.666138,297.704285,0.000000
1970-10-13,286.327759,300.680328,0.000000
1970-10-14,289.128784,300.352295,0.000000
1970-10-15,289.194000,297.368286,0.000000
1970-10-16,289.675690,297.405823,4.428937
1970-10-17,292.929230,298.815582,13.183010
1970-10-18,287.354004,299.526245,0.600318
1970-10-19,290.691650,302.814392,0.000000
1970-10-20,287.957855,302.851776,0.000000
1970-10-21,291.558228,306.345612,0.000000
1970-10-22,291.381409,306.933716,0.000000
1970-10-23,292.117096,306.700623,0.000000
1970-10-24,286.084106,300.399811,0.000000
1970-10-25,288.763580,300.545654,21.703781
1970-10-26,278.113983,299.498657,1.322341
1970-10-27,278.009338,291.266205,0.000000
1970-10-28,279.073456,294.587494,0.000000
1970-10-29,281.883484,298.027344,0.000000
1970-10-30,284.036713,298.037659,0.000000
1970-10-31,282.953369,296.920441,0.000000
1970-11-01,284.134796,299.573517,0.000000
1970-11-02,285.682159,300.519379,0.000000
1970-11-03,286.766571,300.736511,0.000000
1970-11-04,289.882721,300.947723,5.481936
1970-11-05,277.769989,299.538483,1.854745
1970-11-06,276.296967,293.226532,0.000000
1970-11-07,280.217255,294.279480,0.000000
1970-11-08,281.087128,294.048462,0.000000
1970-11-09,277.250763,289.599335,0.000000
1970-11-10,276.938385,288.295380,0.000000
1970-11-11,274.706604,288.635406,0.000000
1970-11-12,276.558350,289.208557,0.000000
1970-11-13,278.568970,292.295593,0.000000
1970-11-14,278.663086,297.216797,0.000000
1970-11-15,281.952393,297.739594,0.000000
1970-11-16,280.318024,298.459473,0.000000
1970-11-17,282.547302,297.343353,0.000000
1970-11-18,283.523590,296.261963,0.000000
1970-11-19,285.750214,298.892334,0.000000
1970-11-20,284.154419,300.319305,0.000000
1970-11-21,285.322968,299.908264,0.000000
1970-11-22,283.795959,300.357422,0.000000
1970-11-23,284.905792,301.076874,0.000000
1970-11-24,285.941803,301.511261,0.000000
1970-11-25,288.529449,301.106995,0.441880
1970-11-26,285.875153,300.900787,0.000000
1970-11-27,285.702576,301.121002,0.000000
1970-11-28,284.853943,300.899994,0.777725
1970-11-29,277.246216,290.884216,0.000000
1970-11-30,282.022736,292.815887,0.853636
1970-12-01,279.608490,290.676514,1.773279
1970-12-02,275.782227,286.639191,4.649219
1970-12-03,275.869232,282.158112,0.868416
1970-12-04,276.374023,284.657440,5.914518
1970-12-05,277.172546,288.593781,0.000000
1970-12-06,275.925385,287.572632,0.000000
1970-12-07,277.260742,287.716492,0.364018
1970-12-08,276.239502,287.963470,0.000000
1970-12-09,283.298370,294.654602,1.471362
1970-12-10,283.279846,293.725250,0.283790
1970-12-11,271.410736,285.924866,3.634936
1970-12-12,269.472504,279.187836,2.608608
1970-12-13,272.033386,284.127441,0.000000
1970-12-14,276.433990,284.156494,0.000000
1970-12-15,275.957733,285.210297,0.000000
1970-12-16,268.860992,282.035522,0.361007
1970-12-17,268.513977,283.276581,0.000000
1970-12-18,269.888763,284.961365,0.000000
1970-12-19,271.491180,286.779419,0.000000
1970-12-20,275.818878,288.058563,0.000000
1970-12-21,277.448883,288.321991,0.000000
1970-12-22,282.471802,292.166656,7.159824
1970-12-23,278.254578,292.199524,1.027243
1970-12-24,274.745667,283.992218,0.000000
1970-12-25,274.712891,281.991425,3.387183
1970-12-26,275.442017,283.926971,1.680034
1970-12-27,279.960480,287.159332,4.434262
1970-12-28,279.780792,289.596375,7.808315
1970-12-29,278.566864,289.104675,0.000000
1970-12-30,272.851868,286.218872,0.000000
1970-12-31,270.798431,281.556335,0.000000
1971-01-01,273.482452,287.966705,0.000000
1971-01-02,274.111328,285.072205,0.000000
1971-01-03,272.863281,284.604828,0.000000
1971-01-04,273.220276,288.023682,0.000000
1971-01-05,274.303436,288.680908,0.000000
1971-01-06,274.542175,286.832733,0.396165
1971-01-07,273.604065,283.618805,0.000000
1971-01-08,273.045471,283.159332,0.000000
1971-01-09,272.808075,287.824829,0.000000
1971-01-10,272.773590,290.752991,0.000000
1971-01-11,275.881226,289.189148,0.000000
1971-01-12,274.772980,284.278198,0.000000
1971-01-13,273.138824,290.292023,0.000000
1971-01-14,274.865204,292.391998,0.000000
1971-01-15,277.781128,296.221893,0.000000
1971-01-16,277.088837,294.419830,0.000000
1971-01-17,273.798248,288.748810,0.000000
1971-01-18,273.554260,290.416016,0.000000
1971-01-19,277.249695,293.287506,0.000000
1971-01-20,282.109344,295.042511,0.899496
1971-01-21,277.677063,294.004333,0.000000
1971-01-22,271.189514,283.858276,0.000000
1971-01-23,270.592560,280.313171,0.000000
1971-01-24,271.045288,284.833405,0.000000
1971-01-25,275.769379,285.001617,4.235266
1971-01-26,281.244690,289.815826,26.171055
1971-01-27,273.945709,284.296661,1.016048
1971-01-28,273.351746,281.324493,11.343208
1971-01-29,271.902344,279.753204,0.487064
1971-01-30,271.493561,279.364441,1.264489
1971-01-31,273.018860,279.025269,5.288226
1971-02-01,275.489471,289.931580,3.638654
1971-02-02,276.913635,290.056427,0.000000
1971-02-03,276.346191,288.923370,0.000000
1971-02-04,272.607910,279.776215,0.000000
1971-02-05,276.562195,288.405182,0.000000
1971-02-06,280.206390,296.460693,0.000000
1971-02-07,282.026276,294.423584,0.000000
1971-02-08,280.210022,291.889618,0.360238
1971-02-09,272.684662,283.312317,0.000000
1971-02-10,275.658051,284.058838,0.000000
1971-02-11,276.016510,293.777039,0.000000
1971-02-12,278.522461,296.589142,0.000000
1971-02-13,284.483582,295.515717,0.000000
1971-02-14,285.718475,294.392365,0.743140
1971-02-15,277.577972,292.151459,0.000000
1971-02-16,278.044312,297.410065,0.000000
1971-02-17,280.206116,296.505157,0.000000
1971-02-18,269.209625,286.876190,5.518583
1971-02-19,265.651276,277.930450,0.000000
1971-02-20,267.397461,278.358948,0.000000
1971-02-21,269.682617,286.547394,0.000000
1971-02-22,270.590088,290.717529,0.000000
1971-02-23,269.229767,289.666840,0.000000
1971-02-24,269.349426,285.496460,0.000000
1971-02-25,273.121368,292.079529,0.000000
1971-02-26,276.228699,294.655670,0.000000
1971-02-27,278.512482,294.453339,0.000000
1971-02-28,279.336182,292.249115,0.000000
1971-03-01,274.837708,290.543945,0.000000
1971-03-02,273.652496,288.736237,0.000000
1971-03-03,276.826813,287.915771,0.000000
1971-03-04,270.780640,288.768311,0.000000
1971-03-05,277.487091,292.087952,0.000000
1971-03-06,278.019867,294.474426,0.000000
1971-03-07,279.768524,293.605743,0.000000
1971-03-08,281.901642,290.553955,0.000000
1971-03-09,281.363525,290.403137,0.797719
1971-03-10,281.217316,289.664185,10.834617
1971-03-11,279.523315,295.106293,0.000000
1971-03-12,280.842926,298.881439,0.000000
1971-03-13,284.784637,297.736877,0.000000
1971-03-14,284.987244,298.738556,0.000000
1971-03-15,284.346069,297.158203,15.852619
1971-03-16,287.234589,294.421753,31.649340
1971-03-17,283.027893,291.509338,2.885085
1971-03-18,279.231934,284.714081,0.000000
1971-03-19,277.386688,288.095398,0.000000
1971-03-20,281.591614,289.117981,0.000000
1971-03-21,286.402771,288.449493,1.998824
1971-03-22,286.054718,291.709686,12.225699
1971-03-23,281.168182,295.654999,0.000000
1971-03-24,284.800690,296.236969,0.000000
1971-03-25,283.315826,301.656250,0.000000
1971-03-26,287.983124,301.700348,0.000000
1971-03-27,286.786469,302.138123,0.000000
1971-03-28,288.932922,301.521576,0.000000
1971-03-29,289.399750,299.134338,0.817150
1971-03-30,287.196625,302.551575,0.000000
1971-03-31,285.172821,301.181824,0.483312
1971-04-01,279.609344,300.921295,0.000000
1971-04-02,286.032806,302.433807,0.000000
1971-04-03,284.370331,301.237854,0.000000
1971-04-04,282.508270,300.309174,0.000000
1971-04-05,284.723938,301.096497,0.000000
1971-04-06,285.053497,301.787720,0.000000
1971-04-07,286.638855,303.491547,0.000000
1971-04-08,287.586945,304.048157,0.000000
1971-04-09,287.685669,303.037872,0.000000
1971-04-10,290.888458,304.012360,0.000000
1971-04-11,291.918304,303.870789,0.000000
1971-04-12,292.538361,301.778320,5.588532
1971-04-13,288.785950,302.618591,0.868921
1971-04-14,285.546295,301.773773,0.000000
1971-04-15,284.558136,302.757751,0.000000
1971-04-16,287.467651,304.785797,0.000000
1971-04-17,287.400787,304.487122,0.000000
1971-04-18,287.292206,304.660065,0.000000
1971-04-19,287.668457,305.052185,0.000000
1971-04-20,288.993591,305.590759,0.000000
1971-04-21,289.715942,305.347839,0.000000
1971-04-22,291.582062,304.923584,0.000000
1971-04-23,291.009583,305.760010,0.000000
1971-04-24,292.694153,305.821228,0.000000
1971-04-25,288.601318,298.379639,27.681976
1971-04-26,286.439270,297.608093,0.000000
1971-04-27,284.567535,301.808258,0.000000
1971-04-28,288.033752,303.365814,0.000000
1971-04-29,290.081299,303.490021,0.000000
1971-04-30,292.378540,305.298187,0.000000
1971-05-01,292.902039,306.068726,0.000000
1971-05-02,292.961945,303.737579,5.966056
1971-05-03,292.733185,297.641449,4.403152
1971-05-04,292.555725,297.620483,1.665168
1971-05-05,292.452606,299.120636,11.165388
1971-05-06,292.587921,299.929382,5.605793
1971-05-07,287.185638,299.545990,0.000000
1971-05-08,288.171326,305.119446,0.000000
1971-05-09,293.992462,304.856354,0.000000
1971-05-10,293.032837,308.172882,0.000000
1971-05-11,292.569641,307.728210,0.000000
1971-05-12,289.496033,309.437836,0.000000
1971-05-13,294.073212,309.663635,0.000000
1971-05-14,293.283722,309.470886,0.000000
1971-05-15,288.996368,303.678772,0.000000
1971-05-16,289.352417,304.577087,0.000000
1971-05-17,291.583801,304.952454,0.000000
1971-05-18,292.221100,301.207275,4.717418
1971-05-19,293.092499,297.830994,29.201139
1971-05-20,293.283722,303.117493,8.014368
1971-05-21,292.029358,303.142090,0.000000
1971-05-22,292.495605,303.618500,0.000000
1971-05-23,293.655609,306.692535,0.000000
1971-05-24,294.155334,306.393341,0.000000
1971-05-25,295.631439,308.471375,0.000000
1971-05-26,296.133270,309.076569,0.000000
1971-05-27,295.679840,308.251678,0.000000
1971-05-28,294.704010,307.473816,0.000000
1971-05-29,293.409058,308.094330,0.000000
1971-05-30,295.677979,309.395233,0.000000
1971-05-31,295.981537,310.736847,0.000000
1971-06-01,295.800995,310.272675,0.000000
1971-06-02,294.704010,309.651337,0.000000
1971-06-03,295.199921,307.264008,0.000000
1971-06-04,295.641479,309.113037,0.000000
1971-06-05,297.303741,309.981689,0.000000
1971-06-06,296.931061,310.163361,0.000000
1971-06-07,296.638519,309.994537,0.000000
1971-06-08,295.395203,309.537750,0.000000
1971-06-09,295.230560,310.210938,0.000000
1971-06-10,296.533783,311.489563,0.000000
1971-06-11,298.438507,312.029419,0.000000
1971-06-12,298.060944,311.532654,0.000000
1971-06-13,298.527130,310.663757,0.000000
1971-06-14,298.137421,309.725189,0.000000
1971-06-15,297.386658,307.726807,0.000000
1971-06-16,296.589111,307.615356,0.000000
1971-06-17,296.379883,307.489258,0.000000
1971-06-18,296.296936,307.436584,0.609405
1971-06-19,295.942444,307.325684,0.000000
1971-06-20,296.213013,307.840881,0.000000
1971-06-21,296.700500,309.885742,0.000000
1971-06-22,296.752411,311.227783,0.000000
1971-06-23,297.971802,311.202454,0.000000
1971-06-24,298.702850,310.937042,0.000000
1971-06-25,299.572479,309.925110,0.000000
1971-06-26,297.090179,308.810913,0.000000
1971-06-27,297.061218,307.596497,0.752692
1971-06-28,298.283752,307.024414,0.000000
1971-06-29,297.509491,307.505219,0.000000
1971-06-30,297.526337,308.816711,0.000000
1971-07-01,298.149841,308.594513,0.000000
1971-07-02,297.132172,309.843109,2.514890
1971-07-03,298.925293,310.988007,1.948143
1971-07-04,299.102600,312.151031,0.000000
1971-07-05,298.489624,311.849091,0.000000
1971-07-06,297.021057,308.370605,0.000000
1971-07-07,298.030579,310.661072,0.000000
1971-07-08,297.618652,311.233063,0.000000
1971-07-09,296.645874,311.065155,0.000000
1971-07-10,296.334717,309.934998,0.000000
1971-07-11,296.522614,310.818146,0.000000
1971-07-12,298.460419,312.249603,0.000000
1971-07-13,298.861023,311.716003,0.000000
1971-07-14,297.468781,310.949890,0.000000
1971-07-15,297.286774,307.186157,0.000000
1971-07-16,296.995087,306.019623,1.725253
1971-07-17,297.918945,306.308716,0.000000
1971-07-18,297.508606,308.802368,0.000000
1971-07-19,297.951447,309.145966,0.000000
1971-07-20,297.134949,308.198029,0.000000
1971-07-21,297.784424,308.559357,0.000000
1971-07-22,297.413391,308.594025,0.000000
1971-07-23,296.422821,305.619110,5.454957
1971-07-24,297.342102,303.669434,5.912644
1971-07-25,296.861023,305.203125,2.023911
1971-07-26,297.242767,304.588196,15.081598
1971-07-27,296.071777,304.047638,5.885509
1971-07-28,295.077423,308.919128,0.000000
1971-07-29,296.428711,310.742737,0.000000
1971-07-30,300.003662,312.752930,0.000000
1971-07-31,298.042236,312.049500,0.646771
1971-08-01,297.504944,309.877319,0.000000
1971-08-02,296.443207,308.521454,0.000000
1971-08-03,295.961548,308.546692,0.000000
1971-08-04,296.279083,308.557129,0.000000
1971-08-05,295.939697,308.651917,0.000000
1971-08-06,295.869110,310.665741,0.000000
1971-08-07,297.622162,311.443176,0.000000
1971-08-08,297.420380,311.074860,0.300601
1971-08-09,296.749847,308.262604,0.000000
1971-08-10,296.933380,308.845947,0.609650
1971-08-11,296.619812,309.158020,0.000000
1971-08-12,295.996796,308.742737,0.674557
1971-08-13,296.422882,308.350983,0.000000
1971-08-14,295.996826,307.581848,0.000000
1971-08-15,297.072174,309.701385,0.000000
1971-08-16,297.966583,310.019135,0.000000
1971-08-17,297.582916,310.337677,0.000000
1971-08-18,297.625275,310.264191,0.895932
1971-08-19,296.825806,309.668457,3.100566
1971-08-20,295.916595,307.280640,0.000000
1971-08-21,297.344147,306.643097,0.000000
1971-08-22,297.299774,307.693359,0.000000
1971-08-23,296.573364,307.759094,0.000000
1971-08-24,295.370789,306.475830,0.000000
1971-08-25,296.104309,307.091217,0.000000
1971-08-26,296.083344,307.466644,0.000000
1971-08-27,295.401337,307.313354,1.903590
1971-08-28,295.546051,303.561066,2.410949
1971-08-29,294.635223,302.862976,0.849728
1971-08-30,294.379791,304.965149,1.508655
1971-08-31,295.885864,303.968689,3.149429
1971-09-01,296.041748,302.141479,6.747284
1971-09-02,292.889160,304.778351,6.825210
1971-09-03,293.607208,303.993469,1.206298
1971-09-04,290.750305,304.320648,0.000000
1971-09-05,290.580566,306.192963,0.000000
1971-09-06,291.749603,306.263306,0.000000
1971-09-07,294.766174,306.643433,0.000000
1971-09-08,293.235138,306.651703,0.000000
1971-09-09,295.099915,305.941772,0.625013
1971-09-10,294.811737,304.212860,0.605863
1971-09-11,290.273621,300.462677,53.312351
1971-09-12,292.479095,299.822937,58.487717
1971-09-13,294.742493,300.814301,8.854281
1971-09-14,294.454987,301.777924,0.000000
1971-09-15,292.867432,301.342010,2.232826
1971-09-16,291.803680,301.580780,5.170545
1971-09-17,286.747253,295.937592,0.000000
1971-09-18,285.090729,297.610718,0.000000
1971-09-19,287.199066,301.407440,0.000000
1971-09-20,289.700470,302.337738,0.000000
1971-09-21,292.600311,302.927002,2.621810
1971-09-22,293.862823,304.078400,10.438790
1971-09-23,291.726135,302.606445,0.408499
1971-09-24,292.089081,301.238159,7.200085
1971-09-25,294.377075,303.050690,4.699928
1971-09-26,292.015686,302.226044,0.337403
1971-09-27,290.422363,304.192352,0.368057
1971-09-28,293.121613,304.812469,0.000000
1971-09-29,292.288300,304.854309,1.691100
1971-09-30,291.507721,304.009094,0.000000
1971-10-01,291.184937,302.677612,2.149079
1971-10-02,290.302185,302.628693,0.402929
1971-10-03,292.846710,299.780975,38.442745
1971-10-04,293.337677,298.021881,6.513368
1971-10-05,293.935028,300.399536,0.000000
1971-10-06,293.253571,300.816528,1.499327
1971-10-07,290.162262,298.427643,36.475063
1971-10-08,285.298340,297.056396,0.370248
1971-10-09,288.934753,295.234985,30.488670
1971-10-10,280.907715,295.811432,0.000000
1971-10-11,279.532410,292.419403,0.000000
1971-10-12,282.923157,297.247711,0.000000
1971-10-13,283.470306,296.228333,0.000000
1971-10-14,283.096588,295.501678,0.000000
1971-10-15,280.098175,293.301239,0.000000
1971-10-16,281.298035,293.710144,0.000000
1971-10-17,281.400818,293.645691,0.000000
1971-10-18,280.668152,293.602051,0.000000
1971-10-19,282.795868,297.990723,0.000000
1971-10-20,284.814697,297.888123,0.000000
1971-10-21,281.670532,294.763641,0.000000
1971-10-22,283.340973,296.731659,0.000000
1971-10-23,283.394012,298.940430,0.000000
1971-10-24,287.263245,299.911316,0.000000
1971-10-25,286.152527,298.411407,0.000000
1971-10-26,284.820404,301.858826,0.000000
1971-10-27,288.678436,303.305695,7.813384
1971-10-28,279.651489,299.073547,7.354236
1971-10-29,274.215912,287.694794,0.000000
1971-10-30,275.633118,293.376190,0.000000
1971-10-31,279.320160,295.306732,0.000000
1971-11-01,281.837921,298.892761,0.000000
1971-11-02,287.155487,299.304321,0.964951
1971-11-03,288.203979,297.611298,1.597361
1971-11-04,282.943115,296.884338,0.000000
1971-11-05,281.764648,294.634766,0.000000
1971-11-06,282.673187,290.463074,0.000000
1971-11-07,282.856598,290.325714,0.573218
1971-11-08,285.045441,296.850983,0.548549
1971-11-09,288.298431,302.615601,0.000000
1971-11-10,290.124847,301.227875,0.924816
1971-11-11,285.976166,299.359070,24.697613
1971-11-12,277.065155,298.490601,1.388788
1971-11-13,276.742584,292.049377,0.000000
1971-11-14,279.158722,293.441528,0.000000
1971-11-15,278.783661,299.686401,0.000000
1971-11-16,286.517151,302.655243,0.000000
1971-11-17,291.110718,302.546997,0.673947
1971-11-18,291.234711,300.046112,0.659802
1971-11-19,290.089355,298.778992,1.215801
1971-11-20,289.875305,299.161774,0.000000
1971-11-21,291.142670,298.930450,0.000000
1971-11-22,291.271332,299.306610,5.004294
1971-11-23,290.876617,298.611572,4.905854
1971-11-24,290.279144,298.192902,0.817898
1971-11-25,284.158020,297.868164,1.358810
1971-11-26,274.122986,286.771759,0.000000
1971-11-27,272.976013,281.223267,0.000000
1971-11-28,273.471069,282.821381,3.046327
1971-11-29,276.899109,288.504608,1.650252
1971-11-30,282.559143,294.975281,0.000000
1971-12-01,284.840881,293.324677,5.016470
1971-12-02,278.347290,290.708374,1.434373
1971-12-03,277.265991,287.633484,0.521763
1971-12-04,281.473877,293.834198,2.599483
1971-12-05,280.541931,294.650238,0.000000
1971-12-06,277.688629,288.966766,0.000000
1971-12-07,273.707489,284.521759,0.000000
1971-12-08,273.715729,281.279480,0.588018
1971-12-09,274.979950,281.734528,7.545909
1971-12-10,276.118439,282.885254,0.580525
1971-12-11,274.345856,281.392365,0.000000
1971-12-12,276.773560,284.446503,0.000000
1971-12-13,278.539948,285.755188,10.991803
1971-12-14,282.720093,295.035309,2.494885
1971-12-15,279.872437,292.838135,0.295410
1971-12-16,274.178406,286.400787,0.000000
1971-12-17,273.262909,288.228973,0.000000
1971-12-18,275.756256,287.885773,0.000000
1971-12-19,279.710663,290.038483,0.000000
1971-12-20,284.880951,291.857208,1.269221
1971-12-21,275.292664,291.006500,0.000000
1971-12-22,271.431885,284.130432,0.000000
1971-12-23,275.754608,287.653290,0.000000
1971-12-24,275.032501,285.765594,0.000000
1971-12-25,272.436493,287.305969,0.000000
1971-12-26,273.017548,287.946930,0.000000
1971-12-27,280.771332,290.436066,8.473417
1971-12-28,275.048798,287.576172,0.000000
1971-12-29,273.767273,283.112122,0.000000
1971-12-30,271.235382,280.110535,0.000000
1971-12-31,273.579224,281.530365,0.415274
1972-01-01,271.473969,280.029114,16.288742
1972-01-02,272.497070,282.418060,8.528349
1972-01-03,273.783478,286.147888,3.266040
1972-01-04,275.503021,290.380585,0.000000
1972-01-05,277.569122,289.529510,0.000000
1972-01-06,277.281433,297.470459,0.000000
1972-01-07,282.671051,297.617004,0.000000
1972-01-08,286.763428,297.843506,0.000000
1972-01-09,283.354645,295.965179,0.000000
1972-01-10,282.219666,299.845764,0.000000
1972-01-11,284.859802,300.277466,0.000000
1972-01-12,285.247040,302.131378,0.000000
1972-01-13,282.068115,300.165833,0.000000
1972-01-14,286.200043,297.835114,0.000000
1972-01-15,286.332367,299.945404,0.000000
1972-01-16,283.678406,298.061279,0.000000
1972-01-17,274.191406,289.705688,0.000000
1972-01-18,273.527283,287.719574,0.000000
1972-01-19,278.253082,294.313202,0.000000
1972-01-20,284.296661,299.463898,0.000000
1972-01-21,281.204010,298.205353,0.000000
1972-01-22,267.220123,288.471405,0.000000
1972-01-23,267.423889,279.136261,0.000000
1972-01-24,268.725494,278.864929,0.000000
1972-01-25,270.585724,280.184296,0.000000
1972-01-26,272.469269,285.176483,0.000000
1972-01-27,277.017822,284.563721,0.742702
1972-01-28,276.876007,284.143555,6.485872
1972-01-29,275.391571,282.554260,6.493915
1972-01-30,273.716309,279.830475,5.067835
1972-01-31,275.983521,281.105408,12.017621
1972-02-01,273.256073,275.320129,0.000000
1972-02-02,271.584076,282.314331,0.000000
1972-02-03,275.282867,282.188141,2.059304
1972-02-04,277.729492,295.107269,0.391775
1972-02-05,282.872375,292.380676,0.000000
1972-02-06,283.910980,290.275909,0.877716
1972-02-07,278.704285,286.932312,0.000000
1972-02-08,278.238708,282.556244,13.932083
1972-02-09,278.160400,289.878113,7.115851
1972-02-10,273.204224,287.599365,0.000000
1972-02-11,272.438629,283.031189,0.000000
1972-02-12,277.345642,283.571472,0.000000
1972-02-13,278.291870,291.417206,0.000000
1972-02-14,277.827576,291.943756,0.000000
1972-02-15,280.811279,295.921600,0.000000
1972-02-16,284.251129,298.768097,0.000000
1972-02-17,283.378754,296.405975,14.179605
1972-02-18,277.353363,286.620789,3.882682
1972-02-19,275.128387,291.937897,0.000000
1972-02-20,279.778381,298.462067,0.000000
1972-02-21,283.681732,298.646484,0.000000
1972-02-22,287.326416,299.998840,0.000000
1972-02-23,280.995667,299.196045,0.935028
1972-02-24,279.113098,296.370636,0.000000
1972-02-25,280.948151,296.206909,0.000000
1972-02-26,284.766846,298.249878,0.000000
1972-02-27,288.246246,304.840729,0.000000
1972-02-28,287.916595,303.623199,0.000000
1972-02-29,285.686890,302.297241,0.000000
1972-03-01,283.457153,300.971283,0.000000
1972-03-02,284.446686,299.485168,0.000000
1972-03-03,280.661011,294.802521,0.000000
1972-03-04,282.871338,294.539032,0.000000
1972-03-05,286.154480,293.095032,5.063717
1972-03-06,288.279846,294.935303,4.973505
1972-03-07,284.407440,292.083557,7.747276
1972-03-08,279.485504,289.760040,0.000000
1972-03-09,278.241211,291.266235,0.000000
1972-03-10,283.587219,291.825165,0.775535
1972-03-11,286.776428,300.361359,12.186747
1972-03-12,279.942352,297.603455,17.002518
1972-03-13,267.216461,282.610748,1.442446
1972-03-14,271.708862,282.096924,0.000000
1972-03-15,271.506165,284.918549,0.000000
1972-03-16,269.115448,286.838440,0.000000
1972-03-17,280.928345,294.305420,4.787995
1972-03-18,278.020111,290.034149,0.000000
1972-03-19,272.817749,293.250031,0.000000
1972-03-20,283.066254,293.495880,0.000000
1972-03-21,275.560455,290.889587,0.000000
1972-03-22,277.026886,294.601685,0.000000
1972-03-23,281.431000,298.963135,0.000000
1972-03-24,281.889038,300.287292,0.000000
1972-03-25,286.113312,299.231628,0.975098
1972-03-26,286.217682,294.960876,21.855898
1972-03-27,279.369873,292.114594,0.000000
1972-03-28,282.869141,294.310120,0.000000
1972-03-29,287.529266,294.699646,0.000000
1972-03-30,287.026337,294.845917,19.851093
1972-03-31,278.259186,289.714874,5.876182
1972-04-01,275.247131,287.907837,0.000000
1972-04-02,275.891907,290.443268,0.000000
1972-04-03,278.436218,292.644073,0.000000
1972-04-04,279.568268,297.741394,0.000000
1972-04-05,279.870544,299.359467,0.000000
1972-04-06,283.156219,301.196381,0.000000
1972-04-07,290.072327,300.966492,14.188750
1972-04-08,286.363159,298.317505,14.359344
1972-04-09,283.157379,297.037964,7.295215
1972-04-10,280.777039,293.852112,0.000000
1972-04-11,278.899780,293.312317,10.360126
1972-04-12,279.119781,283.572754,7.928264
1972-04-13,277.798370,291.500061,0.000000
1972-04-14,280.908325,296.592773,0.000000
1972-04-15,285.881989,298.291351,0.000000
1972-04-16,287.348938,297.808838,0.000000
1972-04-17,289.818329,295.364624,0.000000
1972-04-18,288.589233,301.299286,0.000000
1972-04-19,285.968933,302.138824,0.000000
1972-04-20,286.112244,302.091003,0.000000
1972-04-21,283.130219,299.585419,0.000000
1972-04-22,283.588837,302.164642,0.000000
1972-04-23,285.121063,304.276489,0.000000
1972-04-24,287.026245,304.573242,0.000000
1972-04-25,288.266022,303.946472,0.000000
1972-04-26,290.323883,303.108215,0.000000
1972-04-27,291.958740,307.425568,0.000000
1972-04-28,291.214172,306.597809,0.000000
1972-04-29,290.765839,307.890625,0.000000
1972-04-30,293.266602,306.730530,2.327023
1972-05-01,294.288452,301.066498,30.905684
1972-05-02,292.072601,297.128662,19.031260
1972-05-03,293.621399,296.936371,20.922773
1972-05-04,291.471130,299.096954,13.921706
1972-05-05,288.767853,304.396210,4.637696
1972-05-06,291.503418,304.347473,0.000000
1972-05-07,290.327515,304.200989,0.361269
1972-05-08,285.754944,298.113861,14.565582
1972-05-09,284.050995,302.332428,0.000000
1972-05-10,287.395081,302.318604,0.000000
1972-05-11,288.185791,301.342743,0.000000
1972-05-12,290.137512,300.776764,0.000000
1972-05-13,289.454773,297.771698,5.710565
1972-05-14,288.972931,296.596130,8.281582
1972-05-15,290.845123,296.367401,0.875861
1972-05-16,293.412201,297.509369,41.838669
1972-05-17,293.257263,300.798706,0.561866
1972-05-18,293.461517,300.309113,0.000000
1972-05-19,293.837463,297.894531,35.094109
1972-05-20,293.036835,297.580109,25.896618
1972-05-21,293.827301,298.198883,6.725852
1972-05-22,293.529053,298.543213,10.483838
1972-05-23,290.673370,295.778107,0.000000
1972-05-24,291.197784,300.033508,0.000000
1972-05-25,292.052521,301.791565,0.000000
1972-05-26,291.549103,304.032074,0.000000
1972-05-27,291.256226,304.678864,0.000000
1972-05-28,291.576935,307.588043,0.395995
1972-05-29,290.998871,308.854645,0.000000
1972-05-30,292.117737,309.882355,0.000000
1972-05-31,294.530060,310.588470,0.000000
1972-06-01,295.656433,311.385254,0.000000
1972-06-02,294.811249,310.619873,0.000000
1972-06-03,292.738098,307.844727,0.000000
1972-06-04,292.340790,308.525696,0.000000
1972-06-05,293.383148,308.703430,0.000000
1972-06-06,292.850342,308.614594,0.000000
1972-06-07,292.467010,309.538727,0.000000
1972-06-08,293.555145,309.543640,0.000000
1972-06-09,293.571625,309.461395,0.000000
1972-06-10,294.241241,309.617493,0.000000
1972-06-11,294.201447,310.251862,0.000000
1972-06-12,295.484558,309.869751,0.000000
1972-06-13,295.671936,308.814301,0.542148
1972-06-14,295.896637,309.076569,0.000000
1972-06-15,294.465637,306.867462,0.000000
1972-06-16,295.484558,308.557465,0.000000
1972-06-17,294.505188,309.348755,0.000000
1972-06-18,292.901245,310.250977,0.000000
1972-06-19,297.190582,311.696625,0.000000
1972-06-20,298.589386,311.389221,0.000000
1972-06-21,295.924805,311.117737,0.000000
1972-06-22,296.372467,310.442963,0.000000
1972-06-23,295.671234,309.008728,0.000000
1972-06-24,295.694000,306.999207,0.000000
1972-06-25,296.655731,306.873260,0.000000
1972-06-26,297.240570,310.208344,0.000000
1972-06-27,296.303009,309.935486,0.000000
1972-06-28,296.431030,312.160858,0.000000
1972-06-29,296.723694,312.060913,0.000000
1972-06-30,297.187775,310.205841,9.107306
1972-07-01,295.577240,309.914673,0.000000
1972-07-02,296.082123,310.242706,0.000000
1972-07-03,295.750610,308.802887,0.000000
1972-07-04,295.138367,307.224335,0.000000
1972-07-05,295.709747,308.054688,0.000000
1972-07-06,295.530273,308.969391,0.000000
1972-07-07,296.298309,309.379883,0.000000
1972-07-08,295.048828,309.424164,0.000000
1972-07-09,295.739441,310.171478,0.000000
1972-07-10,297.111298,311.192230,0.000000
1972-07-11,296.756592,310.527069,0.991711
1972-07-12,296.289703,308.148407,0.000000
1972-07-13,296.685333,309.273834,0.000000
1972-07-14,295.988586,308.035431,0.000000
1972-07-15,296.488647,308.304626,0.000000
1972-07-16,296.570465,306.911011,2.230530
1972-07-17,295.676392,304.131531,1.890208
1972-07-18,296.632843,307.615204,4.476498
1972-07-19,297.377594,308.471008,0.000000
1972-07-20,296.087433,308.250153,3.786121
1972-07-21,295.611572,308.372101,0.000000
1972-07-22,295.463135,308.674622,3.763676
1972-07-23,295.403473,309.368347,0.000000
1972-07-24,295.934113,310.365204,0.000000
1972-07-25,296.072388,310.203552,0.000000
1972-07-26,295.897034,309.913300,0.000000
1972-07-27,296.854675,309.470520,0.000000
1972-07-28,296.886292,308.552582,0.000000
1972-07-29,296.616119,308.745972,1.915225
1972-07-30,295.310883,309.394104,2.922161
1972-07-31,294.777893,306.589386,28.554443
1972-08-01,295.072449,306.556976,4.317598
1972-08-02,291.933685,308.920074,0.000000
1972-08-03,293.912292,308.035706,0.000000
1972-08-04,294.437561,306.990967,0.000000
1972-08-05,295.381134,309.573364,0.000000
1972-08-06,297.411316,310.535034,0.000000
1972-08-07,297.561920,311.327942,0.000000
1972-08-08,296.538391,310.435394,0.280419
1972-08-09,296.051361,309.801208,7.355377
1972-08-10,296.432648,309.820465,0.000000
1972-08-11,294.851685,309.589600,0.000000
1972-08-12,296.110931,306.919434,0.281481
1972-08-13,295.803802,308.694183,0.000000
1972-08-14,296.699615,310.178741,0.000000
1972-08-15,296.234833,309.180237,0.000000
1972-08-16,294.239563,308.014374,0.000000
1972-08-17,294.497009,308.892395,0.000000
1972-08-18,294.656464,308.837891,0.000000
1972-08-19,295.730225,311.096893,0.000000
1972-08-20,296.466187,311.649628,0.000000
1972-08-21,299.094604,311.357056,0.000000
1972-08-22,295.989807,310.912933,0.000000
1972-08-23,295.681427,310.277313,0.000000
1972-08-24,296.676392,311.328400,1.432429
1972-08-25,299.428589,311.897949,0.000000
1972-08-26,299.254578,311.156586,0.000000
1972-08-27,296.008331,309.083862,0.843658
1972-08-28,297.163727,305.600952,13.080141
1972-08-29,293.808990,305.264771,4.539712
1972-08-30,294.726532,306.063324,7.947811
1972-08-31,296.198486,305.307800,6.646644
1972-09-01,293.965546,301.613220,12.376649
1972-09-02,297.089111,303.056671,20.963106
1972-09-03,295.631042,302.758026,6.931098
1972-09-04,293.685944,300.781342,22.861437
1972-09-05,294.640320,301.496979,9.480650
1972-09-06,295.081482,302.516022,0.000000
1972-09-07,294.354279,301.631439,8.261544
1972-09-08,291.101379,304.204529,1.310620
1972-09-09,291.052307,304.810272,0.000000
1972-09-10,291.755798,305.098022,0.290973
1972-09-11,292.750336,305.270569,0.000000
1972-09-12,294.809845,307.590240,0.000000
1972-09-13,295.521515,309.004150,0.000000
1972-09-14,295.694305,309.536652,0.000000
1972-09-15,296.670807,310.545349,0.000000
1972-09-16,296.740723,309.971588,0.000000
1972-09-17,297.085693,309.542725,0.532963
1972-09-18,297.289642,307.916626,0.000000
1972-09-19,295.510986,307.652740,0.000000
1972-09-20,296.313812,307.567169,0.000000
1972-09-21,295.106659,307.634613,0.000000
1972-09-22,295.508667,307.453186,0.000000
1972-09-23,296.180023,307.051086,0.000000
1972-09-24,295.517670,307.553711,0.000000
1972-09-25,294.243927,306.930206,0.000000
1972-09-26,294.802185,306.934021,0.807598
1972-09-27,294.538147,305.535309,0.441132
1972-09-28,293.331329,305.010315,0.000000
1972-09-29,285.005859,300.814758,34.896179
1972-09-30,286.400513,297.683380,0.000000
1972-10-01,284.304596,301.511871,0.000000
1972-10-02,288.270111,303.530640,0.614240
1972-10-03,291.089508,302.832855,3.941507
1972-10-04,291.803772,300.113617,19.210621
1972-10-05,292.313568,300.873047,7.146183
1972-10-06,289.193298,299.190796,4.754169
1972-10-07,289.269775,299.156555,0.938220
1972-10-08,290.051056,299.922668,0.000000
1972-10-09,286.063293,299.356659,0.000000
1972-10-10,284.321381,298.539551,0.000000
1972-10-11,284.801025,299.492249,0.000000
1972-10-12,285.455505,301.263733,0.000000
1972-10-13,286.435028,301.555573,0.000000
1972-10-14,287.276215,301.054321,0.000000
1972-10-15,280.364227,294.625397,0.000000
1972-10-16,281.029022,297.678833,0.000000
1972-10-17,285.276581,297.856049,0.000000
1972-10-18,281.564087,295.848145,0.000000
1972-10-19,278.023590,288.588135,2.214808
1972-10-20,277.408325,290.730194,0.000000
1972-10-21,281.181671,292.763580,0.000000
1972-10-22,288.256042,293.861847,26.689943
1972-10-23,281.524231,292.069702,0.000000
1972-10-24,283.269409,293.510742,0.000000
1972-10-25,284.928619,294.413422,0.000000
1972-10-26,284.190491,296.999420,0.000000
1972-10-27,284.360382,300.398712,0.000000
1972-10-28,286.666321,301.353882,0.000000
1972-10-29,288.593018,302.668121,0.000000
1972-10-30,289.433411,302.681091,0.000000
1972-10-31,290.709961,301.238098,1.074352
1972-11-01,290.987457,296.919373,0.850815
1972-11-02,290.552521,298.072937,6.357514
1972-11-03,281.483765,297.173309,2.140711
1972-11-04,278.965027,291.728210,0.000000
1972-11-05,279.394623,293.054596,0.000000
1972-11-06,281.455811,294.163818,0.000000
1972-11-07,281.115234,295.913147,0.000000
1972-11-08,282.395172,297.768890,0.000000
1972-11-09,286.612579,298.138611,0.000000
1972-11-10,289.943787,298.320312,0.489634
1972-11-11,285.444611,296.477844,10.686338
1972-11-12,285.180023,294.979767,8.368087
1972-11-13,283.215607,295.385834,0.000000
1972-11-14,279.933838,293.909058,4.081857
1972-11-15,279.450378,286.797424,6.832268
1972-11-16,277.668243,289.279144,0.938488
1972-11-17,281.460571,287.878174,6.645541
1972-11-18,280.950684,285.610840,29.141884
1972-11-19,277.597656,287.155975,2.963137
1972-11-20,279.291595,286.064545,4.729615
1972-11-21,287.370453,295.881134,31.086096
1972-11-22,279.516388,294.082672,0.351599
1972-11-23,276.283752,287.659546,0.000000
1972-11-24,276.769287,286.577148,0.806609
1972-11-25,281.565247,291.270142,4.338246
1972-11-26,274.405396,284.273743,0.000000
1972-11-27,276.296478,290.005524,0.000000
1972-11-28,273.904968,288.654907,0.000000
1972-11-29,277.623993,288.446991,0.000000
1972-11-30,278.188141,288.543457,0.000000
1972-12-01,282.552185,297.304810,2.822071
1972-12-02,277.807770,295.399323,0.000000
1972-12-03,276.615021,291.747284,0.435547
1972-12-04,283.932739,292.874268,0.564088
1972-12-05,284.523071,293.152618,0.000000
1972-12-06,286.309692,294.847443,0.427368
1972-12-07,288.759949,298.202332,0.000000
1972-12-08,289.089386,298.950836,1.464667
1972-12-09,285.913452,296.943268,2.691076
1972-12-10,277.029602,291.283417,0.000000
1972-12-11,274.530640,288.273468,0.000000
1972-12-12,276.469238,288.874542,0.000000
1972-12-13,278.720825,292.433624,0.627738
1972-12-14,276.923187,292.428589,0.000000
1972-12-15,278.856781,292.725403,0.000000
1972-12-16,282.440491,291.332977,0.000000
1972-12-17,279.426605,290.493103,8.799845
1972-12-18,277.827362,286.842377,9.935121
1972-12-19,272.813965,282.630951,0.000000
1972-12-20,272.928711,283.430481,0.000000
1972-12-21,274.419250,286.746582,0.000000
1972-12-22,275.672668,287.486816,0.000000
1972-12-23,276.838470,286.158966,0.000000
1972-12-24,276.899414,286.689972,0.000000
1972-12-25,276.813904,286.715118,0.000000
1972-12-26,272.485901,285.686981,0.000000
1972-12-27,274.553070,288.296692,0.000000
1972-12-28,282.683899,290.558411,0.000000
1972-12-29,283.634399,292.176483,0.000000
1972-12-30,280.405914,290.567963,0.000000
1972-12-31,277.129059,292.665588,0.000000
1973-01-01,277.535461,291.325775,0.000000
1973-01-02,278.725037,293.785950,0.000000
1973-01-03,281.042419,298.998627,0.000000
1973-01-04,284.966553,297.108032,0.000000
1973-01-05,275.747559,294.280304,0.000000
1973-01-06,274.594116,287.440063,0.000000
1973-01-07,272.687622,285.573608,0.000000
1973-01-08,275.456390,285.129852,0.293352
1973-01-09,275.668060,284.018250,30.675701
1973-01-10,273.277039,283.925171,0.933212
1973-01-11,274.417938,282.654236,0.367934
1973-01-12,275.705078,280.157135,29.153456
1973-01-13,276.291229,281.087952,15.255465
1973-01-14,275.046082,287.715149,1.879776
1973-01-15,276.905731,293.055420,0.000000
1973-01-16,281.372650,291.549591,0.000000
1973-01-17,280.353333,294.350952,0.000000
1973-01-18,283.961975,295.846039,2.380367
1973-01-19,269.156921,290.984558,0.000000
1973-01-20,269.254883,278.206604,0.000000
1973-01-21,273.972656,282.262085,6.047128
1973-01-22,267.293762,274.687592,2.992534
1973-01-23,265.121979,274.179291,0.000000
1973-01-24,264.857147,274.247650,0.000000
1973-01-25,267.233032,276.889862,0.350362
1973-01-26,275.291901,283.373871,39.572304
1973-01-27,277.099884,281.436523,70.389046
1973-01-28,274.055054,280.879059,5.233508
1973-01-29,271.983185,281.011658,1.355531
1973-01-30,272.055389,289.570404,0.000000
1973-01-31,277.649292,287.117065,11.461277
1973-02-01,277.677124,287.437408,14.220786
1973-02-02,272.012390,284.597626,0.000000
1973-02-03,273.468750,287.120209,0.000000
1973-02-04,275.250549,288.464294,0.000000
1973-02-05,282.617157,289.856293,1.323327
1973-02-06,281.369415,289.486053,0.495989
1973-02-07,282.843689,293.211517,0.000000
1973-02-08,285.122284,294.195770,0.295451
1973-02-09,282.812805,296.279968,0.420550
1973-02-10,286.052490,295.932587,0.000000
1973-02-11,286.630096,296.636292,0.000000
1973-02-12,276.294250,294.179657,0.000000
1973-02-13,275.419708,290.928497,0.000000
1973-02-14,278.034027,292.080017,0.000000
1973-02-15,283.522125,292.250366,0.000000
1973-02-16,285.603638,291.528473,7.000796
1973-02-17,284.980011,295.986542,31.706804
1973-02-18,282.954468,295.605316,0.000000
1973-02-19,282.329010,295.106445,0.283099
1973-02-20,283.611053,295.848419,2.915706
1973-02-21,280.764709,295.060089,0.000000
1973-02-22,282.729645,294.689148,0.395592
1973-02-23,278.349457,295.530670,0.000000
1973-02-24,282.996155,299.146301,0.000000
1973-02-25,283.676422,298.063171,0.000000
1973-02-26,280.776001,299.734528,0.000000
1973-02-27,282.356720,299.320068,0.000000
1973-02-28,277.780823,295.066284,0.000000
1973-03-01,280.327698,295.351288,0.000000
1973-03-02,278.210632,293.635071,0.000000
1973-03-03,279.823700,296.541138,0.000000
1973-03-04,280.811005,296.476166,0.000000
1973-03-05,278.453766,295.727386,0.000000
1973-03-06,282.175781,295.226807,0.000000
1973-03-07,285.817841,294.615814,0.000000
1973-03-08,287.455078,292.643677,0.000000
1973-03-09,288.015686,294.411926,3.892021
1973-03-10,286.533905,289.398407,11.257932
1973-03-11,287.825165,298.264679,5.209409
1973-03-12,283.155731,297.664703,1.926231
1973-03-13,276.870850,286.829407,0.000000
1973-03-14,276.266815,294.873657,0.000000
1973-03-15,281.051270,295.607178,0.000000
1973-03-16,286.268280,297.407410,7.513386
1973-03-17,282.798950,297.574402,7.117033
1973-03-18,276.524109,282.942657,0.000000
1973-03-19,272.541504,287.061432,0.000000
1973-03-20,270.941284,284.019928,0.000000
1973-03-21,272.251434,295.358215,0.000000
1973-03-22,278.243683,299.203522,0.000000
1973-03-23,281.640472,298.558075,0.000000
1973-03-24,286.561615,299.101349,0.000000
1973-03-25,288.652039,297.159668,0.751935
1973-03-26,289.517090,300.094696,0.774919
1973-03-27,286.834229,299.964935,0.000000
1973-03-28,289.149414,297.600739,6.914509
1973-03-29,289.088318,297.739105,1.264987
1973-03-30,277.461365,295.903046,0.000000
1973-03-31,276.149353,290.842194,0.000000
1973-04-01,276.992493,294.866852,0.000000
1973-04-02,280.916046,298.435394,0.000000
1973-04-03,285.111145,301.127167,0.000000
1973-04-04,282.985901,302.471130,0.000000
1973-04-05,284.950043,304.129517,0.000000
1973-04-06,290.031891,303.984558,0.000000
1973-04-07,286.956085,301.587524,0.000000
1973-04-08,279.746948,291.788208,2.038692
1973-04-09,279.701233,286.827484,17.028187
1973-04-10,277.160187,293.118469,0.000000
1973-04-11,280.163971,297.522736,0.000000
1973-04-12,281.347534,300.534821,0.000000
1973-04-13,282.759827,300.310394,0.000000
1973-04-14,284.418182,300.675446,0.000000
1973-04-15,287.245697,300.650940,0.000000
1973-04-16,288.941223,299.202087,0.000000
1973-04-17,290.091888,297.303741,0.813106
1973-04-18,287.490662,296.430145,2.511925
1973-04-19,280.349457,293.968079,0.330625
1973-04-20,281.156128,292.914185,0.000000
1973-04-21,282.867889,287.184052,0.000000
1973-04-22,279.716949,292.620117,0.000000
1973-04-23,287.628845,292.536804,0.000000
1973-04-24,288.632080,294.734772,2.433556
1973-04-25,286.437622,294.520325,0.000000
1973-04-26,286.949890,298.414276,0.000000
1973-04-27,288.347809,297.741669,0.000000
1973-04-28,289.608734,297.042877,0.000000
1973-04-29,288.226776,301.571320,2.740350
1973-04-30,285.660980,305.425232,0.000000
1973-05-01,288.620514,303.534180,0.000000
1973-05-02,292.177887,300.443176,33.995026
1973-05-03,289.436829,301.076324,6.835054
1973-05-04,288.431458,300.776154,0.000000
1973-05-05,287.689087,304.742340,0.000000
1973-05-06,292.943268,304.964783,0.000000
1973-05-07,293.056213,303.519684,0.904597
1973-05-08,292.898193,303.318298,0.000000
1973-05-09,292.070587,305.025726,0.000000
1973-05-10,291.811523,306.126770,0.000000
1973-05-11,289.930237,306.878784,0.000000
1973-05-12,291.878510,307.006805,0.000000
1973-05-13,292.595428,308.010681,0.000000
1973-05-14,291.952759,308.865784,0.000000
1973-05-15,293.623901,309.537048,0.000000
1973-05-16,292.658386,308.082611,0.000000
1973-05-17,292.862061,307.995331,0.000000
1973-05-18,291.944916,307.895874,0.000000
1973-05-19,295.338989,306.072540,2.028389
1973-05-20,295.998291,306.622253,5.437256
1973-05-21,293.958405,306.493927,4.923913
1973-05-22,288.987793,301.377838,0.000000
1973-05-23,285.532745,303.207977,0.000000
1973-05-24,291.960785,303.690125,0.000000
1973-05-25,292.030762,304.257477,0.000000
1973-05-26,294.849182,307.071228,4.154629
1973-05-27,290.293671,306.818634,3.508849
1973-05-28,293.608490,303.282471,1.151420
1973-05-29,288.998474,303.873840,0.000000
1973-05-30,293.463409,304.683777,0.000000
1973-05-31,292.234161,305.595551,0.000000
1973-06-01,293.527985,305.733032,1.373246
1973-06-02,291.375244,304.819244,0.000000
1973-06-03,294.021027,304.590546,0.000000
1973-06-04,293.191833,305.483704,0.000000
1973-06-05,294.180054,305.881653,0.000000
1973-06-06,295.526978,307.902985,0.000000
1973-06-07,296.592133,307.776215,0.000000
1973-06-08,295.858002,306.763977,0.000000
1973-06-09,296.707794,305.151306,3.347770
1973-06-10,295.744720,306.931671,4.970261
1973-06-11,295.168793,306.877930,2.551250
1973-06-12,294.027954,304.980469,0.000000
1973-06-13,295.222321,304.902161,1.886552
1973-06-14,292.688232,308.064575,0.000000
1973-06-15,293.990448,307.539551,0.000000
1973-06-16,294.802063,307.612762,0.000000
1973-06-17,293.970978,306.873932,0.000000
1973-06-18,295.550568,306.711792,0.000000
1973-06-19,295.180603,306.740662,1.450745
1973-06-20,295.130829,306.665863,1.496921
1973-06-21,294.971313,306.404175,0.000000
1973-06-22,294.900299,305.168335,0.397925
1973-06-23,295.530670,306.079590,1.503644
1973-06-24,295.820557,307.109711,0.000000
1973-06-25,295.602509,305.497467,0.000000
1973-06-26,295.911652,307.541016,0.000000
1973-06-27,296.213898,310.997986,0.000000
1973-06-28,297.798523,311.147278,0.000000
1973-06-29,296.846832,311.000916,0.000000
1973-06-30,297.135345,311.290771,0.000000
1973-07-01,296.848785,311.859863,0.000000
1973-07-02,296.752380,311.264832,0.452914
1973-07-03,296.702179,307.742706,0.000000
1973-07-04,296.498993,307.738007,0.000000
1973-07-05,296.525848,306.635498,3.122106
1973-07-06,295.717590,306.124908,0.000000
1973-07-07,295.670166,308.007355,0.000000
1973-07-08,297.953766,308.628906,0.000000
1973-07-09,298.087372,308.052429,0.000000
1973-07-10,295.838867,307.603760,0.000000
1973-07-11,297.816467,311.067780,0.000000
1973-07-12,298.400085,312.496704,0.000000
1973-07-13,297.981293,312.070374,0.000000
1973-07-14,298.201630,310.965424,12.980786
1973-07-15,297.388153,308.329956,11.648460
1973-07-16,297.610168,307.788605,1.026347
1973-07-17,296.526672,305.619690,1.373995
1973-07-18,296.264404,305.389862,0.000000
1973-07-19,296.216614,306.636322,0.000000
1973-07-20,297.231781,308.122437,0.000000
1973-07-21,297.788269,308.661713,0.000000
1973-07-22,297.892334,308.715637,0.000000
1973-07-23,296.739594,307.539734,0.000000
1973-07-24,296.411774,306.197784,0.292366
1973-07-25,296.315979,306.168274,0.000000
1973-07-26,296.139984,306.499786,0.526800
1973-07-27,296.027161,307.381165,1.895586
1973-07-28,296.036499,305.978638,4.100355
1973-07-29,296.252197,304.161865,0.000000
1973-07-30,295.890533,306.877014,0.000000
1973-07-31,297.415222,309.952179,0.000000
1973-08-01,297.701447,310.552460,0.000000
1973-08-02,298.342255,309.601959,4.868497
1973-08-03,295.840698,307.465546,0.000000
1973-08-04,295.570526,306.899170,1.691070
1973-08-05,295.365845,306.470490,0.292634
1973-08-06,295.592529,308.883545,0.000000
1973-08-07,295.090637,309.121643,0.000000
1973-08-08,295.268890,309.180115,0.000000
1973-08-09,295.627716,308.165680,5.506374
1973-08-10,295.219910,307.679108,0.287323
1973-08-11,295.255737,307.316315,2.524687
1973-08-12,294.857666,305.155579,0.305381
1973-08-13,295.952454,305.619995,0.000000
1973-08-14,296.789886,306.840271,0.000000
1973-08-15,295.570160,308.654602,0.000000
1973-08-16,295.498322,309.086456,0.000000
1973-08-17,297.682312,308.576111,0.000000
1973-08-18,295.814911,308.672516,0.000000
1973-08-19,296.798859,307.642609,0.698152
1973-08-20,296.981079,304.587677,11.219718
1973-08-21,297.131256,302.181763,122.647949
1973-08-22,296.744049,303.266876,3.866518
1973-08-23,296.748230,303.412476,5.109037
1973-08-24,296.012482,300.765015,17.162254
1973-08-25,297.060669,302.654419,1.893326
1973-08-26,294.732788,303.243774,3.330213
1973-08-27,295.086060,303.898132,1.426388
1973-08-28,294.581146,302.892975,0.000000
1973-08-29,290.801758,304.139832,0.000000
1973-08-30,292.251007,306.862427,0.000000
1973-08-31,294.406982,308.942993,0.000000
1973-09-01,295.936798,310.802673,0.000000
1973-09-02,294.614319,310.777588,0.000000
1973-09-03,295.053284,311.013245,0.000000
1973-09-04,296.272888,312.555084,0.000000
1973-09-05,297.872864,312.344116,0.000000
1973-09-06,296.556976,310.653351,0.000000
1973-09-07,294.749481,307.311707,16.115030
1973-09-08,294.540344,305.189758,4.777419
1973-09-09,294.428772,307.934265,0.000000
1973-09-10,295.124237,307.859314,0.000000
1973-09-11,295.957520,307.272095,1.537917
1973-09-12,294.673431,304.981781,1.019078
1973-09-13,292.110443,304.977875,7.717225
1973-09-14,292.059143,304.162048,0.000000
1973-09-15,289.772339,303.734283,0.000000
1973-09-16,289.330872,305.586243,0.000000
1973-09-17,289.951202,306.253906,0.000000
1973-09-18,290.229706,307.235535,0.000000
1973-09-19,292.097687,307.630463,0.000000
1973-09-20,293.301300,308.017456,0.000000
1973-09-21,294.068329,307.531464,0.000000
1973-09-22,293.137451,307.370026,0.000000
1973-09-23,294.376617,304.291962,0.000000
1973-09-24,292.672516,303.095947,0.865745
1973-09-25,291.813110,304.432556,0.556071
1973-09-26,292.673218,304.867188,0.000000
1973-09-27,293.421631,304.682220,0.937138
1973-09-28,294.775360,304.830658,2.456666
1973-09-29,292.790649,305.087982,2.697128
1973-09-30,292.882507,306.826904,4.357802
1973-10-01,294.874939,306.521515,3.541599
1973-10-02,293.573303,306.028595,5.077692
1973-10-03,290.555267,306.272583,0.359545
1973-10-04,293.298218,307.809540,0.000000
1973-10-05,294.444244,306.931213,1.091577
1973-10-06,294.785553,303.582886,6.891002
1973-10-07,293.660553,300.163391,39.177284
1973-10-08,292.696136,301.134277,26.704666
1973-10-09,289.812073,299.888153,15.361337
1973-10-10,290.362335,300.676147,8.535508
1973-10-11,289.190399,302.300812,0.920134
1973-10-12,292.542236,302.862213,0.000000
1973-10-13,293.247650,301.671661,4.997189
1973-10-14,293.755737,301.585693,1.351740
1973-10-15,293.292389,303.397461,6.841242
1973-10-16,293.122314,301.852295,5.843006
1973-10-17,293.367096,301.429291,1.738742
1973-10-18,293.124359,301.214844,1.588406
1973-10-19,292.679871,301.294739,1.233647
1973-10-20,293.005859,302.304352,5.996593
1973-10-21,291.157745,299.950897,35.953850
1973-10-22,276.158417,297.379669,6.752261
1973-10-23,274.564026,286.738098,0.000000
1973-10-24,274.879852,287.410004,0.000000
1973-10-25,276.683411,290.852692,0.000000
1973-10-26,278.685608,292.982147,0.000000
1973-10-27,280.494812,294.517059,0.000000
1973-10-28,283.700104,296.879639,0.000000
1973-10-29,276.670441,294.539520,0.000000
1973-10-30,277.271301,294.747711,0.000000
1973-10-31,280.403198,294.947449,0.000000
1973-11-01,284.155304,292.825500,0.000000
1973-11-02,280.064270,294.027161,0.000000
1973-11-03,283.052582,295.663849,0.000000
1973-11-04,283.448486,297.957855,0.000000
1973-11-05,285.591553,298.688538,0.000000
1973-11-06,286.136292,298.002991,0.000000
1973-11-07,285.005585,295.693481,0.332511
1973-11-08,282.444397,297.475006,0.000000
1973-11-09,284.357697,297.611176,0.000000
1973-11-10,288.328888,296.819122,0.907093
1973-11-11,285.944855,295.818512,0.000000
1973-11-12,280.951355,294.600433,0.000000
1973-11-13,280.981964,298.394806,0.000000
1973-11-14,283.006622,297.744751,0.000000
1973-11-15,276.677917,293.380554,0.000000
1973-11-16,278.695435,296.888580,0.000000
1973-11-17,280.858032,299.554352,0.000000
1973-11-18,283.894592,300.306244,0.000000
1973-11-19,287.885864,299.337372,2.051940
1973-11-20,280.294342,291.301270,19.162123
1973-11-21,272.557739,286.568359,0.792104
1973-11-22,271.718414,281.960754,0.000000
1973-11-23,272.513641,285.000214,0.000000
1973-11-24,274.233490,284.461365,0.000000
1973-11-25,273.182617,291.580688,0.000000
1973-11-26,277.634521,293.594482,0.000000
1973-11-27,278.166626,300.717804,0.000000
1973-11-28,287.032898,300.956635,0.000000
1973-11-29,284.009888,302.578613,0.000000
1973-11-30,286.310730,301.936310,0.000000
1973-12-01,288.419678,299.719452,2.661310
1973-12-02,278.257324,293.820557,4.930047
1973-12-03,277.347290,286.175293,2.216782
1973-12-04,276.511261,287.890198,0.289212
1973-12-05,277.317688,291.891357,0.000000
1973-12-06,276.958405,290.704041,0.000000
1973-12-07,278.496704,289.812378,0.000000
1973-12-08,273.461914,289.114899,0.000000
1973-12-09,271.733398,283.674347,0.000000
1973-12-10,271.065430,290.794586,0.000000
1973-12-11,273.368713,293.666809,0.000000
1973-12-12,281.556915,298.760071,0.000000
1973-12-13,285.387695,300.331268,0.000000
1973-12-14,286.382355,298.863770,0.000000
1973-12-15,279.910339,292.717804,0.000000
1973-12-16,280.528412,291.202332,0.000000
1973-12-17,285.582123,292.210968,63.524422
1973-12-18,282.417450,290.002991,72.683296
1973-12-19,284.385071,290.860870,16.318039
1973-12-20,272.973816,287.900604,0.000000
1973-12-21,271.026520,281.091309,0.000000
1973-12-22,273.024536,280.738739,5.692262
1973-12-23,273.838959,292.488495,8.214341
1973-12-24,270.206390,284.451935,0.000000
1973-12-25,273.828827,283.014832,1.073212
1973-12-26,275.837311,284.414032,1.827859
1973-12-27,274.733093,282.140289,1.593204
1973-12-28,274.627411,281.622955,0.000000
1973-12-29,275.550201,283.553589,0.400143
1973-12-30,276.379272,285.921875,0.000000
1973-12-31,269.618195,282.976044,0.000000
1974-01-01,270.326782,282.979309,0.000000
1974-01-02,272.294342,283.771637,0.000000
1974-01-03,276.899536,285.482727,0.000000
1974-01-04,277.856689,285.587677,0.000000
1974-01-05,273.659607,283.758270,0.000000
1974-01-06,276.463623,286.382812,0.000000
1974-01-07,279.265167,286.680420,0.000000
1974-01-08,277.634460,286.336182,0.000000
1974-01-09,276.927582,284.410522,0.000000
1974-01-10,276.117950,284.211426,0.000000
1974-01-11,277.450256,285.650299,0.000000
1974-01-12,276.999908,285.147888,0.000000
1974-01-13,276.322754,283.951111,0.000000
1974-01-14,274.801300,283.757294,0.000000
1974-01-15,275.594788,285.144348,0.000000
1974-01-16,275.562805,282.848663,0.000000
1974-01-17,277.332153,283.195679,3.370885
1974-01-18,275.698975,282.191864,7.118431
1974-01-19,272.177063,279.404938,7.730788
1974-01-20,271.236511,280.099640,0.000000
1974-01-21,271.629181,282.751648,0.000000
1974-01-22,273.483002,283.961151,0.000000
1974-01-23,275.602020,286.514404,0.875521
1974-01-24,281.468292,294.326172,0.000000
1974-01-25,281.241730,291.966095,0.000000
1974-01-26,274.539276,285.889954,0.000000
1974-01-27,273.195892,284.731781,0.000000
1974-01-28,271.274384,285.664795,0.000000
1974-01-29,271.608551,288.112976,0.000000
1974-01-30,274.303528,290.453430,0.000000
1974-01-31,278.107880,290.903595,0.000000
1974-02-01,276.371429,293.330872,0.000000
1974-02-02,278.342255,295.416016,0.000000
1974-02-03,281.434265,294.744141,0.000000
1974-02-04,283.973633,293.410034,0.000000
1974-02-05,285.591949,292.557159,0.279629
1974-02-06,281.365753,294.175201,0.936816
1974-02-07,280.975769,300.910889,0.000000
1974-02-08,283.263885,299.787994,0.000000
1974-02-09,281.362183,296.296997,0.000000
1974-02-10,282.221710,299.840057,0.000000
1974-02-11,283.937134,301.841492,0.000000
1974-02-12,286.260284,301.990601,0.000000
1974-02-13,282.585876,298.175232,0.000000
1974-02-14,281.361237,295.576355,0.000000
1974-02-15,281.016052,297.611145,0.000000
1974-02-16,282.843903,299.772064,0.000000
1974-02-17,283.551910,301.109802,0.000000
1974-02-18,284.335876,302.184845,0.000000
1974-02-19,284.462189,301.984680,0.000000
1974-02-20,285.116425,299.847198,0.000000
1974-02-21,285.947449,296.134277,4.209189
1974-02-22,285.317993,298.961487,0.000000
1974-02-23,282.708588,298.298859,0.000000
1974-02-24,283.068390,299.937866,0.000000
1974-02-25,284.376343,300.780426,0.000000
1974-02-26,284.911011,301.055359,0.000000
1974-02-27,285.964294,300.332062,0.000000
1974-02-28,287.523102,300.679230,0.000000
1974-03-01,288.106750,300.296570,0.852262
1974-03-02,283.665070,299.096039,0.000000
1974-03-03,285.180847,303.380981,0.000000
1974-03-04,288.510406,306.164825,0.000000
1974-03-05,289.322937,306.419281,0.000000
1974-03-06,288.238068,305.623962,0.000000
1974-03-07,288.406738,303.952179,0.000000
1974-03-08,288.792999,305.402344,0.000000
1974-03-09,290.861603,306.917175,0.000000
1974-03-10,292.274414,307.217255,0.000000
1974-03-11,292.439362,307.326569,0.000000
1974-03-12,288.790558,303.872040,0.000000
1974-03-13,288.488892,304.397369,0.000000
1974-03-14,290.768372,303.863037,0.000000
1974-03-15,286.202179,295.983490,2.432154
1974-03-16,281.228607,297.261139,0.000000
1974-03-17,282.110138,301.195374,0.000000
1974-03-18,286.489136,303.995850,0.000000
1974-03-19,288.272522,303.616364,0.000000
1974-03-20,285.059998,299.977020,0.000000
1974-03-21,289.097107,299.001221,0.405809
1974-03-22,291.036591,299.799713,5.871593
1974-03-23,285.012878,301.886414,0.000000
1974-03-24,289.243469,304.735260,0.000000
1974-03-25,291.723419,304.069489,0.000000
1974-03-26,285.319672,302.262604,0.000000
1974-03-27,287.178284,302.394775,0.000000
1974-03-28,287.024384,301.975098,0.000000
1974-03-29,285.100220,300.146210,0.000000
1974-03-30,287.604126,301.054016,0.000000
1974-03-31,290.337646,301.378418,0.000000
1974-04-01,287.869507,303.958282,0.000000
1974-04-02,292.101257,303.393433,0.875977
1974-04-03,285.656830,300.719574,0.000000
1974-04-04,282.618713,297.965240,0.000000
1974-04-05,287.598267,297.290924,0.000000
1974-04-06,283.168030,290.246735,1.713596
1974-04-07,281.801514,288.361725,4.299285
1974-04-08,286.199768,300.804718,4.233597
1974-04-09,288.482300,305.191895,0.000000
1974-04-10,292.619904,304.442810,0.000000
1974-04-11,283.175995,294.329742,0.000000
1974-04-12,280.484070,292.914429,0.000000
1974-04-13,282.509308,296.790833,0.000000
1974-04-14,289.867676,302.672211,0.000000
1974-04-15,292.427673,303.918030,2.803967
1974-04-16,288.658356,304.222412,0.000000
1974-04-17,292.498718,303.530273,0.445064
1974-04-18,285.656403,298.571136,2.194887
1974-04-19,281.869690,282.233246,4.169855
1974-04-20,284.777710,289.811188,0.000000
1974-04-21,285.094604,292.960114,0.000000
1974-04-22,289.349762,295.231720,0.000000
1974-04-23,290.032959,296.159485,0.000000
1974-04-24,290.253021,296.944305,0.000000
1974-04-25,291.948853,297.198029,6.394315
1974-04-26,290.891846,300.773743,0.000000
1974-04-27,288.171539,303.672821,0.690437
1974-04-28,290.298767,302.025574,0.000000
1974-04-29,290.731018,303.678802,0.000000
1974-04-30,290.019287,304.598846,0.000000
1974-05-01,286.381439,300.818451,0.000000
1974-05-02,287.188782,303.720642,0.000000
1974-05-03,291.801849,307.275330,0.000000
1974-05-04,288.874664,302.585480,18.467611
1974-05-05,283.880829,297.523041,0.000000
1974-05-06,285.931885,301.130524,0.000000
1974-05-07,290.809967,301.408630,0.000000
1974-05-08,291.399750,300.996674,4.392407
1974-05-09,291.942230,301.668243,0.000000
1974-05-10,291.692657,304.140869,0.000000
1974-05-11,290.783813,307.000275,0.000000
1974-05-12,291.392456,306.242493,0.000000
1974-05-13,292.567169,302.888824,0.583458
1974-05-14,295.030670,303.458923,1.295918
1974-05-15,295.860870,301.018341,8.759477
1974-05-16,293.290131,301.472504,1.533942
1974-05-17,292.756012,301.811188,0.000000
1974-05-18,291.764160,303.787415,0.000000
1974-05-19,292.020386,303.923126,0.000000
1974-05-20,293.265289,303.014526,0.000000
1974-05-21,295.400665,301.765961,27.824703
1974-05-22,296.211365,302.397247,1.557906
1974-05-23,295.207428,303.198456,0.434380
1974-05-24,294.498657,303.700867,0.000000
1974-05-25,295.018158,309.422241,1.316630
1974-05-26,295.245575,308.831238,0.000000
1974-05-27,295.510223,310.853668,0.000000
1974-05-28,297.802460,312.203674,0.000000
1974-05-29,297.303772,312.037018,0.000000
1974-05-30,299.471466,311.429932,0.000000
1974-05-31,296.145569,312.165649,0.000000
1974-06-01,297.709442,310.328217,0.000000
1974-06-02,297.877869,309.860291,0.000000
1974-06-03,296.817749,307.556335,0.559069
1974-06-04,297.128784,307.302917,2.987236
1974-06-05,295.791321,306.542725,0.344220
1974-06-06,296.722809,306.391479,14.817399
1974-06-07,293.578979,298.852264,60.384415
1974-06-08,292.969055,303.112640,0.000000
1974-06-09,293.647339,304.448822,0.000000
1974-06-10,295.094940,305.051453,0.652528
1974-06-11,293.533905,306.602509,0.000000
1974-06-12,296.604492,308.241760,0.765686
1974-06-13,297.477631,310.447510,2.038253
1974-06-14,297.567352,309.887360,0.000000
1974-06-15,296.475189,307.415009,0.000000
1974-06-16,295.571960,307.130432,0.000000
1974-06-17,295.992554,306.997620,0.000000
1974-06-18,296.402100,307.538605,0.000000
1974-06-19,298.142944,307.700562,0.000000
1974-06-20,297.484192,307.589752,0.000000
1974-06-21,296.105774,307.372284,0.000000
1974-06-22,296.428528,308.263153,0.000000
1974-06-23,296.150269,308.896698,0.000000
1974-06-24,299.077179,311.807739,0.000000
1974-06-25,299.395081,311.341003,0.000000
1974-06-26,296.541290,308.972260,0.000000
1974-06-27,297.119843,305.944672,0.000000
1974-06-28,298.365417,306.486115,2.685604
1974-06-29,297.030609,304.285400,3.024645
1974-06-30,296.292603,306.539490,11.345181
1974-07-01,296.953949,305.942108,18.163908
1974-07-02,297.114532,306.621521,6.618594
1974-07-03,297.251953,306.776703,0.776391
1974-07-04,297.190613,306.917938,2.699738
1974-07-05,296.651855,302.838501,5.487039
1974-07-06,295.736420,300.322845,16.481209
1974-07-07,296.145203,301.551056,4.749389
1974-07-08,296.259155,305.200989,1.320282
1974-07-09,296.708801,305.167023,0.000000
1974-07-10,295.968964,304.445648,12.267673
1974-07-11,297.850189,304.732117,11.552744
1974-07-12,297.434662,305.058319,1.112452
1974-07-13,298.447205,305.082947,0.889928
1974-07-14,296.618988,302.091553,7.819094
1974-07-15,297.373077,300.398499,28.543459
1974-07-16,293.770966,304.803253,23.106438
1974-07-17,295.032166,306.000824,0.000000
1974-07-18,296.359467,304.558777,3.671059
1974-07-19,296.502258,304.665649,0.000000
1974-07-20,297.365234,303.047607,0.000000
1974-07-21,294.164459,300.325989,8.918818
1974-07-22,296.383484,302.840515,6.703128
1974-07-23,295.638184,304.054474,1.049677
1974-07-24,296.262115,303.754303,1.557488
1974-07-25,295.671356,304.272034,3.874322
1974-07-26,295.386780,304.337708,1.033841
1974-07-27,295.038391,305.828186,0.000000
1974-07-28,296.088867,306.578003,1.724583
1974-07-29,295.884796,305.870300,6.455116
1974-07-30,295.100067,308.266602,0.000000
1974-07-31,295.715576,309.805695,0.337377
1974-08-01,297.675598,311.136749,0.000000
1974-08-02,300.129791,311.755920,0.000000
1974-08-03,297.804413,311.905701,0.000000
1974-08-04,296.098297,311.469910,0.000000
1974-08-05,297.090057,309.576355,0.000000
1974-08-06,298.038513,309.609161,0.739583
1974-08-07,298.609528,309.695129,0.000000
1974-08-08,297.466034,307.739380,0.555838
1974-08-09,296.900452,306.131470,3.385081
1974-08-10,296.660431,308.705536,0.000000
1974-08-11,296.337067,308.806580,0.000000
1974-08-12,296.351990,308.786804,0.000000
1974-08-13,294.862152,308.190826,3.959239
1974-08-14,296.890198,305.462280,1.666093
1974-08-15,296.218994,306.729523,0.000000
1974-08-16,296.521576,306.438934,0.565859
1974-08-17,295.031860,308.117004,0.000000
1974-08-18,295.271729,307.875336,0.000000
1974-08-19,295.413177,307.032654,0.000000
1974-08-20,297.284485,306.566528,0.000000
1974-08-21,297.458740,307.209808,0.000000
1974-08-22,297.420105,309.835571,0.000000
1974-08-23,298.115326,309.591797,0.548064
1974-08-24,297.109711,309.682892,0.000000
1974-08-25,297.739014,308.323364,0.000000
1974-08-26,295.724152,309.056976,0.000000
1974-08-27,296.993225,309.739075,0.000000
1974-08-28,296.392822,309.655853,0.000000
1974-08-29,294.274353,308.794159,0.000000
1974-08-30,294.452454,307.552094,0.000000
1974-08-31,295.319550,306.225922,0.000000
1974-09-01,294.021606,305.843231,0.000000
1974-09-02,295.443756,306.695923,0.000000
1974-09-03,295.013031,306.873718,0.000000
1974-09-04,296.091583,308.349121,0.000000
1974-09-05,297.740448,310.338501,0.000000
1974-09-06,298.328613,311.170959,0.000000
1974-09-07,298.459167,310.637878,0.000000
1974-09-08,298.093353,310.200287,0.000000
1974-09-09,297.412354,309.101685,0.000000
1974-09-10,297.289825,307.750916,0.000000
1974-09-11,296.632965,306.231018,0.000000
1974-09-12,295.345276,305.316345,0.000000
1974-09-13,294.835236,306.085938,0.000000
1974-09-14,295.527985,306.336304,0.000000
1974-09-15,295.410156,307.175446,0.000000
1974-09-16,294.730103,306.773865,0.000000
1974-09-17,293.689148,307.000702,0.000000
1974-09-18,293.300262,308.747559,0.000000
1974-09-19,296.549133,309.007050,0.000000
1974-09-20,296.462128,310.115204,0.000000
1974-09-21,295.102234,309.389709,0.000000
1974-09-22,297.068726,307.076660,0.000000
1974-09-23,295.399170,305.372284,0.000000
1974-09-24,296.085327,304.842926,0.000000
1974-09-25,294.336426,306.113464,0.655886
1974-09-26,293.685791,305.427490,4.381962
1974-09-27,294.578613,304.966553,9.638865
1974-09-28,294.480774,304.087921,7.952460
1974-09-29,293.483276,301.840790,14.999255
1974-09-30,293.986969,300.950409,1.034135
1974-10-01,292.326660,300.745331,0.000000
1974-10-02,289.325836,302.269318,0.000000
1974-10-03,290.679413,303.660645,4.590260
1974-10-04,291.476440,300.244507,52.946835
1974-10-05,287.422913,297.764557,19.501566
1974-10-06,287.514557,294.817108,19.777294
1974-10-07,285.009796,294.105927,0.000000
1974-10-08,290.165253,301.123230,0.000000
1974-10-09,290.114502,300.400024,0.000000
1974-10-10,289.801666,297.392212,13.627653
1974-10-11,293.322021,296.562927,34.037033
1974-10-12,292.134125,298.988892,16.264713
1974-10-13,282.189026,298.033020,9.674832
1974-10-14,280.004059,292.562012,0.000000
1974-10-15,281.551727,295.146637,0.000000
1974-10-16,283.350250,298.511566,0.000000
1974-10-17,285.750153,302.251282,0.000000
1974-10-18,287.994080,302.482361,0.000000
1974-10-19,288.995636,304.964386,0.000000
1974-10-20,290.114105,305.742737,0.000000
1974-10-21,289.553436,305.021301,0.000000
1974-10-22,288.641937,303.902985,0.000000
1974-10-23,289.751984,302.850159,0.000000
1974-10-24,288.261292,304.034637,0.000000
1974-10-25,288.755066,303.459320,0.000000
1974-10-26,289.678864,302.054321,0.654637
1974-10-27,290.069397,298.956635,16.508953
1974-10-28,285.908295,297.481476,0.582045
1974-10-29,285.010529,298.178345,0.000000
1974-10-30,286.136963,298.810181,0.000000
1974-10-31,286.694305,299.159424,0.000000
1974-11-01,285.754364,300.479828,0.000000
1974-11-02,287.686157,299.915070,0.000000
1974-11-03,284.406219,296.218414,0.000000
1974-11-04,282.426666,297.574280,0.000000
1974-11-05,283.017334,299.587097,0.000000
1974-11-06,283.225861,301.460297,0.000000
1974-11-07,285.377014,301.052246,0.000000
1974-11-08,282.025330,298.860840,0.000000
1974-11-09,282.794464,300.484589,0.000000
1974-11-10,284.828949,302.954376,0.000000
1974-11-11,285.457062,304.020355,0.000000
1974-11-12,288.481995,303.681671,0.000000
1974-11-13,290.182495,302.953217,0.000000
1974-11-14,289.695770,298.484497,7.891330
1974-11-15,280.665588,296.362335,0.000000
1974-11-16,276.792389,293.850983,0.000000
1974-11-17,280.782288,297.854706,0.000000
1974-11-18,280.633789,296.480133,0.000000
1974-11-19,283.777802,301.465698,0.000000
1974-11-20,287.303619,302.209717,0.000000
1974-11-21,288.683960,301.628479,0.000000
1974-11-22,288.558746,298.590271,1.498731
1974-11-23,286.332123,298.173126,9.856849
1974-11-24,282.194000,294.295685,0.000000
1974-11-25,281.563904,290.237579,0.621195
1974-11-26,285.174683,290.223694,20.705784
1974-11-27,283.934143,293.211975,0.000000
1974-11-28,282.845184,295.352966,0.000000
1974-11-29,282.698029,294.251953,0.000000
1974-11-30,286.427521,299.650055,0.000000
1974-12-01,277.195435,297.032990,0.000000
1974-12-02,276.697144,298.166107,0.000000
1974-12-03,284.043549,300.651459,0.000000
1974-12-04,284.904938,299.403503,0.000000
1974-12-05,275.153198,293.531525,0.457919
1974-12-06,271.138550,289.897919,0.000000
1974-12-07,274.418213,293.108215,0.000000
1974-12-08,275.771088,295.634216,0.000000
1974-12-09,280.164124,297.507690,0.000000
1974-12-10,284.586853,297.776733,0.000000
1974-12-11,284.394562,302.051117,0.000000
1974-12-12,286.175354,303.749115,0.000000
1974-12-13,287.681091,300.835938,0.000000
1974-12-14,281.948242,298.752808,0.697147
1974-12-15,277.806671,291.276306,0.000000
1974-12-16,276.254181,289.897949,3.401476
1974-12-17,276.634064,286.434387,48.736042
1974-12-18,279.397797,288.050659,31.021893
1974-12-19,277.635010,287.609894,30.583189
1974-12-20,275.565155,287.861938,4.665566
1974-12-21,273.679047,286.055969,0.000000
1974-12-22,275.597626,290.072601,0.000000
1974-12-23,279.474365,290.788330,0.000000
1974-12-24,283.920868,290.510406,0.000000
1974-12-25,284.582855,290.220428,0.000000
1974-12-26,284.897980,297.728516,0.000000
1974-12-27,286.310120,298.266754,0.000000
1974-12-28,288.531921,297.878784,0.000000
1974-12-29,277.174713,294.188660,0.000000
1974-12-30,275.758514,291.544403,0.000000
1974-12-31,280.929749,296.048431,1.663136
1975-01-01,282.294861,293.161865,2.528877
1975-01-02,273.724854,289.840729,5.966078
1975-01-03,272.066467,281.974274,0.000000
1975-01-04,273.278290,285.856323,0.000000
1975-01-05,277.742004,289.392151,1.044020
1975-01-06,278.888763,288.791077,0.000000
1975-01-07,280.015533,298.088837,0.459984
1975-01-08,287.212982,296.115234,0.000000
1975-01-09,281.845703,293.631104,0.000000
1975-01-10,282.410889,293.705200,0.920827
1975-01-11,276.896515,290.978180,0.000000
1975-01-12,280.858734,295.590118,0.639289
1975-01-13,276.035431,294.065094,0.000000
1975-01-14,277.905029,287.715088,0.000000
1975-01-15,280.412781,292.517975,0.000000
1975-01-16,285.825470,295.218323,2.686013
1975-01-17,287.307007,295.641541,2.239547
1975-01-18,288.176941,295.278564,3.535730
1975-01-19,287.265930,296.771149,0.000000
1975-01-20,282.584198,295.311584,0.000000
1975-01-21,275.113800,291.702179,0.281485
1975-01-22,274.760559,286.859161,0.000000
1975-01-23,279.786774,287.458099,0.000000
1975-01-24,278.711578,287.187256,0.000000
1975-01-25,272.342712,285.364014,0.000000
1975-01-26,273.949921,289.142639,0.000000
1975-01-27,276.212585,289.558258,0.000000
1975-01-28,271.491791,287.773956,0.000000
1975-01-29,266.172058,277.679779,0.618309
1975-01-30,264.623047,272.971252,1.915002
1975-01-31,262.956573,269.364136,0.000000
1975-02-01,265.364136,273.020996,0.000000
1975-02-02,266.431824,276.845764,0.000000
1975-02-03,271.487091,285.601593,0.000000
1975-02-04,278.490875,287.987701,3.657985
1975-02-05,275.480682,287.543976,8.603877
1975-02-06,279.353821,283.755798,4.262529
1975-02-07,276.998169,287.943939,2.906520
1975-02-08,278.939850,288.938599,0.000000
1975-02-09,277.476166,286.997894,0.000000
1975-02-10,279.357086,286.035370,0.000000
1975-02-11,279.773834,293.765808,0.345448
1975-02-12,278.360504,292.397644,0.400241
1975-02-13,273.525513,288.095001,0.000000
1975-02-14,275.611206,291.133850,0.000000
1975-02-15,277.083893,291.964264,0.000000
1975-02-16,278.345215,294.618805,0.000000
1975-02-17,283.664795,293.643585,28.925884
1975-02-18,280.212036,290.410278,7.156352
1975-02-19,278.031250,286.987061,0.000000
1975-02-20,277.142670,290.343292,0.000000
1975-02-21,280.599884,290.517700,0.000000
1975-02-22,283.925507,296.417755,0.873506
1975-02-23,281.035583,295.106903,0.000000
1975-02-24,280.590729,292.578674,0.000000
1975-02-25,281.495819,289.532135,0.000000
1975-02-26,280.486725,288.687836,8.002707
1975-02-27,283.046600,290.344574,0.000000
1975-02-28,284.634033,292.186676,0.000000
1975-03-01,283.839478,291.871857,2.031209
1975-03-02,282.133972,289.912415,3.862089
1975-03-03,280.536804,289.714752,0.000000
1975-03-04,268.702698,286.093781,0.000000
1975-03-05,270.384125,294.957489,0.000000
1975-03-06,277.376221,299.748444,0.000000
1975-03-07,287.695953,303.472321,1.892519
1975-03-08,285.078430,303.111603,0.000000
1975-03-09,287.280029,299.432434,0.000000
1975-03-10,281.654663,296.886383,0.000000
1975-03-11,281.795105,298.754578,0.000000
1975-03-12,285.936432,299.332123,1.824384
1975-03-13,282.784637,297.853210,0.000000
1975-03-14,285.388062,295.185181,0.908876
1975-03-15,290.423279,298.586700,4.565177
1975-03-16,287.999847,293.229248,7.977653
1975-03-17,285.668274,292.633057,0.000000
1975-03-18,289.370514,293.847137,3.315313
1975-03-19,289.436035,294.673492,0.612140
1975-03-20,290.435120,294.499786,3.126615
1975-03-21,285.760956,294.415070,1.818886
1975-03-22,276.716248,292.024933,0.000000
1975-03-23,278.645782,289.519226,0.000000
1975-03-24,279.969238,287.883087,13.192898
1975-03-25,280.496735,291.356018,7.321519
1975-03-26,274.874512,290.369751,0.000000
1975-03-27,277.261383,294.514038,0.000000
1975-03-28,279.971191,296.217163,0.000000
1975-03-29,281.629303,295.343719,0.000000
1975-03-30,281.751160,296.045258,0.000000
1975-03-31,281.517212,298.990997,0.000000
1975-04-01,283.056183,303.948425,0.000000
1975-04-02,291.222900,303.830505,0.000000
1975-04-03,287.205170,300.360809,0.767388
1975-04-04,287.264160,293.325195,0.000000
1975-04-05,289.242279,294.326874,0.422523
1975-04-06,289.840698,293.809723,0.000000
1975-04-07,290.288330,299.798676,0.000000
1975-04-08,286.288116,299.258118,4.179445
1975-04-09,289.336914,299.379211,15.441216
1975-04-10,291.505554,299.904846,0.000000
1975-04-11,285.501190,295.657806,2.017112
1975-04-12,281.528168,291.492920,15.752505
1975-04-13,277.605804,281.893616,0.000000
1975-04-14,278.478119,284.907043,0.000000
1975-04-15,278.703583,288.704620,0.000000
1975-04-16,284.193481,291.484955,2.071855
1975-04-17,288.447968,295.591797,0.000000
1975-04-18,291.165497,294.243042,31.328062
1975-04-19,291.662323,298.772644,34.170223
1975-04-20,285.340454,299.195190,0.000000
1975-04-21,282.048798,293.841492,0.000000
1975-04-22,280.949219,294.365723,0.000000
1975-04-23,283.614868,297.431305,0.000000
1975-04-24,285.778870,301.081970,0.000000
1975-04-25,286.413452,303.441681,0.000000
1975-04-26,286.479340,302.946106,0.000000
1975-04-27,287.020386,303.887268,0.000000
1975-04-28,287.889465,305.512878,0.000000
1975-04-29,288.278564,306.714935,0.000000
1975-04-30,290.422516,306.468872,0.000000
1975-05-01,291.078278,302.379364,1.124559
1975-05-02,290.858795,301.035370,9.697252
1975-05-03,291.889587,299.674255,19.679806
1975-05-04,292.079254,295.893768,8.434060
1975-05-05,288.604095,297.868256,19.415310
1975-05-06,284.965546,307.317596,0.698114
1975-05-07,289.990784,310.238068,0.000000
1975-05-08,290.416016,309.137451,0.000000
1975-05-09,293.632965,305.890533,0.000000
1975-05-10,294.349884,304.295013,0.518218
1975-05-11,290.586639,302.608154,0.000000
1975-05-12,294.844330,304.492157,0.000000
1975-05-13,295.115265,306.132812,0.430350
1975-05-14,294.421234,307.203339,0.000000
1975-05-15,293.756195,307.177948,0.000000
1975-05-16,292.671417,305.824127,0.000000
1975-05-17,292.172791,305.365082,0.334598
1975-05-18,293.149597,303.557068,0.000000
1975-05-19,290.431458,305.714355,0.000000
1975-05-20,292.604614,307.118958,0.000000
1975-05-21,292.348724,307.193207,0.000000
1975-05-22,292.196259,306.322601,0.000000
1975-05-23,292.074005,305.354218,0.000000
1975-05-24,292.510162,304.290436,4.656117
1975-05-25,292.340576,303.958008,6.466323
1975-05-26,292.368713,305.081085,0.000000
1975-05-27,292.380646,306.029846,0.000000
1975-05-28,294.751495,305.915558,0.000000
1975-05-29,295.526062,304.320831,0.000000
1975-05-30,296.302551,303.804138,0.000000
1975-05-31,295.399048,304.533051,1.378329
1975-06-01,295.393921,304.658051,4.912802
1975-06-02,293.421295,305.553802,0.000000
1975-06-03,292.134857,305.696320,0.000000
1975-06-04,291.594971,305.790863,0.000000
1975-06-05,293.512115,304.788940,5.596210
1975-06-06,296.799133,301.710754,21.701096
1975-06-07,296.052368,304.669983,2.790244
1975-06-08,295.944824,305.430756,10.527341
1975-06-09,293.991302,303.454742,9.638823
1975-06-10,292.169983,304.688721,21.602390
1975-06-11,294.274963,304.368622,2.020973
1975-06-12,292.619598,308.462067,0.000000
1975-06-13,293.497101,308.624146,0.000000
1975-06-14,293.989441,307.859955,0.000000
1975-06-15,294.119812,303.548096,3.476991
1975-06-16,295.397522,306.033752,2.329170
1975-06-17,295.454926,308.440887,0.000000
1975-06-18,296.013855,308.906891,1.780721
1975-06-19,295.233734,308.953827,0.000000
1975-06-20,294.724213,308.050751,0.000000
1975-06-21,295.453064,306.306244,0.470326
1975-06-22,294.966614,299.877380,44.626175
1975-06-23,295.260559,297.473267,48.532413
1975-06-24,294.091614,295.387939,39.295296
1975-06-25,295.344391,303.917114,32.725021
1975-06-26,295.753082,300.430847,0.000000
1975-06-27,295.728058,302.231140,2.234707
1975-06-28,294.451385,305.380981,0.574382
1975-06-29,293.982422,304.855316,0.000000
1975-06-30,292.723206,305.491058,0.000000
1975-07-01,293.529175,304.533386,0.000000
1975-07-02,294.384766,302.599579,1.560270
1975-07-03,292.504547,306.418213,0.000000
1975-07-04,291.458344,306.821655,0.000000
1975-07-05,291.886597,306.672150,3.864492
1975-07-06,295.394745,306.730255,0.000000
1975-07-07,296.363159,307.386322,3.619576
1975-07-08,295.076904,306.098419,0.000000
1975-07-09,295.261078,304.718994,2.832961
1975-07-10,296.625397,305.244171,6.031237
1975-07-11,296.751923,303.760681,0.000000
1975-07-12,296.181854,309.280609,6.239681
1975-07-13,296.488647,309.583710,1.662228
1975-07-14,295.549652,308.465179,0.000000
1975-07-15,295.437653,308.271240,0.000000
1975-07-16,295.330994,307.712921,0.000000
1975-07-17,293.967529,309.450073,0.000000
1975-07-18,294.138458,309.277893,0.000000
1975-07-19,296.799591,309.398956,0.000000
1975-07-20,296.096802,308.881348,0.000000
1975-07-21,294.891266,307.028748,0.000000
1975-07-22,294.619720,307.336670,0.000000
1975-07-23,294.219788,306.515594,3.610872
1975-07-24,296.204285,306.880676,17.223145
1975-07-25,296.222900,302.833435,4.342666
1975-07-26,294.477203,306.213104,0.000000
1975-07-27,294.914948,308.789642,0.792194
1975-07-28,294.544342,308.979614,0.837403
1975-07-29,293.360840,308.116699,1.012468
1975-07-30,293.892365,308.232697,0.000000
1975-07-31,294.689331,308.337921,0.000000
1975-08-01,296.471710,309.057037,0.000000
1975-08-02,295.789917,311.640747,0.000000
1975-08-03,294.984314,311.428558,0.000000
1975-08-04,294.710205,310.276886,0.000000
1975-08-05,294.912323,310.677826,0.000000
1975-08-06,296.531830,312.328949,0.000000
1975-08-07,297.895844,312.127594,0.000000
1975-08-08,296.691132,311.830261,0.000000
1975-08-09,296.217865,311.505890,0.000000
1975-08-10,295.843323,311.068726,0.590211
1975-08-11,296.050842,310.842651,0.366240
1975-08-12,296.683594,310.667328,0.000000
1975-08-13,296.247681,311.172394,0.000000
1975-08-14,296.500214,310.824493,0.000000
1975-08-15,297.327942,311.430634,0.000000
1975-08-16,298.725037,311.774078,0.000000
1975-08-17,297.805237,311.577911,0.000000
1975-08-18,295.916290,310.812012,0.000000
1975-08-19,295.839661,309.171661,0.000000
1975-08-20,296.689941,307.559448,0.000000
1975-08-21,297.225403,307.712402,0.000000
1975-08-22,297.122498,309.023163,2.936488
1975-08-23,295.106628,309.019836,0.000000
1975-08-24,296.509369,310.451935,0.000000
1975-08-25,295.525543,310.015991,0.000000
1975-08-26,295.847992,310.349792,0.000000
1975-08-27,295.301788,309.801880,0.307068
1975-08-28,295.908691,309.754242,0.000000
1975-08-29,295.147552,309.110565,8.791943
1975-08-30,295.348175,306.931335,0.000000
1975-08-31,293.494751,307.002258,0.000000
1975-09-01,294.618256,306.925049,0.000000
1975-09-02,293.538086,307.361084,0.000000
1975-09-03,294.361694,307.201630,0.000000
1975-09-04,293.661163,306.642212,0.782945
1975-09-05,293.239807,306.038849,0.000000
1975-09-06,293.429901,307.282745,0.000000
1975-09-07,294.045502,307.921570,0.000000
1975-09-08,295.520050,309.054657,0.000000
1975-09-09,295.093903,307.735565,0.716113
1975-09-10,295.687744,305.297272,1.381284
1975-09-11,292.691101,300.532898,31.616798
1975-09-12,294.419067,297.578827,109.698692
1975-09-13,295.424927,303.346893,6.796894
1975-09-14,293.001221,303.247528,0.000000
1975-09-15,294.185547,303.086639,5.220051
1975-09-16,294.352081,302.969116,0.000000
1975-09-17,293.232849,304.566437,0.000000
1975-09-18,291.372894,304.203735,0.000000
1975-09-19,290.755371,304.293915,1.682961
1975-09-20,290.693481,303.267944,0.000000
1975-09-21,290.934326,302.287994,0.000000
1975-09-22,290.513275,303.430878,0.000000
1975-09-23,291.317291,304.723236,0.000000
1975-09-24,294.091675,304.598724,10.276664
1975-09-25,293.484924,304.129547,13.656417
1975-09-26,288.957458,299.769958,0.000000
1975-09-27,286.223663,299.923157,0.000000
1975-09-28,286.825867,303.912994,0.000000
1975-09-29,290.678497,303.886230,0.000000
1975-09-30,286.060638,302.156464,0.000000
1975-10-01,284.784729,300.734619,0.000000
1975-10-02,286.647980,300.972870,0.000000
1975-10-03,287.699280,302.697601,0.000000
1975-10-04,287.798859,304.421570,0.000000
1975-10-05,289.303040,306.417908,0.000000
1975-10-06,290.760437,306.440491,0.000000
1975-10-07,289.997742,305.920654,0.000000
1975-10-08,287.615356,302.265564,0.000000
1975-10-09,288.236298,303.702728,0.000000
1975-10-10,290.385101,303.714935,0.288712
1975-10-11,289.364777,302.063324,12.264038
1975-10-12,287.581299,299.768860,0.000000
1975-10-13,287.108734,302.297577,0.000000
1975-10-14,287.693298,303.467987,0.000000
1975-10-15,289.617188,302.682251,0.000000
1975-10-16,289.661743,304.689209,0.000000
1975-10-17,290.366669,304.458862,0.000000
1975-10-18,289.348877,303.282776,0.000000
1975-10-19,286.391907,298.997803,0.000000
1975-10-20,286.689362,299.927246,0.000000
1975-10-21,286.140381,301.050568,0.000000
1975-10-22,286.957581,303.337158,0.000000
1975-10-23,287.744263,304.249390,0.000000
1975-10-24,288.254822,305.144440,0.000000
1975-10-25,288.757812,305.937103,0.000000
1975-10-26,290.917572,304.984894,0.993320
1975-10-27,281.685364,299.388367,7.881907
1975-10-28,279.612488,287.528351,40.889557
1975-10-29,275.821381,285.496155,1.025985
1975-10-30,277.782623,288.306183,0.000000
1975-10-31,280.240021,290.665405,0.000000
1975-11-01,280.564056,293.368378,0.000000
1975-11-02,282.578522,295.219604,0.000000
1975-11-03,281.872070,295.932556,0.000000
1975-11-04,281.670990,294.934906,0.000000
1975-11-05,283.463501,294.111877,0.000000
1975-11-06,280.017822,296.992706,0.000000
1975-11-07,285.065887,297.233032,0.000000
1975-11-08,289.771393,297.657837,13.028503
1975-11-09,283.748016,294.117706,0.000000
1975-11-10,278.921600,292.477753,0.000000
1975-11-11,278.909760,294.831085,0.000000
1975-11-12,287.858459,297.313507,4.948447
1975-11-13,284.976044,297.007202,0.398109
1975-11-14,280.213898,291.061340,0.739469
1975-11-15,285.379669,298.652954,3.925812
1975-11-16,285.709106,298.052155,0.833093
1975-11-17,278.780396,291.525146,0.000000
1975-11-18,276.520599,288.664703,0.000000
1975-11-19,275.177887,288.065186,0.000000
1975-11-20,279.436462,291.369812,0.000000
1975-11-21,286.364471,295.088226,0.000000
1975-11-22,281.468353,295.703735,0.000000
1975-11-23,288.208801,294.872772,18.400253
1975-11-24,284.670654,294.933655,2.841488
1975-11-25,280.391876,291.727234,0.000000
1975-11-26,276.951080,283.860077,0.449693
1975-11-27,279.536407,291.018494,2.163783
1975-11-28,285.388641,295.283844,4.266470
1975-11-29,280.529724,291.753601,0.000000
1975-11-30,282.448853,290.156219,0.532802
1975-12-01,280.691254,289.841949,0.000000
1975-12-02,276.990173,288.948914,0.000000
1975-12-03,276.608734,292.780487,0.000000
1975-12-04,278.276703,296.696564,0.000000
1975-12-05,281.172180,295.612640,0.000000
1975-12-06,280.355835,296.606018,0.000000
1975-12-07,279.731354,296.111572,0.000000
1975-12-08,279.977722,299.158142,0.000000
1975-12-09,283.024628,302.367889,0.000000
1975-12-10,284.274841,300.113983,0.000000
1975-12-11,278.331726,295.686096,0.000000
1975-12-12,283.929260,297.777130,0.000000
1975-12-13,287.700409,296.820435,0.000000
1975-12-14,286.902618,298.575348,0.000000
1975-12-15,287.294098,297.862976,1.402141
1975-12-16,282.480713,295.363403,0.000000
1975-12-17,280.340942,298.005859,0.000000
1975-12-18,281.889130,300.370636,0.000000
1975-12-19,284.010406,298.594025,0.000000
1975-12-20,277.353241,289.918457,0.000000
1975-12-21,277.939697,289.558807,0.000000
1975-12-22,276.116608,292.319122,0.000000
1975-12-23,279.165802,290.662323,0.000000
1975-12-24,279.146667,293.705353,0.000000
1975-12-25,286.575958,295.743256,1.809249
1975-12-26,281.594055,294.539490,0.000000
1975-12-27,274.022705,290.439667,0.000000
1975-12-28,276.115143,287.252045,0.000000
1975-12-29,278.259674,287.959473,0.000000
1975-12-30,271.785950,287.960327,0.000000
1975-12-31,273.382355,292.295166,0.000000
1976-01-01,279.255646,299.959290,0.000000
1976-01-02,286.651611,300.178101,0.000000
1976-01-03,286.732147,301.892517,0.000000
1976-01-04,288.899353,302.907593,0.000000
1976-01-05,289.481689,303.352783,0.000000
1976-01-06,289.178284,302.489441,0.000000
1976-01-07,286.861664,303.498383,0.000000
1976-01-08,285.287109,302.231018,0.000000
1976-01-09,276.461395,290.994354,0.000000
1976-01-10,276.965698,291.602783,0.000000
1976-01-11,283.777039,292.536926,4.765834
1976-01-12,286.086792,295.058929,3.314372
1976-01-13,278.376709,294.479492,4.586602
1976-01-14,279.947266,294.067932,0.000000
1976-01-15,283.239136,297.130676,0.000000
1976-01-16,284.311188,298.109528,0.932504
1976-01-17,277.663055,296.196350,0.596484
1976-01-18,275.269073,290.673126,0.000000
1976-01-19,276.180511,292.474579,0.000000
1976-01-20,275.263275,290.183136,0.000000
1976-01-21,275.676849,294.192383,0.000000
1976-01-22,277.585632,297.146820,0.000000
1976-01-23,280.571899,296.964203,0.000000
1976-01-24,280.181519,297.419800,0.000000
1976-01-25,283.475250,298.302948,0.000000
1976-01-26,284.093781,297.157471,0.000000
1976-01-27,283.923096,294.281647,0.000000
1976-01-28,284.472931,294.748505,3.623015
1976-01-29,281.804291,297.324371,0.000000
1976-01-30,285.732056,300.115479,0.000000
1976-01-31,287.052795,300.985535,0.000000
1976-02-01,281.070892,297.553223,0.484944
1976-02-02,277.194519,292.642944,0.000000
1976-02-03,280.427124,293.498627,0.000000
1976-02-04,279.081573,291.914917,0.000000
1976-02-05,279.604828,289.542267,0.669606
1976-02-06,286.335083,298.622742,0.000000
1976-02-07,284.322205,299.110199,0.000000
1976-02-08,283.002380,297.579041,0.000000
1976-02-09,267.849060,293.257935,0.000000
1976-02-10,265.586151,286.364441,0.000000
1976-02-11,273.607727,288.427429,0.000000
1976-02-12,270.125183,287.730225,0.000000
1976-02-13,266.391815,275.373566,0.000000
1976-02-14,270.611816,283.435730,0.000000
1976-02-15,279.343994,294.874878,1.879821
1976-02-16,284.320526,293.390442,2.928898
1976-02-17,276.949188,289.862213,0.637016
1976-02-18,276.034088,290.672028,0.000000
1976-02-19,276.551178,292.787109,0.000000
1976-02-20,283.268707,293.008759,1.333162
1976-02-21,285.290405,300.251251,1.427254
1976-02-22,287.361847,303.264740,0.575797
1976-02-23,281.810608,302.330719,0.376118
1976-02-24,282.115143,294.125977,3.512942
1976-02-25,282.337891,290.293182,13.508438
1976-02-26,277.748047,292.389618,4.904874
1976-02-27,273.085022,287.549835,0.000000
1976-02-28,277.199127,287.752350,0.000000
1976-02-29,277.342651,287.375916,0.000000
1976-03-01,277.486145,286.999451,0.000000
1976-03-02,280.560394,287.372803,14.865388
1976-03-03,284.693024,289.413025,34.121998
1976-03-04,283.925964,289.922638,30.433905
1976-03-05,276.931519,281.458405,7.273898
1976-03-06,274.935425,281.564972,0.000000
1976-03-07,273.128235,283.988800,0.000000
1976-03-08,276.835846,283.350494,0.000000
1976-03-09,274.680511,285.518707,0.000000
1976-03-10,283.248840,290.517944,16.749672
1976-03-11,282.530182,288.452118,11.206850
1976-03-12,282.651642,295.235229,2.201135
1976-03-13,288.118469,296.491882,4.996883
1976-03-14,283.266296,297.782806,0.000000
1976-03-15,287.116455,298.547607,0.000000
1976-03-16,287.751770,298.535858,0.580392
1976-03-17,282.963104,295.322601,0.000000
1976-03-18,280.114441,295.846039,0.000000
1976-03-19,284.315369,298.431061,0.000000
1976-03-20,281.325378,298.200317,0.000000
1976-03-21,280.761200,293.079468,0.000000
1976-03-22,282.881470,299.546967,0.000000
1976-03-23,284.318237,299.942810,0.000000
1976-03-24,288.432068,299.977417,0.000000
1976-03-25,290.279816,295.368591,0.000000
1976-03-26,290.729218,295.986877,0.000000
1976-03-27,291.703583,295.878967,0.873036
1976-03-28,292.872589,296.945648,2.857965
1976-03-29,292.758667,296.108643,0.000000
1976-03-30,291.650146,295.860809,1.092039
1976-03-31,292.204834,295.592682,0.000000
1976-04-01,291.207092,295.437988,0.900998
1976-04-02,291.846069,295.112305,11.039075
1976-04-03,288.850586,293.657990,25.146372
1976-04-04,287.292084,292.677612,12.665701
1976-04-05,287.608063,298.880829,0.347400
1976-04-06,287.714203,299.867798,0.000000
1976-04-07,290.611176,302.448273,0.287200
1976-04-08,290.580994,300.737518,1.227783
1976-04-09,288.788147,298.450073,2.813870
1976-04-10,281.535248,298.731171,0.000000
1976-04-11,285.081665,300.959290,0.000000
1976-04-12,286.738892,300.373566,0.000000
1976-04-13,286.680084,299.481293,0.401248
1976-04-14,277.878571,291.360443,0.000000
1976-04-15,278.205994,294.705139,0.000000
1976-04-16,284.331360,300.818481,0.000000
1976-04-17,288.869965,300.927490,0.000000
1976-04-18,290.369568,300.355957,0.000000
1976-04-19,290.093475,299.959869,0.000000
1976-04-20,290.367615,299.445862,0.000000
1976-04-21,292.171326,298.428955,0.000000
1976-04-22,291.469116,297.569672,4.354206
1976-04-23,289.613068,296.378052,3.498857
1976-04-24,287.862244,293.830933,2.809253
1976-04-25,291.812531,295.330902,39.162243
1976-04-26,288.315033,299.707550,6.504458
1976-04-27,287.134369,300.938263,0.000000
1976-04-28,291.832581,300.433685,0.000000
1976-04-29,291.209930,302.024017,0.000000
1976-04-30,289.684967,302.356659,0.579848
1976-05-01,288.284485,292.517792,1.836725
1976-05-02,290.267822,295.822754,30.421799
1976-05-03,292.180634,300.925629,1.816701
1976-05-04,287.170166,304.822479,0.000000
1976-05-05,291.553864,304.377777,0.000000
1976-05-06,284.793854,301.637543,0.000000
1976-05-07,283.637970,300.494873,0.000000
1976-05-08,288.276855,301.298096,0.000000
1976-05-09,285.946381,302.442352,0.000000
1976-05-10,291.212982,304.097229,0.989894
1976-05-11,292.690277,303.647949,0.000000
1976-05-12,294.061279,301.943878,0.000000
1976-05-13,292.212799,294.831421,11.027949
1976-05-14,292.833008,298.131897,8.266386
1976-05-15,291.871216,297.725403,8.353375
1976-05-16,292.941467,298.172974,8.616343
1976-05-17,290.333923,298.827362,1.029945
1976-05-18,288.909576,301.778290,0.000000
1976-05-19,287.960602,303.032196,0.000000
1976-05-20,289.609222,303.172760,0.000000
1976-05-21,293.068848,303.546967,0.000000
1976-05-22,294.710876,303.942474,0.000000
1976-05-23,293.604797,304.214355,13.584689
1976-05-24,292.066742,300.185303,18.349981
1976-05-25,284.578308,305.154755,0.000000
1976-05-26,288.771423,306.081085,0.000000
1976-05-27,291.565582,305.802246,0.000000
1976-05-28,293.120087,303.385193,13.680220
1976-05-29,292.681763,299.594025,19.753017
1976-05-30,291.760712,301.588806,0.522462
1976-05-31,291.220215,304.303741,0.000000
1976-06-01,292.536621,305.694672,0.000000
1976-06-02,293.526825,305.959717,0.635070
1976-06-03,293.688995,306.828156,0.000000
1976-06-04,293.241272,308.225403,0.000000
1976-06-05,292.435059,307.298462,0.000000
1976-06-06,293.560333,307.054077,2.906965
1976-06-07,294.276703,305.335724,0.900849
1976-06-08,292.468018,305.869598,0.000000
1976-06-09,292.805237,305.843933,0.000000
1976-06-10,294.533691,304.733551,6.089977
1976-06-11,295.968201,307.418701,0.000000
1976-06-12,295.689423,308.190308,0.000000
1976-06-13,295.712891,307.388153,0.747095
1976-06-14,295.693329,305.379120,7.970459
1976-06-15,296.136230,302.656128,21.197166
1976-06-16,295.320251,304.407288,2.219970
1976-06-17,294.454010,306.462341,3.085912
1976-06-18,293.243835,304.980957,0.426674
1976-06-19,295.522461,303.419769,0.987781
1976-06-20,295.644562,302.516144,0.000000
1976-06-21,295.174866,302.575989,6.362382
1976-06-22,295.318115,305.708984,4.165826
1976-06-23,296.152985,307.311981,0.000000
1976-06-24,296.382507,307.442688,0.000000
1976-06-25,296.762817,309.453522,0.000000
1976-06-26,297.847748,310.822540,0.000000
1976-06-27,297.501373,311.259460,0.000000
1976-06-28,297.111633,306.624695,1.467567
1976-06-29,296.145508,308.034882,0.000000
1976-06-30,295.822937,308.074219,0.000000
1976-07-01,296.106598,309.622894,0.000000
1976-07-02,296.254639,310.826904,0.000000
1976-07-03,296.936310,311.671173,0.000000
1976-07-04,298.335449,311.330292,2.370604
1976-07-05,296.193207,307.606873,0.000000
1976-07-06,297.322510,308.671631,1.066662
1976-07-07,297.047882,308.640594,1.235110
1976-07-08,297.684296,307.512390,4.017902
1976-07-09,297.942200,309.275909,0.000000
1976-07-10,296.245453,309.502045,0.000000
1976-07-11,295.263733,305.879578,0.000000
1976-07-12,295.897125,305.768372,1.326173
1976-07-13,296.059387,309.375671,0.000000
1976-07-14,296.419067,311.590332,0.000000
1976-07-15,295.946777,310.656860,0.000000
1976-07-16,295.498688,309.972565,0.000000
1976-07-17,296.197632,309.170319,0.000000
1976-07-18,297.030212,309.270050,0.000000
1976-07-19,296.370239,308.847046,0.000000
1976-07-20,295.149292,308.960724,0.000000
1976-07-21,296.616333,310.978088,0.000000
1976-07-22,297.049438,310.798798,0.000000
1976-07-23,296.051422,310.516632,0.000000
1976-07-24,297.189850,310.188416,0.000000
1976-07-25,298.061218,310.540222,0.000000
1976-07-26,297.000427,310.263153,0.000000
1976-07-27,296.659943,309.510895,0.000000
1976-07-28,296.009857,307.563721,0.000000
1976-07-29,295.644470,306.370331,0.000000
1976-07-30,295.671631,308.651550,0.000000
1976-07-31,295.383667,308.054352,0.000000
1976-08-01,294.830414,306.639984,0.000000
1976-08-02,294.444824,306.283173,0.297414
1976-08-03,295.031433,306.412903,0.740830
1976-08-04,295.085846,307.981384,1.538227
1976-08-05,296.176971,311.044312,1.939080
1976-08-06,296.813904,310.969116,0.000000
1976-08-07,296.905243,310.087463,2.833434
1976-08-08,295.739197,309.412384,0.296883
1976-08-09,295.159119,309.019135,0.000000
1976-08-10,296.279755,309.671997,0.000000
1976-08-11,296.122314,310.859283,1.710868
1976-08-12,296.790771,311.585114,0.000000
1976-08-13,298.225952,312.404602,0.000000
1976-08-14,298.678589,312.721161,0.000000
1976-08-15,297.707123,311.624573,0.000000
1976-08-16,296.212006,310.660767,0.000000
1976-08-17,296.001190,309.694885,0.000000
1976-08-18,296.453278,307.110321,1.798824
1976-08-19,295.430206,309.586029,0.000000
1976-08-20,295.859161,311.157501,0.000000
1976-08-21,299.175140,312.077515,0.000000
1976-08-22,295.990204,311.196198,4.318012
1976-08-23,296.264435,308.087738,3.257219
1976-08-24,295.732971,305.889801,0.361825
1976-08-25,294.929596,307.971466,0.000000
1976-08-26,292.620605,309.827393,0.000000
1976-08-27,294.697876,309.283966,0.000000
1976-08-28,294.843262,306.798492,0.952230
1976-08-29,293.242004,304.322784,1.824982
1976-08-30,296.690125,305.650726,10.770005
1976-08-31,295.244324,304.220215,7.139570
1976-09-01,295.629364,302.598969,2.576390
1976-09-02,294.377258,304.293671,6.371092
1976-09-03,295.170746,311.702881,0.650048
1976-09-04,296.125732,310.696808,2.515511
1976-09-05,290.989899,300.563293,9.248913
1976-09-06,296.972992,303.488800,1.477328
1976-09-07,294.580963,305.824493,0.329370
1976-09-08,294.504028,307.871185,0.000000
1976-09-09,295.007324,307.241333,1.219402
1976-09-10,295.178955,305.003326,12.876726
1976-09-11,295.730347,304.428284,1.234039
1976-09-12,294.242432,306.773895,0.000000
1976-09-13,293.768188,308.818298,0.000000
1976-09-14,295.998260,308.270996,0.000000
1976-09-15,290.718689,305.311066,0.778590
1976-09-16,293.523651,307.171173,0.000000
1976-09-17,295.069916,307.036865,0.397502
1976-09-18,296.064819,305.677765,2.472219
1976-09-19,294.451477,306.794922,0.000000
1976-09-20,294.747498,306.476044,0.000000
1976-09-21,294.666534,305.985352,0.000000
1976-09-22,295.068909,302.949371,3.163111
1976-09-23,295.071503,304.118835,4.339000
1976-09-24,291.776367,303.777954,1.954922
1976-09-25,291.116638,305.664703,0.324474
1976-09-26,292.447235,305.434357,0.000000
1976-09-27,293.079651,305.465729,0.000000
1976-09-28,296.475677,306.609558,0.000000
1976-09-29,295.153870,307.003784,0.000000
1976-09-30,295.095428,306.756622,0.627997
1976-10-01,292.369019,305.408478,4.261764
1976-10-02,287.399872,302.339142,7.480317
1976-10-03,286.742706,298.897278,0.000000
1976-10-04,285.205566,298.841156,0.000000
1976-10-05,286.039215,302.522766,0.000000
1976-10-06,287.351624,302.450470,0.000000
1976-10-07,287.930542,302.339417,0.000000
1976-10-08,292.415192,303.021027,0.424285
1976-10-09,291.422668,303.969849,2.537584
1976-10-10,290.249115,304.531281,0.381563
1976-10-11,290.039703,304.226318,0.373347
1976-10-12,290.717804,303.607056,0.000000
1976-10-13,291.537476,304.277008,0.000000
1976-10-14,290.759125,303.966064,0.000000
1976-10-15,291.394470,302.787354,0.000000
1976-10-16,290.906342,303.025970,0.000000
1976-10-17,291.968323,300.396179,17.786049
1976-10-18,292.663574,298.854065,2.234374
1976-10-19,290.797302,296.953003,9.777752
1976-10-20,290.423004,297.445526,29.750231
1976-10-21,290.224335,297.814575,8.750495
1976-10-22,289.674500,297.339935,24.044277
1976-10-23,291.125977,297.917236,13.999391
1976-10-24,291.828461,299.439392,14.399692
1976-10-25,286.089844,297.026215,39.332806
1976-10-26,281.722290,291.521942,0.000000
1976-10-27,282.419312,293.777863,0.000000
1976-10-28,284.268738,294.938232,3.741622
1976-10-29,289.807251,295.778290,0.000000
1976-10-30,290.801361,297.555786,0.481056
1976-10-31,291.400452,297.683105,0.754499
1976-11-01,292.158539,297.921783,2.297786
1976-11-02,291.758148,298.277283,4.525343
1976-11-03,291.396851,298.025330,5.905128
1976-11-04,285.613281,298.133698,19.260220
1976-11-05,279.892273,291.580597,0.000000
1976-11-06,282.914032,294.429993,0.000000
1976-11-07,288.834625,296.485504,0.000000
1976-11-08,288.273438,297.218353,0.897054
1976-11-09,280.324890,290.741119,0.000000
1976-11-10,278.590820,297.317047,0.000000
1976-11-11,280.901611,297.734467,0.000000
1976-11-12,285.000702,299.612396,0.000000
1976-11-13,284.932709,300.265472,0.000000
1976-11-14,288.497986,301.218292,0.000000
1976-11-15,288.127930,301.815918,0.000000
1976-11-16,284.387756,300.292847,0.918484
1976-11-17,281.669556,289.174194,19.537054
1976-11-18,277.606506,289.101654,0.000000
1976-11-19,278.509033,286.703003,0.000000
1976-11-20,277.279114,292.992371,0.000000
1976-11-21,282.364960,293.602936,0.000000
1976-11-22,277.294220,296.085022,0.000000
1976-11-23,280.556549,295.613495,0.000000
1976-11-24,282.708282,294.117981,0.000000
1976-11-25,277.166016,291.838470,0.000000
1976-11-26,279.733673,293.894653,0.000000
1976-11-27,282.516724,294.739868,0.000000
1976-11-28,282.217651,293.510986,0.000000
1976-11-29,283.900635,296.951782,0.000000
1976-11-30,281.952606,301.917297,0.000000
1976-12-01,282.936981,300.751373,0.000000
1976-12-02,272.595306,287.985229,0.000000
1976-12-03,270.715881,291.915192,0.000000
1976-12-04,273.793121,297.767822,0.000000
1976-12-05,278.226929,300.204803,0.000000
1976-12-06,282.178406,298.400696,0.000000
1976-12-07,282.775024,296.796204,0.000000
1976-12-08,280.961853,297.464600,0.000000
1976-12-09,281.269012,299.396210,0.000000
1976-12-10,285.646149,298.850861,0.000000
1976-12-11,288.231598,296.902618,0.000000
1976-12-12,281.877808,296.598969,0.000000
1976-12-13,277.436157,291.486847,0.000000
1976-12-14,272.998535,285.312073,0.000000
1976-12-15,270.661835,283.279022,0.000000
1976-12-16,271.692535,282.469879,0.000000
1976-12-17,271.493561,286.452209,0.000000
1976-12-18,276.009979,287.116730,0.000000
1976-12-19,279.637207,288.777435,1.367563
1976-12-20,281.093658,290.998413,0.000000
1976-12-21,276.618195,289.855255,0.000000
1976-12-22,272.434357,288.413544,0.000000
1976-12-23,273.478546,291.000061,0.000000
1976-12-24,275.433258,292.917175,0.000000
1976-12-25,275.477570,290.957306,0.000000
1976-12-26,279.943542,289.735535,0.000000
1976-12-27,274.184204,288.182098,0.000000
1976-12-28,270.008606,287.776001,0.000000
1976-12-29,272.609924,292.574524,0.000000
1976-12-30,276.836487,297.853241,0.000000
1976-12-31,281.044800,299.193695,0.000000
1977-01-01,281.872833,299.186066,0.000000
1977-01-02,284.513123,298.631378,0.000000
1977-01-03,283.651123,297.038849,0.000000
1977-01-04,284.997620,294.417480,0.000000
1977-01-05,281.486359,293.404327,2.156386
1977-01-06,273.320892,292.010468,0.000000
1977-01-07,274.325439,289.919159,0.000000
1977-01-08,275.653412,289.431458,1.058908
1977-01-09,267.580811,281.714844,12.433454
1977-01-10,265.828491,272.308319,2.265298
1977-01-11,263.518188,273.029816,0.000000
1977-01-12,270.189789,278.488098,7.091427
1977-01-13,268.588806,281.872894,0.000000
1977-01-14,270.836670,283.983521,0.000000
1977-01-15,271.816559,285.835602,0.000000
1977-01-16,273.778076,288.142517,0.000000
1977-01-17,275.830658,291.356506,0.000000
1977-01-18,279.115540,289.394043,0.000000
1977-01-19,276.126740,294.347229,0.000000
1977-01-20,278.072174,292.946930,0.000000
1977-01-21,277.916656,290.732330,0.000000
1977-01-22,280.003998,288.976532,1.669436
1977-01-23,283.773834,290.907654,15.928650
1977-01-24,278.765900,287.133759,0.373846
1977-01-25,281.227509,293.472626,0.000000
1977-01-26,279.684998,290.286346,3.684949
1977-01-27,274.801544,286.766693,0.000000
1977-01-28,275.555542,291.019409,0.000000
1977-01-29,278.133789,289.528320,0.000000
1977-01-30,275.025818,286.878540,0.000000
1977-01-31,274.629364,290.909424,0.000000
1977-02-01,277.172119,295.560272,0.000000
1977-02-02,278.453888,295.496307,0.000000
1977-02-03,280.532013,298.492493,0.000000
1977-02-04,283.406311,297.731873,0.000000
1977-02-05,279.136383,294.786407,0.000000
1977-02-06,281.954742,294.926056,0.000000
1977-02-07,285.634888,294.312653,0.000000
1977-02-08,283.854584,301.651245,0.000000
1977-02-09,284.353119,299.928864,0.000000
1977-02-10,283.825439,298.510406,0.000000
1977-02-11,286.223907,296.947906,0.000000
1977-02-12,287.016602,300.239777,2.277765
1977-02-13,275.394043,298.336945,0.000000
1977-02-14,272.689056,284.560486,0.000000
1977-02-15,273.047791,289.906036,0.000000
1977-02-16,278.295410,292.499420,0.000000
1977-02-17,283.606354,292.429749,5.441323
1977-02-18,284.456787,291.844910,21.095234
1977-02-19,283.882355,295.103760,2.582753
1977-02-20,278.169739,292.612305,0.000000
1977-02-21,277.241577,292.641052,0.000000
1977-02-22,283.818695,295.170288,0.000000
1977-02-23,282.813202,295.193146,0.000000
1977-02-24,280.306091,292.232452,1.971081
1977-02-25,272.353882,286.583405,0.000000
1977-02-26,275.679108,285.507874,0.000000
1977-02-27,274.280487,288.976776,0.000000
1977-02-28,277.025543,289.464752,0.705630
1977-03-01,280.955627,289.655273,2.448847
1977-03-02,280.500092,288.301239,0.703817
1977-03-03,284.519470,291.473358,30.593166
1977-03-04,284.715271,290.607330,46.022282
1977-03-05,281.248932,288.243286,13.805632
1977-03-06,278.511841,286.320801,0.000000
1977-03-07,279.369141,286.119232,5.321196
1977-03-08,276.722931,286.032623,0.000000
1977-03-09,278.219543,292.153229,0.000000
1977-03-10,281.798401,291.764923,0.000000
1977-03-11,279.678589,291.888947,0.000000
1977-03-12,282.813599,293.166718,0.000000
1977-03-13,284.446594,293.866577,0.000000
1977-03-14,285.853058,293.757965,1.346734
1977-03-15,285.941376,293.419281,11.077553
1977-03-16,287.315308,296.591125,1.307311
1977-03-17,288.938904,295.617279,6.597658
1977-03-18,287.401581,295.896454,8.442092
1977-03-19,283.975311,294.682159,0.000000
1977-03-20,280.936005,292.454315,0.000000
1977-03-21,278.069244,291.091797,0.000000
1977-03-22,280.588684,293.493134,0.000000
1977-03-23,282.213531,294.420868,0.000000
1977-03-24,288.611755,296.656036,42.965672
1977-03-25,285.096741,295.465057,19.488447
1977-03-26,284.363342,292.726898,4.045534
1977-03-27,284.551575,291.107056,0.000000
1977-03-28,281.992157,296.968231,0.000000
1977-03-29,285.414978,302.223083,0.000000
1977-03-30,288.240082,305.128906,0.000000
1977-03-31,286.031128,304.283539,0.000000
1977-04-01,281.569458,298.738556,0.000000
1977-04-02,285.287231,301.838776,0.328821
1977-04-03,285.829224,302.388428,0.000000
1977-04-04,282.410370,298.982758,0.000000
1977-04-05,281.567535,300.529022,0.000000
1977-04-06,285.258911,300.347107,0.000000
1977-04-07,285.088043,302.184387,0.000000
1977-04-08,287.106018,303.201721,0.000000
1977-04-09,288.061432,302.734497,0.000000
1977-04-10,290.048004,299.828979,0.000000
1977-04-11,292.412109,298.764923,0.000000
1977-04-12,287.601929,295.782837,0.629023
1977-04-13,282.722656,293.414673,0.000000
1977-04-14,290.478363,300.920593,0.000000
1977-04-15,287.020416,301.305359,0.000000
1977-04-16,284.578735,290.227783,0.000000
1977-04-17,287.920563,296.118713,0.000000
1977-04-18,286.578705,299.366119,0.000000
1977-04-19,285.248566,302.234680,0.000000
1977-04-20,289.514771,302.070679,0.000000
1977-04-21,290.726105,299.278870,0.000000
1977-04-22,291.908203,302.173309,0.000000
1977-04-23,287.089661,307.126923,0.000000
1977-04-24,288.999939,307.234100,0.824720
1977-04-25,290.420959,307.891541,0.000000
1977-04-26,288.742279,301.212280,16.106607
1977-04-27,286.028961,297.359497,14.770905
1977-04-28,287.610046,298.067993,2.608960
1977-04-29,284.483795,298.268860,0.000000
1977-04-30,283.402405,299.579712,0.000000
1977-05-01,286.031555,303.009369,0.000000
1977-05-02,290.013519,303.187286,0.000000
1977-05-03,290.339661,303.037384,0.000000
1977-05-04,292.160767,305.843964,4.695984
1977-05-05,292.819336,305.952301,0.000000
1977-05-06,293.568848,301.522308,37.165867
1977-05-07,290.003113,305.281677,8.252233
1977-05-08,292.700012,307.466553,6.555249
1977-05-09,293.229889,307.733521,0.000000
1977-05-10,294.756866,306.909271,0.921257
1977-05-11,293.839508,301.435883,0.567677
1977-05-12,292.897461,303.553955,0.000000
1977-05-13,294.493225,308.051331,0.000000
1977-05-14,294.680664,304.972015,6.271661
1977-05-15,294.209198,306.096954,6.176064
1977-05-16,289.722656,304.689972,0.000000
1977-05-17,286.923218,303.409912,0.000000
1977-05-18,289.966309,303.815247,0.000000
1977-05-19,294.903961,302.167755,10.399241
1977-05-20,294.200958,303.012726,0.920941
1977-05-21,293.221893,303.157562,0.000000
1977-05-22,293.687103,304.158447,0.000000
1977-05-23,294.312195,306.500885,1.195183
1977-05-24,294.801025,307.020172,0.290034
1977-05-25,294.517883,305.183838,0.000000
1977-05-26,294.817932,307.034424,0.000000
1977-05-27,295.256409,306.583252,8.308594
1977-05-28,295.033203,300.028534,0.000000
1977-05-29,295.649719,301.014709,5.386462
1977-05-30,292.240112,302.201355,11.729098
1977-05-31,291.261108,299.872955,0.794168
1977-06-01,293.899048,298.651672,26.756088
1977-06-02,291.506836,297.712616,22.989538
1977-06-03,290.238678,299.523315,17.651440
1977-06-04,293.837891,297.086639,19.774900
1977-06-05,293.820526,302.464386,1.174133
1977-06-06,293.171570,301.806213,0.000000
1977-06-07,294.025909,302.677094,0.000000
1977-06-08,293.519409,302.054199,0.798210
1977-06-09,294.468872,302.781158,5.718104
1977-06-10,294.076904,303.886108,1.910110
1977-06-11,294.079163,304.286530,0.000000
1977-06-12,295.631744,306.266388,0.000000
1977-06-13,295.449249,307.634308,8.246457
1977-06-14,294.821106,306.257385,0.000000
1977-06-15,294.449951,303.752228,0.000000
1977-06-16,295.074646,303.029053,5.481866
1977-06-17,295.379364,301.774445,28.220043
1977-06-18,295.721069,301.673309,18.604187
1977-06-19,292.744781,302.829590,20.374443
1977-06-20,294.323486,303.257477,3.067028
1977-06-21,293.786255,304.895538,1.618162
1977-06-22,293.406342,305.870758,0.000000
1977-06-23,294.784088,306.069489,0.000000
1977-06-24,294.713440,306.847198,5.367978
1977-06-25,295.348999,308.168121,0.000000
1977-06-26,295.560303,309.948944,0.000000
1977-06-27,297.341797,309.859070,0.000000
1977-06-28,295.765869,308.549652,0.000000
1977-06-29,295.015289,307.999329,0.000000
1977-06-30,294.796387,307.431763,0.000000
1977-07-01,294.950928,307.891998,0.824426
1977-07-02,294.554291,307.437988,0.000000
1977-07-03,295.144806,306.217072,0.000000
1977-07-04,295.200714,307.807098,0.000000
1977-07-05,296.684021,306.321533,4.247254
1977-07-06,295.339264,303.250732,4.027294
1977-07-07,294.217377,303.802612,1.839525
1977-07-08,294.539368,303.203979,6.400492
1977-07-09,293.546722,300.374756,6.745389
1977-07-10,294.064148,304.892029,0.000000
1977-07-11,295.318176,303.962433,1.717683
1977-07-12,295.178894,300.261292,26.902784
1977-07-13,293.525360,296.670868,152.131439
1977-07-14,294.720123,298.564758,52.398914
1977-07-15,296.494934,303.697632,3.583689
1977-07-16,294.906281,303.257904,22.028109
1977-07-17,295.365662,300.862610,0.000000
1977-07-18,294.893707,300.364258,0.985740
1977-07-19,296.159943,301.843018,13.030844
1977-07-20,295.179718,303.061401,3.047785
1977-07-21,294.912598,301.756012,5.221197
1977-07-22,293.964478,303.478119,0.000000
1977-07-23,293.869720,306.854828,0.000000
1977-07-24,294.932068,307.037720,0.000000
1977-07-25,293.004364,305.939606,10.929078
1977-07-26,296.187897,301.412262,14.349450
1977-07-27,296.420074,302.895294,12.804761
1977-07-28,295.391296,302.690125,8.649172
1977-07-29,294.656281,303.277679,0.000000
1977-07-30,294.205322,305.273560,0.398612
1977-07-31,294.382172,307.216644,0.000000
1977-08-01,294.793213,306.728577,6.738497
1977-08-02,295.491455,306.247681,0.838108
1977-08-03,294.681305,305.131714,0.000000
1977-08-04,293.286316,305.646606,0.300070
1977-08-05,293.869232,307.336121,0.000000
1977-08-06,293.328888,306.612305,0.604334
1977-08-07,292.816650,307.125397,0.000000
1977-08-08,294.785431,306.907440,0.000000
1977-08-09,294.767365,305.793610,4.296885
1977-08-10,295.179291,305.252075,7.249596
1977-08-11,296.029114,303.948517,6.080630
1977-08-12,296.067291,306.771545,6.865475
1977-08-13,294.320007,306.513855,5.896471
1977-08-14,294.087708,307.657745,0.000000
1977-08-15,294.828522,309.638733,0.000000
1977-08-16,295.133606,309.467255,0.000000
1977-08-17,294.803223,309.362671,0.000000
1977-08-18,295.190582,308.677612,0.000000
1977-08-19,296.504791,309.962616,0.000000
1977-08-20,295.688354,309.512543,0.000000
1977-08-21,293.981201,308.836761,0.000000
1977-08-22,294.580627,308.664215,0.000000
1977-08-23,294.627136,308.710297,0.000000
1977-08-24,295.159119,308.188660,1.979713
1977-08-25,295.663452,306.987000,1.338992
1977-08-26,297.277374,306.762085,0.000000
1977-08-27,296.291901,307.439941,0.000000
1977-08-28,296.068909,307.074829,5.419496
1977-08-29,292.530548,305.773102,9.509811
1977-08-30,293.835632,304.844543,0.000000
1977-08-31,294.439331,303.777527,2.449380
1977-09-01,295.494904,305.011505,1.320718
1977-09-02,293.920197,305.276398,2.432371
1977-09-03,293.539398,305.458435,3.970516
1977-09-04,291.856567,305.156494,0.000000
1977-09-05,292.040344,307.187500,0.000000
1977-09-06,293.787567,308.625183,0.700099
1977-09-07,293.949249,308.497375,2.258485
1977-09-08,293.504303,305.467743,0.818778
1977-09-09,291.010925,304.082703,0.000000
1977-09-10,293.766724,305.537231,0.330404
1977-09-11,294.665985,305.014008,1.257536
1977-09-12,293.199585,300.080933,39.877312
1977-09-13,289.320343,299.161011,6.278610
1977-09-14,284.197693,292.215149,0.000000
1977-09-15,282.507751,294.711700,2.530180
1977-09-16,283.627136,297.548615,0.000000
1977-09-17,285.711395,301.541931,0.000000
1977-09-18,289.439392,302.815063,0.000000
1977-09-19,292.396179,304.312927,0.000000
1977-09-20,291.910217,304.323303,0.000000
1977-09-21,290.939636,303.466980,1.887779
1977-09-22,290.410583,303.456757,0.761929
1977-09-23,291.722748,303.902588,8.947537
1977-09-24,290.823486,302.945374,21.404270
1977-09-25,285.152344,297.037140,0.000000
1977-09-26,286.920898,302.777588,0.000000
1977-09-27,286.972504,302.520782,0.000000
1977-09-28,287.716309,303.135620,0.000000
1977-09-29,286.747864,302.049255,0.000000
1977-09-30,284.574554,301.964203,0.000000
1977-10-01,286.419312,303.812866,0.000000
1977-10-02,287.651154,303.362549,0.000000
1977-10-03,289.712494,303.025879,0.000000
1977-10-04,287.152435,304.428680,0.000000
1977-10-05,288.354614,305.329315,0.000000
1977-10-06,287.870422,305.307526,0.000000
1977-10-07,287.630035,304.443390,0.000000
1977-10-08,288.431824,303.774841,0.000000
1977-10-09,291.258148,304.827911,0.000000
1977-10-10,292.128693,305.506439,0.000000
1977-10-11,288.255188,305.350494,1.016485
1977-10-12,285.663239,299.195801,0.000000
1977-10-13,287.225433,299.910797,0.000000
1977-10-14,286.551300,301.052216,0.000000
1977-10-15,287.237213,302.431091,0.000000
1977-10-16,290.024414,301.964294,0.000000
1977-10-17,284.214294,296.385468,0.000000
1977-10-18,283.152100,297.732086,0.000000
1977-10-19,284.152466,299.411926,0.000000
1977-10-20,286.942932,302.955994,0.000000
1977-10-21,286.741150,301.053345,0.000000
1977-10-22,284.574615,298.981323,0.000000
1977-10-23,289.422821,298.324280,3.921918
1977-10-24,289.644745,295.610138,5.678652
1977-10-25,285.745544,295.534058,1.957386
1977-10-26,283.963196,290.430817,1.602710
1977-10-27,281.646851,292.917908,0.000000
1977-10-28,281.817688,294.104980,0.000000
1977-10-29,279.888489,293.599579,0.000000
1977-10-30,282.612946,293.913727,0.000000
1977-10-31,284.230682,292.422485,0.000000
1977-11-01,281.402496,289.115143,0.000000
1977-11-02,278.097778,290.301117,0.000000
1977-11-03,278.091461,290.756989,0.000000
1977-11-04,278.163513,295.347748,0.000000
1977-11-05,280.167145,297.114716,0.000000
1977-11-06,281.229309,299.677338,0.000000
1977-11-07,283.339203,300.136414,0.000000
1977-11-08,286.190002,299.387268,0.000000
1977-11-09,286.719299,301.037018,0.000000
1977-11-10,284.394775,302.653656,0.000000
1977-11-11,287.319061,304.886810,0.000000
1977-11-12,290.985107,304.279266,0.000000
1977-11-13,287.365936,304.041443,0.000000
1977-11-14,279.718872,291.506592,0.000000
1977-11-15,284.930328,297.800171,0.000000
1977-11-16,284.409607,298.358063,0.000000
1977-11-17,281.181549,296.428650,0.000000
1977-11-18,281.535767,300.289734,0.000000
1977-11-19,283.177338,301.894562,0.000000
1977-11-20,285.700165,302.605164,0.000000
1977-11-21,287.541718,303.642365,0.000000
1977-11-22,288.872253,303.776215,0.000000
1977-11-23,284.613647,301.581268,0.000000
1977-11-24,280.640686,298.305969,0.000000
1977-11-25,279.485535,296.712433,0.000000
1977-11-26,284.690460,295.176514,0.000000
1977-11-27,280.403931,293.446472,13.556870
1977-11-28,273.953857,285.059967,31.398941
1977-11-29,273.028168,283.545898,0.280490
1977-11-30,274.051056,285.452423,0.509511
1977-12-01,273.248901,286.180054,0.000000
1977-12-02,273.367462,284.429504,0.000000
1977-12-03,275.299469,283.523651,0.000000
1977-12-04,278.033752,287.497223,0.000000
1977-12-05,277.588470,289.363556,0.000000
1977-12-06,277.486328,293.716248,0.000000
1977-12-07,280.152924,291.740295,0.000000
1977-12-08,284.977875,299.161407,0.331255
1977-12-09,275.018036,296.127350,0.000000
1977-12-10,275.626862,288.052338,0.000000
1977-12-11,276.951141,286.399872,0.000000
1977-12-12,278.696411,286.169189,0.000000
1977-12-13,282.287720,292.951080,1.099335
1977-12-14,287.426208,296.361725,1.989943
1977-12-15,289.027649,296.736725,0.000000
1977-12-16,288.675201,296.239319,0.000000
1977-12-17,286.011627,294.796936,0.000000
1977-12-18,285.214142,292.559509,0.000000
1977-12-19,286.844238,296.020508,4.576915
1977-12-20,284.925079,294.464142,9.279169
1977-12-21,286.050323,292.499542,20.335320
1977-12-22,284.820648,294.127930,0.000000
1977-12-23,278.597290,290.468262,0.000000
1977-12-24,282.100189,290.747406,0.000000
1977-12-25,271.631042,290.318176,0.000000
1977-12-26,270.730103,281.142609,0.000000
1977-12-27,276.367706,289.468384,3.174311
1977-12-28,285.678467,294.528320,0.660542
1977-12-29,288.043182,294.283203,0.558537
1977-12-30,288.558716,294.916534,0.965981
1977-12-31,275.576294,294.718719,3.385828
1978-01-01,274.345154,282.854736,7.983531
1978-01-02,274.693756,280.319183,5.839946
1978-01-03,277.429047,286.655151,0.706421
1978-01-04,277.958435,287.500977,0.000000
1978-01-05,279.964691,288.862152,4.436474
1978-01-06,276.409302,285.273285,2.894746
1978-01-07,272.666565,283.618744,0.000000
1978-01-08,272.594757,286.887360,0.000000
1978-01-09,276.770844,285.957123,16.143406
1978-01-10,278.730072,286.168884,8.989446
1978-01-11,277.603973,286.891876,0.000000
1978-01-12,279.491425,297.023102,0.866356
1978-01-13,273.352417,295.335541,0.822506
1978-01-14,273.343445,288.574738,0.000000
1978-01-15,274.338226,289.319763,0.000000
1978-01-16,277.146942,285.546204,1.781066
1978-01-17,278.447113,286.016479,0.000000
1978-01-18,273.724854,284.511383,0.000000
1978-01-19,272.437042,287.235748,0.000000
1978-01-20,275.493469,286.994385,0.000000
1978-01-21,269.243256,283.942200,1.933364
1978-01-22,269.560333,283.209717,0.000000
1978-01-23,272.352478,286.570770,0.000000
1978-01-24,273.626923,285.808594,0.000000
1978-01-25,274.723053,291.792389,0.000000
1978-01-26,276.368195,293.240692,0.000000
1978-01-27,274.870148,291.658783,0.000000
1978-01-28,277.793121,293.858765,0.000000
1978-01-29,283.058044,299.759918,0.000000
1978-01-30,277.119659,299.222076,0.000000
1978-01-31,277.965912,297.465851,0.000000
1978-02-01,284.562927,299.228058,0.000000
1978-02-02,273.828674,297.511505,0.000000
1978-02-03,275.926605,283.940918,2.370041
1978-02-04,278.379425,289.856903,0.341279
1978-02-05,286.653046,293.623016,0.579922
1978-02-06,288.912628,293.637451,1.403492
1978-02-07,288.990112,294.969788,0.000000
1978-02-08,288.689026,294.291168,0.000000
1978-02-09,288.493622,294.493713,1.347952
1978-02-10,284.678894,295.053192,2.013766
1978-02-11,282.201172,293.546570,1.300310
1978-02-12,285.937775,293.464233,0.341043
1978-02-13,288.284576,294.826385,0.491153
1978-02-14,287.611572,293.695007,0.000000
1978-02-15,287.520630,293.734253,0.000000
1978-02-16,287.779175,294.577087,1.178685
1978-02-17,287.892456,296.447937,2.721478
1978-02-18,289.013336,297.304657,2.512642
1978-02-19,287.771667,296.904266,1.461642
1978-02-20,287.379669,295.009521,0.502004
1978-02-21,286.154480,295.335205,3.561012
1978-02-22,287.992645,297.670837,0.000000
1978-02-23,284.869019,296.948242,0.000000
1978-02-24,285.789307,295.758606,0.000000
1978-02-25,284.789948,294.825500,0.000000
1978-02-26,284.936829,299.687134,0.000000
1978-02-27,282.946320,299.862671,0.000000
1978-02-28,286.223602,302.988983,0.000000
1978-03-01,283.051178,302.343292,0.000000
1978-03-02,282.037109,291.073578,0.000000
1978-03-03,276.882568,291.833679,0.000000
1978-03-04,281.009613,285.074249,6.975529
1978-03-05,278.186035,289.764069,0.000000
1978-03-06,278.357880,291.000519,0.000000
1978-03-07,284.737213,293.878571,3.975060
1978-03-08,282.010345,292.223846,7.889237
1978-03-09,278.172272,292.747833,0.000000
1978-03-10,280.196167,293.510468,0.000000
1978-03-11,279.122894,289.806641,8.101478
1978-03-12,276.283234,281.498016,11.122422
1978-03-13,277.969879,284.697723,12.419342
1978-03-14,284.158356,292.348267,32.254738
1978-03-15,282.102753,287.898895,11.881166
1978-03-16,282.657196,295.435669,2.445149
1978-03-17,282.086853,298.515289,0.000000
1978-03-18,281.069641,296.639587,0.000000
1978-03-19,283.649811,292.717896,0.000000
1978-03-20,285.735901,292.997894,0.000000
1978-03-21,288.001923,295.178131,5.670300
1978-03-22,288.592285,294.595001,2.566496
1978-03-23,289.472443,294.663757,0.921816
1978-03-24,290.178528,295.775696,0.510427
1978-03-25,290.759430,296.158905,0.000000
1978-03-26,291.238098,296.731140,5.709177
1978-03-27,285.488678,295.518585,0.000000
1978-03-28,280.919861,292.200806,0.000000
1978-03-29,277.983459,293.730377,0.000000
1978-03-30,280.740448,299.408630,0.000000
1978-03-31,283.266998,301.356659,0.000000
1978-04-01,285.136444,301.323639,0.000000
1978-04-02,287.800079,301.669312,0.000000
1978-04-03,289.486969,304.217010,0.000000
1978-04-04,291.819794,304.395660,0.000000
1978-04-05,291.036316,306.750092,0.330403
1978-04-06,291.115662,306.968292,0.000000
1978-04-07,289.105957,306.814636,0.000000
1978-04-08,288.285645,298.415375,0.000000
1978-04-09,290.368347,300.101868,1.034061
1978-04-10,291.795624,305.279755,0.000000
1978-04-11,292.422699,304.737030,0.000000
1978-04-12,292.369904,297.361694,0.310021
1978-04-13,286.440063,295.966675,0.316301
1978-04-14,288.922638,297.339081,17.207781
1978-04-15,286.513672,296.740662,13.896519
1978-04-16,286.448853,299.822235,0.317766
1978-04-17,283.857849,299.442810,2.769512
1978-04-18,278.911133,290.108032,0.000000
1978-04-19,281.604584,286.914978,0.000000
1978-04-20,280.459534,292.750488,0.000000
1978-04-21,282.513885,295.201691,0.000000
1978-04-22,286.404907,297.323456,0.000000
1978-04-23,289.655792,299.860413,0.000000
1978-04-24,283.874512,298.961914,0.000000
1978-04-25,284.217285,302.120300,0.000000
1978-04-26,287.859558,301.747070,0.000000
1978-04-27,288.132660,302.104645,0.000000
1978-04-28,289.279205,302.524017,0.000000
1978-04-29,288.590424,302.938263,0.333178
1978-04-30,284.389740,299.945740,0.000000
1978-05-01,282.702209,293.495728,0.000000
1978-05-02,283.126495,298.174194,0.000000
1978-05-03,286.107391,301.009155,0.000000
1978-05-04,290.073700,305.926788,0.000000
1978-05-05,291.352112,305.544617,0.000000
1978-05-06,288.241302,305.981415,0.000000
1978-05-07,291.785522,307.071625,0.287223
1978-05-08,294.803009,307.755554,0.000000
1978-05-09,294.332184,307.891571,0.000000
1978-05-10,290.414948,302.284119,29.132845
1978-05-11,284.423584,295.768158,9.999538
1978-05-12,284.604279,299.195496,0.000000
1978-05-13,285.723022,302.674469,0.000000
1978-05-14,287.965851,302.489105,0.000000
1978-05-15,291.010529,307.352295,0.000000
1978-05-16,293.569031,306.862610,0.000000
1978-05-17,294.091370,306.858368,0.000000
1978-05-18,294.892578,307.025085,0.315054
1978-05-19,294.492035,304.616608,0.000000
1978-05-20,293.561676,305.696594,0.000000
1978-05-21,293.473511,307.002563,0.000000
1978-05-22,295.542236,308.028412,0.000000
1978-05-23,294.175873,307.422760,0.000000
1978-05-24,294.336700,306.661896,0.424299
1978-05-25,296.394470,302.048248,15.419665
1978-05-26,295.896759,302.206177,21.717932
1978-05-27,290.533142,300.566223,9.960523
1978-05-28,292.008423,301.068848,0.000000
1978-05-29,294.685669,302.780853,0.000000
1978-05-30,292.761536,300.180237,1.224861
1978-05-31,294.244690,299.823639,0.455388
1978-06-01,294.512482,301.006226,0.290606
1978-06-02,295.404663,300.967407,7.433370
1978-06-03,293.507477,299.725006,0.292213
1978-06-04,292.223053,296.689636,2.044050
1978-06-05,293.652527,300.816986,0.000000
1978-06-06,293.529449,299.631073,16.520086
1978-06-07,293.850800,302.617493,7.471902
1978-06-08,294.327850,303.536682,0.829852
1978-06-09,294.229034,304.359009,11.700254
1978-06-10,294.044220,305.962189,0.000000
1978-06-11,292.865509,305.773956,0.000000
1978-06-12,292.486420,301.165497,6.430414
1978-06-13,293.164642,302.455078,1.385029
1978-06-14,294.973328,303.121979,0.384240
1978-06-15,293.525604,299.691559,0.000000
1978-06-16,293.570862,300.942139,5.977065
1978-06-17,292.547852,302.553925,3.144363
1978-06-18,293.377106,302.214050,4.184800
1978-06-19,296.472076,303.411926,20.901127
1978-06-20,295.645477,307.613251,1.429470
1978-06-21,296.000366,308.448730,5.385472
1978-06-22,296.023224,308.143463,1.187151
1978-06-23,293.866180,307.286530,0.000000
1978-06-24,292.871521,306.830383,0.000000
1978-06-25,294.020538,306.138794,0.000000
1978-06-26,294.102753,304.316437,0.000000
1978-06-27,293.679840,305.716644,0.000000
1978-06-28,295.234833,305.893799,0.000000
1978-06-29,296.137177,307.360901,0.000000
1978-06-30,295.407013,306.366516,3.513362
1978-07-01,295.694305,307.485992,0.000000
1978-07-02,296.413483,307.306976,0.000000
1978-07-03,295.403473,307.262268,0.000000
1978-07-04,295.497711,308.405212,0.000000
1978-07-05,296.487701,308.417053,0.000000
1978-07-06,295.196625,307.296387,0.000000
1978-07-07,294.825836,307.130310,0.000000
1978-07-08,295.992737,308.298492,0.000000
1978-07-09,296.052612,311.215088,0.000000
1978-07-10,299.133423,311.547668,0.000000
1978-07-11,298.584259,312.186340,0.000000
1978-07-12,296.934021,307.740387,7.961816
1978-07-13,297.501617,306.595856,13.438385
1978-07-14,296.531189,303.196472,23.288927
1978-07-15,295.596466,301.059937,5.724227
1978-07-16,297.299957,300.686127,15.282944
1978-07-17,296.480286,303.306671,0.000000
1978-07-18,295.378418,303.548737,0.000000
1978-07-19,295.262268,303.658234,1.949232
1978-07-20,294.920105,303.755157,1.209028
1978-07-21,295.489441,305.753906,1.920898
1978-07-22,296.077576,305.882660,0.000000
1978-07-23,295.636841,305.918976,3.540958
1978-07-24,297.218018,303.500122,11.229247
1978-07-25,294.502838,300.601074,40.679150
1978-07-26,293.912537,297.481110,5.841860
1978-07-27,296.877960,300.901428,8.522451
1978-07-28,296.128723,302.110687,6.163880
1978-07-29,295.795410,308.379242,2.216336
1978-07-30,294.414581,310.314056,0.000000
1978-07-31,294.081512,309.890259,0.000000
1978-08-01,294.408478,310.378571,0.000000
1978-08-02,295.230652,310.457031,0.000000
1978-08-03,294.697998,310.328888,0.307130
1978-08-04,294.356049,310.368561,0.000000
1978-08-05,295.034424,311.141785,0.000000
1978-08-06,295.621613,311.119232,0.000000
1978-08-07,295.225403,311.244751,0.000000
1978-08-08,295.986725,311.479248,0.000000
1978-08-09,294.872894,311.790558,0.000000
1978-08-10,296.296265,311.644928,0.000000
1978-08-11,297.738892,312.261230,0.000000
1978-08-12,297.838531,311.965302,0.000000
1978-08-13,297.686890,311.324005,0.415402
1978-08-14,297.720764,310.461426,0.000000
1978-08-15,298.096619,310.674011,1.547429
1978-08-16,295.526794,310.150116,0.000000
1978-08-17,295.470581,307.711090,0.000000
1978-08-18,295.978912,307.444214,0.000000
1978-08-19,295.926788,307.830750,0.531824
1978-08-20,295.636230,307.670868,2.469398
1978-08-21,296.601776,306.187073,2.752780
1978-08-22,296.936157,305.959290,10.208336
1978-08-23,298.292694,304.180176,9.161169
1978-08-24,295.839661,305.504547,7.281322
1978-08-25,295.101227,303.898346,3.356503
1978-08-26,295.663757,304.408875,8.688046
1978-08-27,294.353546,305.119385,0.000000
1978-08-28,295.145447,305.732117,1.855248
1978-08-29,291.983826,306.610718,0.000000
1978-08-30,293.954895,305.728821,1.884188
1978-08-31,295.490692,306.490448,0.000000
1978-09-01,297.188232,306.059265,6.769857
1978-09-02,297.273315,308.558014,6.998157
1978-09-03,294.567841,307.032013,6.786354
1978-09-04,288.944733,301.907593,23.741669
1978-09-05,290.131927,302.159576,0.000000
1978-09-06,291.159363,303.064575,0.821678
1978-09-07,294.198303,305.256195,0.000000
1978-09-08,295.394257,305.505402,0.000000
1978-09-09,295.496002,305.013367,3.725455
1978-09-10,295.157227,304.192413,5.144258
1978-09-11,294.091187,304.143951,16.246946
1978-09-12,290.138794,300.869629,0.734827
1978-09-13,288.638611,305.165344,0.000000
1978-09-14,290.459717,307.117249,0.000000
1978-09-15,293.368713,307.267700,0.000000
1978-09-16,294.501068,308.100647,0.000000
1978-09-17,294.187927,307.443878,0.000000
1978-09-18,293.445526,305.514923,0.000000
1978-09-19,291.571228,304.318298,0.000000
1978-09-20,290.039154,306.133911,0.000000
1978-09-21,292.449188,306.131104,2.159409
1978-09-22,294.010223,306.169983,0.000000
1978-09-23,293.491821,306.741302,0.000000
1978-09-24,294.185516,306.263428,0.000000
1978-09-25,294.350861,305.972656,9.718214
1978-09-26,292.818176,299.573883,10.548963
1978-09-27,290.614044,296.752045,18.791119
1978-09-28,281.315338,291.352234,0.000000
1978-09-29,281.695160,291.280609,0.000000
1978-09-30,282.640076,295.241638,0.000000
1978-10-01,283.947205,297.598663,0.000000
1978-10-02,285.428192,301.473175,0.000000
1978-10-03,286.747223,303.352264,0.000000
1978-10-04,288.335144,304.275421,0.000000
1978-10-05,289.104370,305.617432,0.000000
1978-10-06,289.854340,305.636627,0.000000
1978-10-07,291.018372,305.312653,0.000000
1978-10-08,293.141449,304.828979,0.000000
1978-10-09,289.153015,305.157227,0.000000
1978-10-10,289.665466,304.998413,0.000000
1978-10-11,289.346893,304.588409,0.000000
1978-10-12,290.374939,302.717590,0.000000
1978-10-13,289.641693,303.030609,0.000000
1978-10-14,289.987610,302.330780,0.000000
1978-10-15,287.517395,300.819214,0.000000
1978-10-16,287.246155,299.884033,0.000000
1978-10-17,287.509308,299.586914,1.538131
1978-10-18,287.637054,295.804535,12.903152
1978-10-19,283.159973,297.100647,0.000000
1978-10-20,278.243835,289.723175,0.000000
1978-10-21,277.029816,288.809875,0.000000
1978-10-22,276.834900,290.622711,0.000000
1978-10-23,278.694855,292.373718,0.000000
1978-10-24,280.302551,298.028473,0.000000
1978-10-25,283.636292,302.291534,0.000000
1978-10-26,286.538879,302.610657,0.000000
1978-10-27,289.043640,302.497192,0.000000
1978-10-28,290.138000,301.440979,1.054327
1978-10-29,290.499756,302.014252,0.000000
1978-10-30,291.344910,299.875244,0.000000
1978-10-31,288.016724,298.165436,29.378872
1978-11-01,281.190369,290.730194,0.000000
1978-11-02,283.016266,290.021973,0.000000
1978-11-03,287.149811,293.561615,6.215067
1978-11-04,289.838135,299.882202,1.196828
1978-11-05,289.837402,297.723145,6.282712
1978-11-06,283.074158,297.849976,0.000000
1978-11-07,290.629242,298.408386,1.046899
1978-11-08,286.668488,298.365234,19.102577
1978-11-09,270.216888,286.933777,0.718170
1978-11-10,277.382812,283.803467,17.430273
1978-11-11,274.179077,281.203552,2.574973
1978-11-12,276.119446,287.077576,0.000000
1978-11-13,279.392548,288.635162,0.000000
1978-11-14,278.619354,288.324219,25.970142
1978-11-15,284.732208,291.867828,14.947946
1978-11-16,275.906097,286.421295,5.154084
1978-11-17,278.673859,285.834747,0.000000
1978-11-18,276.297211,284.871826,0.904727
1978-11-19,275.003571,287.498932,0.386887
1978-11-20,275.810974,288.437042,0.000000
1978-11-21,274.674164,288.127991,0.000000
1978-11-22,276.094971,288.293701,0.000000
1978-11-23,275.344025,291.930664,0.000000
1978-11-24,276.611755,297.197296,0.000000
1978-11-25,277.683868,297.548859,0.000000
1978-11-26,280.527924,296.407867,0.000000
1978-11-27,279.733002,299.324280,0.000000
1978-11-28,284.339111,297.928680,0.000000
1978-11-29,278.901367,295.086945,0.000000
1978-11-30,275.760590,289.888031,0.000000
1978-12-01,273.930267,296.616455,0.000000
1978-12-02,279.143097,293.839905,0.000000
1978-12-03,273.740082,289.648926,0.000000
1978-12-04,276.628204,288.565979,0.000000
1978-12-05,270.664459,287.654083,0.000000
1978-12-06,273.376190,290.806458,0.000000
1978-12-07,275.261139,293.428253,0.000000
1978-12-08,283.649445,294.528625,0.837694
1978-12-09,287.704651,295.860657,7.437335
1978-12-10,284.644012,295.892883,1.101956
1978-12-11,287.416687,296.155518,10.168221
1978-12-12,280.013794,292.914368,13.187422
1978-12-13,271.819672,281.827484,11.528196
1978-12-14,271.731537,280.721008,7.264144
1978-12-15,263.687866,277.563721,0.000000
1978-12-16,271.441925,280.947510,0.000000
1978-12-17,271.967377,280.085785,0.000000
1978-12-18,270.058350,279.600647,0.000000
1978-12-19,270.336792,279.677643,0.000000
1978-12-20,271.306946,280.973450,0.000000
1978-12-21,272.429382,280.927338,0.000000
1978-12-22,268.167480,279.543304,0.000000
1978-12-23,268.084778,280.756378,0.000000
1978-12-24,270.713959,281.096588,0.000000
1978-12-25,274.255371,287.401733,0.000000
1978-12-26,275.267731,285.849396,0.000000
1978-12-27,273.950012,284.109070,0.000000
1978-12-28,272.966400,282.783752,0.000000
1978-12-29,273.970398,280.968018,0.000000
1978-12-30,271.754089,280.155487,0.000000
1978-12-31,270.821655,278.500275,3.113490
1979-01-01,273.057312,280.494507,1.158827
1979-01-02,275.040894,280.717712,6.110384
1979-01-03,276.744537,283.523895,25.463535
1979-01-04,277.337921,284.123871,10.351170
1979-01-05,278.126984,284.409912,5.860646
1979-01-06,277.488922,284.770355,0.000000
1979-01-07,277.782898,284.667175,0.000000
1979-01-08,275.758972,287.044312,0.000000
1979-01-09,275.338348,290.796387,0.000000
1979-01-10,276.672424,291.483459,0.000000
1979-01-11,276.814758,290.575958,0.000000
1979-01-12,275.377441,288.056671,0.566176
1979-01-13,273.274445,290.615234,0.000000
1979-01-14,269.556335,288.761993,0.000000
1979-01-15,266.143616,273.913177,2.294185
1979-01-16,270.470093,275.392426,10.935367
1979-01-17,272.041321,278.703644,14.365184
1979-01-18,265.166046,278.708130,0.000000
1979-01-19,267.455933,280.189392,0.000000
1979-01-20,270.897278,285.932983,0.000000
1979-01-21,275.537689,289.963226,0.000000
1979-01-22,271.822388,287.926300,0.772638
1979-01-23,269.829468,281.456085,0.000000
1979-01-24,273.273590,288.335022,0.000000
1979-01-25,276.183624,290.311035,0.000000
1979-01-26,276.403168,289.028534,0.000000
1979-01-27,273.501587,286.608948,0.000000
1979-01-28,274.358887,288.905609,0.000000
1979-01-29,275.249695,288.327148,0.000000
1979-01-30,281.294037,288.186310,5.412063
1979-01-31,280.329163,287.898010,32.902897
1979-02-01,274.473022,279.460602,1.940070
1979-02-02,278.903320,282.563782,16.576200
1979-02-03,275.111847,285.612427,0.000000
1979-02-04,276.906403,291.087128,0.000000
1979-02-05,277.249146,289.420624,0.000000
1979-02-06,272.941345,282.171997,0.000000
1979-02-07,273.784973,280.184113,0.000000
1979-02-08,274.003601,278.463501,4.395634
1979-02-09,274.318756,281.475861,1.033421
1979-02-10,275.326447,281.386780,3.369826
1979-02-11,274.358093,279.446777,1.169040
1979-02-12,273.992615,280.357910,0.000000
1979-02-13,274.573212,281.528748,0.000000
1979-02-14,274.814850,282.583923,0.000000
1979-02-15,277.651581,286.553223,5.779995
1979-02-16,279.144928,286.384583,1.646299
1979-02-17,275.466339,285.690643,0.000000
1979-02-18,273.151733,282.671295,0.000000
1979-02-19,276.626801,283.587067,0.000000
1979-02-20,274.985992,283.278595,0.000000
1979-02-21,274.542908,287.034058,12.543463
1979-02-22,277.525116,284.255951,0.805907
1979-02-23,274.668732,287.579376,0.000000
1979-02-24,277.911346,287.006226,0.000000
1979-02-25,277.822235,287.153992,0.842318
1979-02-26,281.570740,288.698303,0.000000
1979-02-27,279.991577,289.002777,0.000000
1979-02-28,279.139923,287.596344,0.423198
1979-03-01,280.640533,290.571625,0.000000
1979-03-02,279.407867,294.826385,0.000000
1979-03-03,280.206055,295.745819,0.000000
1979-03-04,281.225922,298.296143,0.000000
1979-03-05,282.987549,299.131744,0.000000
1979-03-06,283.405701,299.509674,0.000000
1979-03-07,285.435852,299.522858,0.000000
1979-03-08,279.405365,293.612366,0.000000
1979-03-09,280.421814,298.633575,0.000000
1979-03-10,282.810669,300.497437,0.000000
1979-03-11,282.976074,300.413177,0.000000
1979-03-12,286.427551,299.763611,0.000000
1979-03-13,287.665863,292.832947,9.461395
1979-03-14,287.106628,292.387665,8.834273
1979-03-15,284.454773,295.334351,0.000000
1979-03-16,286.371735,299.732788,0.000000
1979-03-17,287.999207,299.308685,0.000000
1979-03-18,288.042206,303.341827,0.304117
1979-03-19,290.031769,302.205902,1.339035
1979-03-20,288.749542,300.295349,0.000000
1979-03-21,288.003052,299.583862,0.000000
1979-03-22,287.797089,297.857178,14.537622
1979-03-23,285.139862,294.541138,19.729000
1979-03-24,280.344879,292.910889,2.064479
1979-03-25,277.906464,295.155334,0.000000
1979-03-26,281.378723,298.718781,0.000000
1979-03-27,283.720001,298.446716,0.000000
1979-03-28,284.240479,299.924622,0.000000
1979-03-29,285.544220,302.545502,0.000000
1979-03-30,287.453369,303.021942,0.000000
1979-03-31,289.051788,303.109192,0.000000
1979-04-01,287.334686,301.665619,0.000000
1979-04-02,288.723328,295.855408,0.000000
1979-04-03,288.995728,299.496887,1.118571
1979-04-04,287.419312,304.044739,0.000000
1979-04-05,288.610962,303.402924,0.000000
1979-04-06,288.083923,300.444366,0.000000
1979-04-07,290.092316,304.040863,0.000000
1979-04-08,290.372162,304.079010,2.264506
1979-04-09,289.209198,299.315002,13.226797
1979-04-10,285.604065,291.818573,10.150192
1979-04-11,279.970581,292.932526,0.000000
1979-04-12,282.328339,301.001984,0.000000
1979-04-13,284.000885,301.553070,0.000000
1979-04-14,287.212250,303.759155,0.000000
1979-04-15,288.058014,304.487885,0.000000
1979-04-16,290.932190,306.723694,0.000000
1979-04-17,290.733673,309.895081,0.000000
1979-04-18,294.938751,309.946350,0.000000
1979-04-19,292.134888,310.133148,0.000000
1979-04-20,292.453766,310.037384,0.588844
1979-04-21,286.746796,302.449463,2.115722
1979-04-22,286.752777,303.454834,0.000000
1979-04-23,291.207184,303.086151,0.000000
1979-04-24,292.849731,300.160980,0.000000
1979-04-25,292.429321,301.948273,2.340724
1979-04-26,291.527191,301.678741,0.803850
1979-04-27,292.213715,300.199249,7.991343
1979-04-28,289.948395,296.789917,27.044727
1979-04-29,283.257111,295.194550,0.000000
1979-04-30,284.091309,299.969971,0.000000
1979-05-01,287.284912,299.707947,0.000000
1979-05-02,291.628876,302.793823,0.000000
1979-05-03,292.454010,302.918945,0.575219
1979-05-04,293.958130,306.000336,2.090919
1979-05-05,292.610657,306.457916,0.000000
1979-05-06,293.196381,306.326385,0.000000
1979-05-07,287.497253,304.842804,0.000000
1979-05-08,289.801910,306.810181,0.000000
1979-05-09,295.419037,304.976379,0.000000
1979-05-10,294.333923,302.239166,5.454357
1979-05-11,293.413940,300.730469,0.000000
1979-05-12,292.126007,302.397614,0.401025
1979-05-13,292.430756,302.394684,0.000000
1979-05-14,293.481445,302.336060,0.637671
1979-05-15,294.094330,303.676941,0.000000
1979-05-16,292.789520,302.934448,0.544344
1979-05-17,293.885590,299.245728,10.422023
1979-05-18,294.587524,298.028900,55.543129
1979-05-19,294.091614,298.200928,13.489182
1979-05-20,288.403107,299.222504,0.000000
1979-05-21,289.346985,302.318909,0.000000
1979-05-22,293.642212,306.527893,0.000000
1979-05-23,293.171509,305.207336,0.000000
1979-05-24,294.130157,302.961304,2.962312
1979-05-25,293.241302,303.540833,0.000000
1979-05-26,293.846649,304.526459,2.687538
1979-05-27,293.769989,304.586609,0.446929
1979-05-28,292.507935,306.824371,0.000000
1979-05-29,294.194153,307.907684,0.000000
1979-05-30,294.784210,308.911102,0.000000
1979-05-31,294.309296,307.452820,0.000000
1979-06-01,293.773743,307.161438,0.000000
1979-06-02,292.947266,306.536499,0.000000
1979-06-03,294.868988,305.052948,1.012709
1979-06-04,296.524475,305.214325,5.296036
1979-06-05,295.022644,306.322418,3.910230
1979-06-06,294.571716,305.839233,0.000000
1979-06-07,295.697266,307.396667,0.000000
1979-06-08,296.645813,308.461761,0.000000
1979-06-09,295.694061,308.800629,0.000000
1979-06-10,296.196747,308.784363,1.002797
1979-06-11,296.353577,307.764191,0.293674
1979-06-12,296.168335,309.435028,3.292401
1979-06-13,295.206818,309.141083,0.808054
1979-06-14,295.683990,310.830933,0.000000
1979-06-15,296.910767,310.521240,0.000000
1979-06-16,297.757141,310.583221,0.000000
1979-06-17,299.527222,310.912048,0.000000
1979-06-18,299.061981,311.337067,0.000000
1979-06-19,296.581390,310.671722,0.000000
1979-06-20,297.977692,310.322449,0.000000
1979-06-21,297.867310,310.325073,0.000000
1979-06-22,297.805084,309.938904,0.000000
1979-06-23,294.613586,308.799377,0.000000
1979-06-24,295.403473,307.001099,0.000000
1979-06-25,295.301361,304.726624,0.000000
1979-06-26,294.965088,305.678131,0.000000
1979-06-27,295.414398,307.406036,0.360408
1979-06-28,294.934113,307.498230,0.688737
1979-06-29,295.253571,308.064575,0.000000
1979-06-30,295.321808,307.247314,0.000000
1979-07-01,295.078613,307.727997,0.000000
1979-07-02,295.685028,305.216278,4.183232
1979-07-03,295.033020,306.412659,0.000000
1979-07-04,295.655212,305.651337,0.000000
1979-07-05,295.348450,307.156708,0.000000
1979-07-06,296.224487,308.243500,0.000000
1979-07-07,297.048706,309.603973,0.000000
1979-07-08,296.375366,309.115112,0.000000
1979-07-09,296.046539,307.540497,0.000000
1979-07-10,294.955933,307.356293,0.000000
1979-07-11,295.800415,308.049988,0.000000
1979-07-12,297.312012,309.640533,0.000000
1979-07-13,297.760864,309.979401,0.000000
1979-07-14,297.463165,310.067505,0.000000
1979-07-15,297.691284,310.624573,0.000000
1979-07-16,298.282135,311.537903,0.000000
1979-07-17,299.129730,310.838379,0.000000
1979-07-18,297.561554,309.575470,0.000000
1979-07-19,296.721100,308.447266,0.000000
1979-07-20,297.381104,309.486633,0.000000
1979-07-21,297.848389,308.982788,0.000000
1979-07-22,297.244995,309.499207,0.000000
1979-07-23,297.852325,310.176605,0.000000
1979-07-24,297.285187,310.231628,0.000000
1979-07-25,298.224304,310.699280,0.000000
1979-07-26,298.122498,310.811127,0.000000
1979-07-27,297.040985,310.385132,0.000000
1979-07-28,295.838257,309.066956,0.000000
1979-07-29,295.726990,309.795410,0.000000
1979-07-30,297.890045,312.099701,0.000000
1979-07-31,300.932648,313.290527,0.000000
1979-08-01,297.372009,311.695007,0.000000
1979-08-02,296.794098,308.059875,0.000000
1979-08-03,296.537506,310.453796,0.000000
1979-08-04,296.693848,311.404358,0.000000
1979-08-05,298.122955,310.921204,0.000000
1979-08-06,297.921448,312.088928,0.000000
1979-08-07,297.664734,312.218292,0.000000
1979-08-08,298.287354,311.757782,0.567046
1979-08-09,299.052582,311.832336,0.000000
1979-08-10,298.096252,311.198029,0.000000
1979-08-11,296.706757,310.923065,0.000000
1979-08-12,296.896637,311.634460,0.000000
1979-08-13,297.709839,312.395111,0.000000
1979-08-14,299.840973,313.024384,0.000000
1979-08-15,299.079437,313.181396,0.000000
1979-08-16,298.300446,310.481964,0.000000
1979-08-17,296.689087,310.117004,0.000000
1979-08-18,298.359222,311.429901,0.000000
1979-08-19,298.756744,310.921600,0.000000
1979-08-20,298.771667,310.340088,0.000000
1979-08-21,297.184143,307.785461,0.430861
1979-08-22,296.948334,308.251068,0.000000
1979-08-23,295.799744,307.933258,1.463000
1979-08-24,295.840759,305.151428,4.321246
1979-08-25,298.332489,304.819946,10.752125
1979-08-26,296.789276,303.597107,1.194814
1979-08-27,297.862122,305.453857,2.078106
1979-08-28,294.239349,308.885773,0.000000
1979-08-29,295.077911,308.045563,0.524911
1979-08-30,295.517181,306.462677,5.493471
1979-08-31,295.865051,305.646118,0.468326
1979-09-01,296.700409,305.429321,0.000000
1979-09-02,294.603394,306.695099,0.844926
1979-09-03,295.058563,306.973816,0.000000
1979-09-04,296.675690,306.852417,3.676298
1979-09-05,297.587341,306.957062,0.000000
1979-09-06,296.455231,306.779236,5.309065
1979-09-07,296.358490,306.155792,1.328026
1979-09-08,295.990204,305.420441,2.798331
1979-09-09,295.444916,304.732361,1.286386
1979-09-10,295.670868,302.874664,8.451900
1979-09-11,293.928101,297.129730,22.168966
1979-09-12,292.956635,295.259338,29.094055
1979-09-13,295.280670,302.312653,0.000000
1979-09-14,293.236481,304.750885,0.000000
1979-09-15,292.392548,306.870300,0.000000
1979-09-16,294.860107,307.757782,0.000000
1979-09-17,295.085999,309.288177,0.000000
1979-09-18,297.917480,311.182831,0.000000
1979-09-19,296.603149,309.600861,0.000000
1979-09-20,294.428802,308.039368,0.000000
1979-09-21,294.181763,305.540161,0.000000
1979-09-22,294.657471,303.898285,0.000000
1979-09-23,294.632263,303.379974,1.135090
1979-09-24,293.655853,304.357727,0.000000
1979-09-25,294.685028,305.350372,0.709046
1979-09-26,292.857452,306.226929,0.000000
1979-09-27,294.742950,306.329132,0.000000
1979-09-28,295.058685,306.635620,0.000000
1979-09-29,293.902405,306.617798,0.000000
1979-09-30,295.314270,304.309143,0.000000
1979-10-01,294.818665,304.710388,0.000000
1979-10-02,293.127533,306.352753,7.760475
1979-10-03,288.736725,301.129669,0.000000
1979-10-04,287.639801,301.189514,0.000000
1979-10-05,289.554352,301.233124,0.000000
1979-10-06,289.332916,303.284241,0.000000
1979-10-07,292.403259,306.532928,0.000000
1979-10-08,295.873322,306.110809,0.609212
1979-10-09,290.128326,303.034058,4.576459
1979-10-10,289.937561,300.878967,0.000000
1979-10-11,287.168640,303.807190,0.000000
1979-10-12,287.515137,304.132599,0.000000
1979-10-13,290.991089,303.584351,0.000000
1979-10-14,292.649078,303.264130,0.923272
1979-10-15,291.510620,301.217224,0.000000
1979-10-16,287.390869,302.062317,0.000000
1979-10-17,287.468262,305.307404,0.000000
1979-10-18,292.007324,306.193451,0.000000
1979-10-19,293.271149,305.265320,0.521707
1979-10-20,293.301697,304.270813,18.676153
1979-10-21,293.988434,303.577606,17.070057
1979-10-22,294.003387,303.661865,0.514154
1979-10-23,292.161011,301.462463,10.171840
1979-10-24,287.484406,298.345428,0.000000
1979-10-25,286.442200,299.342316,0.000000
1979-10-26,288.483887,302.878479,0.000000
1979-10-27,290.147339,303.768158,0.000000
1979-10-28,292.705170,303.221191,0.281434
1979-10-29,289.640259,301.124573,3.374051
1979-10-30,286.652802,297.629486,4.751976
1979-10-31,284.355042,299.091431,0.000000
1979-11-01,285.165649,300.931030,0.000000
1979-11-02,285.751007,300.613312,0.000000
1979-11-03,278.168365,292.051727,0.000000
1979-11-04,279.950562,295.353149,0.000000
1979-11-05,282.344269,297.071320,0.000000
1979-11-06,286.390808,298.289459,0.000000
1979-11-07,286.715790,300.968811,0.000000
1979-11-08,287.303497,304.223816,0.000000
1979-11-09,290.157104,303.775024,0.000000
1979-11-10,282.947632,299.213470,0.000000
1979-11-11,286.359222,304.583984,0.000000
1979-11-12,289.603943,304.635468,0.000000
1979-11-13,290.986176,304.584076,0.000000
1979-11-14,290.987396,303.664886,0.000000
1979-11-15,290.992432,302.677094,0.614774
1979-11-16,291.155243,300.767181,0.622244
1979-11-17,284.901794,300.184998,1.169156
1979-11-18,280.050476,296.964691,0.000000
1979-11-19,287.008911,300.346954,0.000000
1979-11-20,278.304138,299.901215,0.457509
1979-11-21,275.967468,286.852081,0.000000
1979-11-22,275.153351,289.424957,0.000000
1979-11-23,276.424469,293.268707,0.000000
1979-11-24,284.204529,300.891754,0.000000
1979-11-25,288.289368,302.284180,0.000000
1979-11-26,288.701172,297.954346,2.916527
1979-11-27,290.130035,299.894592,2.289630
1979-11-28,286.958099,299.048676,0.985040
1979-11-29,286.938049,298.942200,0.282376
1979-11-30,290.132019,297.306976,7.612171
1979-12-01,277.740601,293.849060,21.348156
1979-12-02,278.255463,291.989746,2.709980
1979-12-03,275.472748,290.288544,0.000000
1979-12-04,278.577850,295.535004,0.000000
1979-12-05,279.370026,293.590485,0.000000
1979-12-06,280.252686,293.356506,0.000000
1979-12-07,285.159882,294.261475,0.000000
1979-12-08,276.813599,292.676849,0.000000
1979-12-09,275.344147,290.550903,0.000000
1979-12-10,275.401398,290.031464,0.000000
1979-12-11,275.278290,286.231812,0.644278
1979-12-12,278.810760,286.531982,5.745341
1979-12-13,279.875244,287.562958,5.466104
1979-12-14,275.498657,287.958710,0.000000
1979-12-15,277.685364,293.516602,0.000000
1979-12-16,281.354492,292.769379,0.000000
1979-12-17,280.277954,291.254578,0.000000
1979-12-18,276.509949,289.389313,0.000000
1979-12-19,278.447876,287.969391,0.409417
1979-12-20,278.072205,287.237793,0.000000
1979-12-21,279.559143,291.389954,0.000000
1979-12-22,277.868286,296.220428,0.000000
1979-12-23,284.356201,299.351044,0.000000
1979-12-24,287.599121,297.869720,0.000000
1979-12-25,288.598236,296.855896,1.839130
1979-12-26,280.011047,293.901245,14.686103
1979-12-27,278.028839,287.597626,1.747730
1979-12-28,280.780212,291.585571,0.000000
1979-12-29,273.506439,291.135620,1.642991
1979-12-30,277.446899,284.511200,6.914591
1979-12-31,266.239502,275.064026,3.224407
1980-01-01,267.380859,272.971252,0.847751
1980-01-02,266.354034,272.965210,0.000000
1980-01-03,264.413513,268.904785,0.000000
1980-01-04,264.001587,274.322723,0.000000
1980-01-05,267.492950,277.564056,0.000000
1980-01-06,268.322815,280.001282,0.000000
1980-01-07,271.580566,282.628052,0.000000
1980-01-08,274.531433,289.151123,0.493018
1980-01-09,275.955933,291.236023,0.000000
1980-01-10,280.233459,291.563995,0.000000
1980-01-11,281.281891,293.538208,0.000000
1980-01-12,280.006958,294.330383,0.000000
1980-01-13,280.354370,292.528625,0.000000
1980-01-14,279.440308,291.968994,0.000000
1980-01-15,274.378723,288.577881,0.000000
1980-01-16,277.074982,287.764984,0.000000
1980-01-17,274.697266,286.668365,1.183930
1980-01-18,272.197052,287.733917,0.000000
1980-01-19,272.791443,286.715607,0.000000
1980-01-20,274.586639,285.948853,0.000000
1980-01-21,278.567169,286.149567,1.259064
1980-01-22,278.790833,287.704865,0.000000
1980-01-23,279.815826,287.436554,6.814199
1980-01-24,274.494141,283.316833,2.695757
1980-01-25,274.297760,281.841827,3.787898
1980-01-26,275.820465,285.848145,1.411495
1980-01-27,274.984467,285.463257,1.709285
1980-01-28,274.338409,283.616089,6.437839
1980-01-29,271.840515,286.595795,0.000000
1980-01-30,274.669128,289.791931,0.000000
1980-01-31,279.091248,291.444672,1.006655
1980-02-01,282.305237,294.015411,0.000000
1980-02-02,281.188934,295.982483,0.000000
1980-02-03,283.501251,298.165283,0.000000
1980-02-04,281.793518,298.004974,0.000000
1980-02-05,273.581543,288.573029,0.000000
1980-02-06,272.697632,287.004761,0.000000
1980-02-07,274.344299,295.682617,0.000000
1980-02-08,281.901062,298.424866,0.000000
1980-02-09,285.752502,297.990540,0.000000
1980-02-10,281.729187,296.196228,7.602440
1980-02-11,278.577606,291.610992,0.000000
1980-02-12,276.922150,290.321167,0.000000
1980-02-13,274.545471,289.659668,0.000000
1980-02-14,271.802643,284.607361,0.000000
1980-02-15,273.834961,290.496246,0.000000
1980-02-16,280.510162,299.704590,0.000000
1980-02-17,289.325653,299.181213,4.616756
1980-02-18,278.652954,296.745422,3.166584
1980-02-19,281.278473,297.131836,1.162830
1980-02-20,283.445862,295.860382,0.000000
1980-02-21,276.825439,291.254822,0.000000
1980-02-22,277.121490,291.703247,0.000000
1980-02-23,284.458679,298.888489,0.000000
1980-02-24,284.039062,298.372131,0.000000
1980-02-25,276.806732,291.265686,0.000000
1980-02-26,279.526245,294.992157,0.000000
1980-02-27,282.202393,294.888336,0.000000
1980-02-28,279.381134,298.919830,0.000000
1980-02-29,281.852875,298.776703,0.440377
1980-03-01,284.324615,298.633575,0.880754
1980-03-02,277.476379,294.022583,0.000000
1980-03-03,279.853943,294.306488,0.000000
1980-03-04,283.818512,293.955444,0.000000
1980-03-05,280.408691,289.100800,0.000000
1980-03-06,282.511230,293.125153,0.000000
1980-03-07,285.785065,297.894806,0.471007
1980-03-08,286.021637,297.729065,0.474900
1980-03-09,279.761475,291.760498,0.000000
1980-03-10,281.154083,291.435608,1.170016
1980-03-11,282.143585,291.518585,8.400898
1980-03-12,284.667023,295.653778,11.232586
1980-03-13,282.506195,295.105316,0.000000
1980-03-14,279.778900,298.528168,0.000000
1980-03-15,283.140259,300.397003,0.000000
1980-03-16,286.935028,303.090851,0.000000
1980-03-17,285.565063,301.070526,0.000000
1980-03-18,290.217804,299.581451,1.882773
1980-03-19,285.045715,301.494568,0.000000
1980-03-20,284.819305,300.955841,0.000000
1980-03-21,282.922943,300.389374,0.000000
1980-03-22,286.304047,301.715240,0.000000
1980-03-23,289.536926,303.083771,0.350532
1980-03-24,282.078461,302.268341,0.799982
1980-03-25,274.304199,288.652985,0.000000
1980-03-26,280.572937,295.979523,0.000000
1980-03-27,283.385773,302.494995,0.000000
1980-03-28,289.699310,302.121124,0.000000
1980-03-29,290.967773,303.623505,1.167178
1980-03-30,288.496521,302.909973,0.529405
1980-03-31,287.202026,301.302399,0.000000
1980-04-01,284.693237,298.393005,0.452391
1980-04-02,290.437958,299.858063,4.208571
1980-04-03,286.936493,300.461517,0.000000
1980-04-04,283.371216,300.273987,0.000000
1980-04-05,286.143494,298.121521,0.000000
1980-04-06,292.374298,297.905396,7.633861
1980-04-07,285.001953,297.168640,1.607477
1980-04-08,284.519897,302.113190,0.000000
1980-04-09,286.048187,302.596161,0.000000
1980-04-10,289.259644,302.510101,0.000000
1980-04-11,293.193237,300.597961,5.786412
1980-04-12,288.296539,298.995270,5.209247
1980-04-13,282.589417,293.621979,0.430462
1980-04-14,282.937866,299.367828,0.000000
1980-04-15,286.055023,299.170715,0.000000
1980-04-16,286.445465,298.644318,0.000000
1980-04-17,287.208527,300.808228,0.000000
1980-04-18,288.256775,301.965027,0.000000
1980-04-19,288.715118,304.684814,0.000000
1980-04-20,291.771393,305.730591,0.000000
1980-04-21,291.621735,306.208496,0.000000
1980-04-22,292.784637,303.623413,21.809252
1980-04-23,292.455963,295.565613,29.636972
1980-04-24,291.918304,296.745514,28.696426
1980-04-25,286.313232,297.753387,3.661306
1980-04-26,281.624390,297.014862,0.000000
1980-04-27,286.446106,301.381989,0.000000
1980-04-28,290.691864,300.763245,0.000000
1980-04-29,293.650940,301.329681,0.617027
1980-04-30,292.599243,300.829071,0.406069
1980-05-01,293.283234,297.299561,9.083846
1980-05-02,293.394165,299.349670,9.896819
1980-05-03,291.407501,301.287903,0.000000
1980-05-04,293.528717,302.972046,9.801621
1980-05-05,287.479706,301.718445,3.301570
1980-05-06,284.474884,294.803772,0.559875
1980-05-07,284.960968,293.202789,2.688219
1980-05-08,289.033569,295.039673,13.426140
1980-05-09,290.730286,297.631897,19.096216
1980-05-10,291.968506,300.642273,1.832397
1980-05-11,292.197021,302.869080,14.104210
1980-05-12,293.064026,298.413177,37.374775
1980-05-13,290.968781,306.034180,5.479553
1980-05-14,293.134918,306.905853,0.000000
1980-05-15,291.461182,306.018036,0.000000
1980-05-16,288.559143,303.307281,0.000000
1980-05-17,288.040283,301.525604,0.000000
1980-05-18,291.767273,298.519897,4.137435
1980-05-19,287.746246,297.478729,12.933045
1980-05-20,289.458954,298.689240,0.867722
1980-05-21,292.629944,297.605103,0.000000
1980-05-22,293.308105,300.156036,1.451491
1980-05-23,294.565857,299.879944,0.000000
1980-05-24,293.443756,297.365295,5.628439
1980-05-25,290.753967,297.784454,4.710963
1980-05-26,292.339905,298.913422,36.795948
1980-05-27,292.962372,305.352966,13.888139
1980-05-28,290.730591,307.349915,1.709476
1980-05-29,291.586395,306.395050,0.000000
1980-05-30,294.493683,305.103455,0.000000
1980-05-31,293.713837,302.359222,10.489079
1980-06-01,291.254120,302.312653,1.486598
1980-06-02,292.501221,299.957275,6.055026
1980-06-03,291.767151,301.192688,0.000000
1980-06-04,291.217255,300.621582,10.038198
1980-06-05,290.077881,303.898071,0.000000
1980-06-06,291.312042,304.691254,0.324993
1980-06-07,291.748810,304.630646,6.358964
1980-06-08,292.260773,302.414520,10.044248
1980-06-09,291.381134,301.662811,20.379984
1980-06-10,295.187134,303.909454,0.000000
1980-06-11,295.301575,303.774231,1.920238
1980-06-12,295.903046,300.951813,11.275633
1980-06-13,295.496246,297.211609,10.888663
1980-06-14,293.282166,301.669891,41.159023
1980-06-15,294.140839,299.440155,16.885868
1980-06-16,290.705872,301.556641,8.518558
1980-06-17,288.669403,303.202393,0.000000
1980-06-18,290.067352,304.043182,1.280764
1980-06-19,292.800690,303.942383,0.424101
1980-06-20,291.466675,305.435242,15.065315
1980-06-21,292.526672,305.427551,6.191738
1980-06-22,294.132629,304.451141,2.254288
1980-06-23,293.971527,305.907654,0.896048
1980-06-24,294.688477,305.954041,0.000000
1980-06-25,294.509979,304.788513,0.000000
1980-06-26,295.132019,304.146973,19.389069
1980-06-27,295.463013,306.549072,13.174155
1980-06-28,294.843842,308.508118,0.000000
1980-06-29,295.667603,308.314667,0.000000
1980-06-30,295.494202,307.310547,0.000000
1980-07-01,295.443512,305.973236,11.670447
1980-07-02,295.419067,306.751007,4.812725
1980-07-03,295.504852,305.772156,0.000000
1980-07-04,296.802948,305.939636,4.482273
1980-07-05,295.497223,305.294830,0.000000
1980-07-06,295.728333,304.091797,0.000000
1980-07-07,294.222992,304.992035,3.810532
1980-07-08,293.275360,303.769806,0.000000
1980-07-09,295.140991,303.669067,4.059712
1980-07-10,294.651093,304.482819,0.000000
1980-07-11,294.117767,303.109467,1.205336
1980-07-12,295.022552,304.343018,1.323334
1980-07-13,295.064117,307.881531,5.828057
1980-07-14,295.914581,310.164001,0.000000
1980-07-15,296.857727,310.333435,0.000000
1980-07-16,297.381561,310.236755,0.000000
1980-07-17,295.374115,309.155792,3.486697
1980-07-18,295.931763,309.349457,2.056854
1980-07-19,296.334595,309.220398,0.000000
1980-07-20,295.671814,308.737396,0.000000
1980-07-21,295.586945,307.500763,0.000000
1980-07-22,295.324493,306.790222,14.754515
1980-07-23,296.123077,304.206116,14.544631
1980-07-24,296.090546,305.262177,1.141640
1980-07-25,294.884827,305.587097,5.935571
1980-07-26,294.356049,306.070312,0.000000
1980-07-27,295.000977,305.289276,2.440375
1980-07-28,296.133118,304.480835,1.454542
1980-07-29,295.860596,306.486847,2.421304
1980-07-30,294.824982,311.079010,0.301132
1980-07-31,294.704803,310.370026,0.000000
1980-08-01,294.160248,309.083771,3.358119
1980-08-02,290.775330,309.876984,0.000000
1980-08-03,295.084930,310.814056,0.000000
1980-08-04,296.964569,311.037384,0.000000
1980-08-05,296.984894,311.424927,0.291041
1980-08-06,296.394531,312.341736,0.000000
1980-08-07,297.350586,312.449738,0.508455
1980-08-08,297.614594,312.497559,0.000000
1980-08-09,296.454132,312.312347,1.811062
1980-08-10,298.430542,311.135071,0.000000
1980-08-11,297.154724,311.065155,0.000000
1980-08-12,296.346313,310.763916,0.000000
1980-08-13,296.502960,310.938812,0.000000
1980-08-14,296.552124,311.509033,0.448406
1980-08-15,296.129547,311.272095,0.000000
1980-08-16,296.162659,310.355225,0.635829
1980-08-17,295.506287,308.308014,0.000000
1980-08-18,295.547516,306.740295,0.000000
1980-08-19,296.447083,307.490112,3.715964
1980-08-20,293.869812,307.396912,0.000000
1980-08-21,295.865967,309.783417,0.000000
1980-08-22,298.239990,310.652924,4.450019
1980-08-23,297.605713,310.326416,2.592180
1980-08-24,297.691864,308.772888,0.000000
1980-08-25,296.711395,309.596771,2.743948
1980-08-26,296.744720,310.284058,0.827952
1980-08-27,296.989929,311.615112,0.000000
1980-08-28,297.161041,311.599396,0.000000
1980-08-29,295.193176,307.247528,4.915376
1980-08-30,292.650482,307.259338,0.000000
1980-08-31,293.126404,306.897339,0.000000
1980-09-01,294.369202,306.274200,0.000000
1980-09-02,294.644562,307.253662,0.000000
1980-09-03,295.725647,306.814484,0.000000
1980-09-04,295.375793,306.289001,0.000000
1980-09-05,294.877594,306.096649,0.000000
1980-09-06,293.247742,305.078796,3.464147
1980-09-07,292.960663,303.528870,39.996365
1980-09-08,293.892426,305.677521,0.366231
1980-09-09,294.446167,305.906128,0.307780
1980-09-10,294.088104,303.957794,4.324425
1980-09-11,293.992767,304.886932,0.000000
1980-09-12,294.642883,304.799561,0.000000
1980-09-13,291.487396,306.999390,0.000000
1980-09-14,293.311768,306.670593,0.393085
1980-09-15,290.298248,305.770752,0.000000
1980-09-16,293.809265,305.756134,1.074525
1980-09-17,293.428680,305.929535,0.000000
1980-09-18,291.691101,305.467163,0.732030
1980-09-19,289.446014,300.423370,3.413239
1980-09-20,286.304718,298.842957,0.000000
1980-09-21,287.247681,304.252594,0.000000
1980-09-22,290.504242,304.765472,0.000000
1980-09-23,294.424011,304.314240,0.000000
1980-09-24,294.669495,302.692352,2.484870
1980-09-25,294.875122,300.420319,2.675110
1980-09-26,295.074615,301.931946,4.194940
1980-09-27,293.027283,299.231750,15.108499
1980-09-28,293.734772,297.957123,41.287266
1980-09-29,292.104553,302.942688,0.000000
1980-09-30,290.768341,303.381866,0.000000
1980-10-01,291.393127,303.431305,0.000000
1980-10-02,290.416504,303.788086,0.000000
1980-10-03,290.060120,304.801300,3.362709
1980-10-04,290.296082,298.044830,43.691601
1980-10-05,289.712158,298.998810,4.793557
1980-10-06,287.631012,299.142761,0.000000
1980-10-07,289.149689,298.857513,6.507637
1980-10-08,287.638092,300.767883,0.000000
1980-10-09,287.726501,301.921875,0.000000
1980-10-10,290.169342,301.852173,0.000000
1980-10-11,290.171570,303.086700,0.000000
1980-10-12,291.584076,303.591614,0.000000
1980-10-13,289.442139,302.893677,0.000000
1980-10-14,288.228027,304.835358,0.000000
1980-10-15,290.763733,305.885437,0.000000
1980-10-16,292.417511,305.219025,0.000000
1980-10-17,293.089142,304.477478,0.833696
1980-10-18,285.284454,302.605835,0.000000
1980-10-19,288.008026,298.267883,0.000000
1980-10-20,292.207062,304.191071,0.000000
1980-10-21,290.558777,303.932556,1.507439
1980-10-22,279.676605,292.500122,7.174837
1980-10-23,276.806458,288.951904,5.272123
1980-10-24,281.924805,292.610443,15.167736
1980-10-25,278.189911,288.271942,0.602020
1980-10-26,280.421478,291.177551,0.000000
1980-10-27,283.949585,292.536194,3.648150
1980-10-28,285.055176,291.249603,0.320621
1980-10-29,280.110199,291.663452,0.000000
1980-10-30,282.666138,293.003296,0.000000
1980-10-31,281.715088,294.312042,0.000000
1980-11-01,286.418579,294.162109,0.000000
1980-11-02,284.511444,297.674194,0.000000
1980-11-03,282.831451,299.657593,0.000000
1980-11-04,284.088867,301.578308,0.000000
1980-11-05,285.472687,301.732452,0.000000
1980-11-06,286.452454,300.892029,0.000000
1980-11-07,288.693024,301.394043,0.000000
1980-11-08,287.417725,300.812012,0.000000
1980-11-09,280.034393,293.286407,0.000000
1980-11-10,276.696014,293.651489,0.000000
1980-11-11,282.558228,300.750488,0.000000
1980-11-12,286.559570,302.249115,0.000000
1980-11-13,285.297333,301.064026,0.000000
1980-11-14,288.267426,302.949921,0.000000
1980-11-15,287.965637,302.367798,0.000000
1980-11-16,284.515900,295.766968,0.000000
1980-11-17,283.382202,295.620636,0.000000
1980-11-18,279.556213,295.555481,0.000000
1980-11-19,284.970734,296.895142,0.000000
1980-11-20,285.392792,294.031860,5.988417
1980-11-21,283.938293,293.649139,0.945011
1980-11-22,279.709839,291.566162,0.000000
1980-11-23,285.103790,293.569550,0.594015
1980-11-24,280.721558,295.720490,0.000000
1980-11-25,279.389252,296.746582,0.000000
1980-11-26,285.697876,296.836090,0.675549
1980-11-27,278.666260,297.759674,0.000000
1980-11-28,282.656311,298.675659,0.000000
1980-11-29,278.451385,297.159851,0.000000
1980-11-30,277.871490,293.258881,0.000000
1980-12-01,274.260376,293.888123,0.000000
1980-12-02,278.056427,297.144257,0.000000
1980-12-03,276.834137,295.381134,0.000000
1980-12-04,284.998810,296.321655,0.000000
1980-12-05,283.734741,296.655701,0.000000
1980-12-06,280.133209,295.577820,0.000000
1980-12-07,271.714905,293.159454,0.693937
1980-12-08,270.656219,285.702026,0.000000
1980-12-09,273.767944,290.710541,0.000000
1980-12-10,273.660248,291.563812,0.000000
1980-12-11,280.281128,292.488434,0.000000
1980-12-12,280.701843,297.136322,0.631577
1980-12-13,287.725800,297.317535,0.000000
1980-12-14,287.006561,297.081329,0.000000
1980-12-15,285.587280,295.659882,0.000000
1980-12-16,285.874268,294.718384,0.784125
1980-12-17,277.461914,295.148651,0.000000
1980-12-18,278.934174,297.772552,0.000000
1980-12-19,277.170227,295.504272,0.000000
1980-12-20,274.903595,293.061981,0.000000
1980-12-21,276.324005,296.407684,0.000000
1980-12-22,287.319794,297.640656,13.248768
1980-12-23,282.341949,294.717865,0.000000
1980-12-24,279.230927,294.784424,0.000000
1980-12-25,279.479858,292.037781,0.000000
1980-12-26,274.743774,290.104431,0.000000
1980-12-27,275.420532,293.371460,0.000000
1980-12-28,276.948883,298.074799,0.414983
1980-12-29,286.260956,298.552185,0.000000
1980-12-30,281.523590,297.604279,0.000000
1980-12-31,279.731262,297.524200,0.000000
1981-01-01,282.747559,297.399048,0.000000
1981-01-02,281.306396,300.134277,0.000000
1981-01-03,284.540741,298.250031,0.000000
1981-01-04,279.298370,292.725006,0.000000
1981-01-05,274.598206,288.527435,0.000000
1981-01-06,275.764252,288.474792,0.000000
1981-01-07,275.291260,293.656860,0.000000
1981-01-08,274.871094,291.847870,0.000000
1981-01-09,277.682312,295.266418,0.000000
1981-01-10,279.730347,297.453583,0.000000
1981-01-11,283.763031,295.365601,0.000000
1981-01-12,284.700470,292.718781,0.000000
1981-01-13,282.248108,294.284119,0.000000
1981-01-14,282.380920,295.133820,0.830595
1981-01-15,281.313354,293.602325,0.000000
1981-01-16,279.606323,292.174713,0.000000
1981-01-17,278.029510,292.348969,0.000000
1981-01-18,278.984772,296.652893,0.000000
1981-01-19,281.728180,295.871979,0.696839
1981-01-20,277.394043,292.539673,0.000000
1981-01-21,276.938019,287.803467,2.097587
1981-01-22,276.344360,289.851990,0.000000
1981-01-23,276.949982,296.350922,0.000000
1981-01-24,280.515808,296.866364,0.000000
1981-01-25,279.752838,295.332245,0.000000
1981-01-26,278.294159,297.409332,0.000000
1981-01-27,280.871582,298.895111,0.000000
1981-01-28,282.074493,299.970337,0.000000
1981-01-29,283.043243,298.985687,0.000000
1981-01-30,284.818146,295.250183,6.843091
1981-01-31,281.445496,290.666870,11.792320
1981-02-01,280.724030,286.213470,14.843981
1981-02-02,279.036102,285.194336,27.344868
1981-02-03,276.360901,284.614807,20.888901
1981-02-04,276.735199,292.474731,0.000000
1981-02-05,280.285980,290.140533,9.918325
1981-02-06,273.555664,281.919312,0.000000
1981-02-07,270.535919,283.492004,0.000000
1981-02-08,272.930786,288.966522,0.000000
1981-02-09,276.473907,291.508179,0.000000
1981-02-10,274.805298,289.946259,0.000000
1981-02-11,271.978699,291.295380,0.000000
1981-02-12,277.206848,297.836578,0.000000
1981-02-13,281.398499,295.848358,0.000000
1981-02-14,282.595154,289.462433,22.166451
1981-02-15,278.018951,293.605988,6.138014
1981-02-16,276.046875,290.299133,0.000000
1981-02-17,275.617371,290.103638,0.000000
1981-02-18,279.684204,293.227661,0.000000
1981-02-19,280.688934,292.920837,0.000000
1981-02-20,278.914795,290.656036,0.000000
1981-02-21,284.739624,297.940552,0.000000
1981-02-22,279.072540,296.195984,0.000000
1981-02-23,278.920227,296.223785,0.000000
1981-02-24,283.406799,296.045563,0.000000
1981-02-25,286.097351,301.506042,0.472428
1981-02-26,282.213501,297.420532,0.000000
1981-02-27,279.927490,298.864014,0.000000
1981-02-28,284.089020,301.844421,0.000000
1981-03-01,287.483917,301.842560,0.000000
1981-03-02,276.042267,293.078064,0.000000
1981-03-03,271.625397,292.074982,0.000000
1981-03-04,279.335999,299.554108,0.000000
1981-03-05,283.103577,299.982086,0.000000
1981-03-06,285.268066,299.544464,0.000000
1981-03-07,282.493713,297.139282,0.000000
1981-03-08,282.015076,298.309845,0.000000
1981-03-09,287.058899,303.168976,3.785581
1981-03-10,287.830383,303.685547,0.000000
1981-03-11,287.585602,304.418915,0.000000
1981-03-12,289.252533,304.079803,0.000000
1981-03-13,288.241699,300.789032,0.000000
1981-03-14,285.791473,299.693756,0.000000
1981-03-15,281.553131,297.257507,0.000000
1981-03-16,284.799683,296.116730,0.000000
1981-03-17,282.968048,295.250641,3.063289
1981-03-18,285.858215,300.840668,0.303154
1981-03-19,283.350647,301.208313,0.000000
1981-03-20,279.700104,296.055176,0.000000
1981-03-21,283.367249,293.751862,0.543840
1981-03-22,278.324890,293.309814,0.490302
1981-03-23,280.033936,299.176941,0.000000
1981-03-24,285.810852,303.579803,0.000000
1981-03-25,287.665894,303.676392,0.000000
1981-03-26,287.051178,303.249329,0.000000
1981-03-27,288.669800,304.017242,0.000000
1981-03-28,288.959656,303.690186,0.000000
1981-03-29,286.145752,302.726990,0.000000
1981-03-30,287.685089,301.754120,0.000000
1981-03-31,287.361603,301.169678,0.281302
1981-04-01,279.817963,298.926544,0.000000
1981-04-02,284.708435,303.756836,0.000000
1981-04-03,286.679840,305.474792,0.000000
1981-04-04,289.348999,307.159729,0.000000
1981-04-05,290.490692,308.430054,0.000000
1981-04-06,288.687317,307.199890,0.426251
1981-04-07,281.390930,301.792694,0.000000
1981-04-08,280.803436,291.595245,0.323327
1981-04-09,278.058502,293.402100,0.287767
1981-04-10,279.335815,297.045105,0.000000
1981-04-11,282.499634,300.738892,0.000000
1981-04-12,286.398041,300.601990,0.000000
1981-04-13,288.744843,303.826599,0.342162
1981-04-14,290.080109,303.456146,0.000000
1981-04-15,284.047333,303.090057,0.000000
1981-04-16,286.834259,300.148193,0.000000
1981-04-17,286.620056,304.698669,0.000000
1981-04-18,289.479462,305.225739,0.000000
1981-04-19,289.240204,302.456970,0.000000
1981-04-20,285.573425,300.948883,0.000000
1981-04-21,287.778442,303.206116,0.000000
1981-04-22,287.884979,304.173981,0.000000
1981-04-23,286.135193,303.776581,0.000000
1981-04-24,285.152679,299.928986,0.000000
1981-04-25,287.966400,303.403198,0.000000
1981-04-26,288.472443,303.401459,0.000000
1981-04-27,291.638947,306.196869,6.305966
1981-04-28,289.119507,306.725189,1.054244
1981-04-29,292.365173,306.809784,0.000000
1981-04-30,289.824951,304.396973,0.000000
1981-05-01,289.941437,305.751038,0.000000
1981-05-02,291.696655,307.853607,0.000000
1981-05-03,290.541199,309.004089,0.000000
1981-05-04,291.611298,311.561188,0.000000
1981-05-05,293.235901,312.544281,0.934296
1981-05-06,296.765747,313.020294,0.530181
1981-05-07,298.664307,312.892120,3.188956
1981-05-08,290.283173,310.628296,3.699958
1981-05-09,292.509735,301.762115,7.508080
1981-05-10,291.616669,299.845917,9.901199
1981-05-11,290.374603,301.057220,3.851263
1981-05-12,291.073395,305.586121,0.428621
1981-05-13,291.932281,305.593414,0.000000
1981-05-14,288.567841,303.797485,0.000000
1981-05-15,289.302795,305.438965,0.000000
1981-05-16,290.290741,303.588165,0.000000
1981-05-17,289.874298,302.932892,0.000000
1981-05-18,291.528778,302.667267,0.000000
1981-05-19,293.199249,301.895813,4.163274
1981-05-20,292.960449,299.713593,0.000000
1981-05-21,292.597839,304.695068,0.000000
1981-05-22,292.808472,306.475677,0.000000
1981-05-23,292.713989,306.396973,0.000000
1981-05-24,294.386322,306.666443,0.000000
1981-05-25,295.935150,306.307098,0.000000
1981-05-26,295.313843,302.923279,3.329144
1981-05-27,293.713226,302.377319,10.662863
1981-05-28,295.113159,303.769073,6.191731
1981-05-29,294.921387,303.510010,1.233643
1981-05-30,294.302704,303.035492,1.032838
1981-05-31,294.392212,302.210480,9.548405
1981-06-01,292.944244,306.362793,0.000000
1981-06-02,295.780945,307.806885,7.409827
1981-06-03,296.364563,304.310516,20.919458
1981-06-04,294.349579,300.301971,24.005690
1981-06-05,295.745941,296.393860,5.608860
1981-06-06,296.213776,301.823578,22.515223
1981-06-07,295.548218,306.198425,10.333651
1981-06-08,295.973724,307.467834,7.215110
1981-06-09,295.048553,307.607971,5.838141
1981-06-10,296.017731,307.909058,0.000000
1981-06-11,296.217102,304.811401,0.375464
1981-06-12,295.890778,305.315887,0.000000
1981-06-13,295.411560,304.887177,9.786844
1981-06-14,291.721161,309.488098,0.000000
1981-06-15,293.552673,308.806030,0.000000
1981-06-16,295.676758,310.354553,0.000000
1981-06-17,296.085175,310.250031,0.000000
1981-06-18,297.133362,308.892212,0.000000
1981-06-19,296.146362,307.394165,0.000000
1981-06-20,297.167328,308.441132,0.000000
1981-06-21,298.502930,308.640808,0.000000
1981-06-22,299.281311,312.686829,0.000000
1981-06-23,298.446869,312.062653,0.000000
1981-06-24,297.076233,306.692719,0.000000
1981-06-25,297.060883,308.609314,0.000000
1981-06-26,298.690094,310.842133,0.000000
1981-06-27,299.148224,311.892578,0.000000
1981-06-28,300.328705,313.787201,0.000000
1981-06-29,300.687469,313.807648,0.000000
1981-06-30,298.974976,312.298798,0.000000
1981-07-01,298.499420,310.646332,0.000000
1981-07-02,296.817017,308.775696,0.000000
1981-07-03,297.090363,308.844666,0.000000
1981-07-04,296.907532,306.880127,1.700342
1981-07-05,297.269592,309.363129,0.000000
1981-07-06,297.661102,310.623047,0.000000
1981-07-07,296.571838,310.171967,0.000000
1981-07-08,296.428253,310.023102,0.000000
1981-07-09,299.129608,312.570984,0.000000
1981-07-10,302.331177,312.687408,0.000000
1981-07-11,299.562988,312.775848,0.426847
1981-07-12,298.134064,310.963470,0.000000
1981-07-13,298.160858,310.516357,0.000000
1981-07-14,298.047211,311.567169,0.000000
1981-07-15,298.084839,311.244965,0.000000
1981-07-16,298.574249,311.157501,0.000000
1981-07-17,297.725281,310.305420,0.000000
1981-07-18,298.170197,310.006409,0.000000
1981-07-19,298.609985,311.653107,0.000000
1981-07-20,299.105347,312.078644,0.000000
1981-07-21,299.712189,312.571472,2.149541
1981-07-22,299.136322,312.710938,0.000000
1981-07-23,299.193573,312.870178,0.000000
1981-07-24,299.644775,311.514496,0.000000
1981-07-25,297.862183,310.513794,1.879855
1981-07-26,298.112244,307.992767,0.000000
1981-07-27,296.986115,309.631409,0.000000
1981-07-28,296.782745,309.290558,2.113998
1981-07-29,297.185730,308.184601,1.101701
1981-07-30,297.991180,308.773804,0.301663
1981-07-31,296.860535,308.039459,0.000000
1981-08-01,296.717804,307.429626,0.859557
1981-08-02,297.063446,308.250427,0.000000
1981-08-03,297.458862,308.583832,0.308985
1981-08-04,296.521881,305.136963,1.384489
1981-08-05,296.983490,306.190796,0.827024
1981-08-06,296.390717,306.046234,4.151500
1981-08-07,296.020142,306.555969,0.000000
1981-08-08,296.487244,307.660583,0.000000
1981-08-09,295.874146,307.690002,0.900034
1981-08-10,295.094879,308.660004,0.000000
1981-08-11,295.782715,309.825775,0.000000
1981-08-12,298.140656,310.995422,0.000000
1981-08-13,299.123169,310.468903,0.000000
1981-08-14,298.542267,310.367218,0.000000
1981-08-15,298.458893,309.318054,0.000000
1981-08-16,298.193176,309.161621,0.000000
1981-08-17,297.270355,308.427124,0.000000
1981-08-18,297.612701,308.827545,0.000000
1981-08-19,297.214874,311.020996,0.000000
1981-08-20,299.015442,311.570404,0.000000
1981-08-21,298.108978,311.525543,0.000000
1981-08-22,297.451111,310.256165,0.000000
1981-08-23,297.171082,308.191040,0.427709
1981-08-24,297.452881,309.384186,0.000000
1981-08-25,298.544678,310.335419,1.098199
1981-08-26,298.312561,310.834381,3.987255
1981-08-27,298.224579,310.734070,0.981532
1981-08-28,296.282684,307.883484,0.000000
1981-08-29,295.437378,306.735016,9.076675
1981-08-30,295.138184,304.007538,12.991287
1981-08-31,296.491211,304.034180,16.685888
1981-09-01,294.623932,304.507141,6.566692
1981-09-02,294.235687,304.984741,2.410398
1981-09-03,295.424286,304.947052,2.405382
1981-09-04,295.784576,304.419617,3.686460
1981-09-05,296.403168,303.733582,0.587425
1981-09-06,295.878815,304.275604,0.824866
1981-09-07,295.969391,304.371796,0.000000
1981-09-08,295.600037,305.018158,4.246841
1981-09-09,295.219635,305.076965,10.343400
1981-09-10,295.193726,303.530884,7.660114
1981-09-11,296.282837,300.699921,23.268572
1981-09-12,295.401489,298.038666,16.476624
1981-09-13,293.850250,302.657410,2.804266
1981-09-14,292.922302,301.525024,10.536962
1981-09-15,288.007507,301.970398,0.000000
1981-09-16,288.502960,304.222931,0.000000
1981-09-17,293.825378,303.956329,0.000000
1981-09-18,294.579803,302.813019,22.273066
1981-09-19,294.731659,301.082825,0.954750
1981-09-20,295.013123,302.074188,1.360454
1981-09-21,292.803558,303.377686,0.000000
1981-09-22,291.939850,303.264832,0.000000
1981-09-23,292.071533,303.503723,0.000000
1981-09-24,292.854340,304.354309,10.720000
1981-09-25,290.794861,300.333710,30.341234
1981-09-26,282.963867,295.731049,0.000000
1981-09-27,283.478394,297.790863,0.000000
1981-09-28,286.799286,303.765350,0.000000
1981-09-29,288.962097,305.304321,0.000000
1981-09-30,292.693359,304.784485,0.000000
1981-10-01,293.478851,304.804565,0.000000
1981-10-02,293.966583,302.862732,0.000000
1981-10-03,289.883698,300.249298,2.191578
1981-10-04,284.956909,297.227783,0.000000
1981-10-05,283.854431,299.911591,0.000000
1981-10-06,284.974640,301.051941,0.000000
1981-10-07,287.030731,302.698669,0.000000
1981-10-08,287.637482,302.744659,0.000000
1981-10-09,286.807068,305.609009,0.000000
1981-10-10,291.099091,306.024506,0.000000
1981-10-11,288.638611,304.439056,0.000000
1981-10-12,285.374817,299.151184,0.000000
1981-10-13,285.094971,300.248199,0.000000
1981-10-14,286.572479,301.149200,0.000000
1981-10-15,288.332794,301.632416,0.000000
1981-10-16,288.442413,302.462128,0.000000
1981-10-17,288.216919,303.431854,0.000000
1981-10-18,289.046967,305.864899,0.000000
1981-10-19,292.089081,305.533600,0.000000
1981-10-20,285.036652,298.701324,0.000000
1981-10-21,283.130676,294.921387,0.000000
1981-10-22,284.502533,296.259064,0.000000
1981-10-23,283.780670,295.218475,0.000000
1981-10-24,284.910278,297.356232,0.000000
1981-10-25,284.887329,298.338562,0.000000
1981-10-26,285.528046,299.363373,0.000000
1981-10-27,287.148102,302.806335,0.000000
1981-10-28,289.883392,303.861359,0.000000
1981-10-29,290.051483,304.983459,0.000000
1981-10-30,289.018402,304.251007,0.000000
1981-10-31,290.990234,302.043884,0.000000
1981-11-01,290.454010,300.878235,0.000000
1981-11-02,291.638336,300.948822,1.442777
1981-11-03,286.144928,300.194458,0.000000
1981-11-04,285.404785,298.043060,0.000000
1981-11-05,288.492065,297.678528,21.059479
1981-11-06,279.700684,289.432343,0.000000
1981-11-07,280.620544,290.372375,0.000000
1981-11-08,283.211334,297.048859,0.000000
1981-11-09,286.509735,296.543976,0.000000
1981-11-10,287.704346,295.825836,0.000000
1981-11-11,288.255096,297.373749,0.000000
1981-11-12,288.863983,298.353912,0.349643
1981-11-13,289.490051,295.642426,0.000000
1981-11-14,289.866669,296.830444,2.659815
1981-11-15,286.920990,297.823181,0.000000
1981-11-16,285.700836,299.138885,0.000000
1981-11-17,285.932434,298.018921,0.000000
1981-11-18,284.447205,292.955933,0.000000
1981-11-19,284.384705,296.939850,0.000000
1981-11-20,286.996216,300.652679,0.000000
1981-11-21,286.962585,300.441193,0.000000
1981-11-22,285.850128,294.111450,0.000000
1981-11-23,287.922119,295.214508,0.000000
1981-11-24,289.653992,297.881317,1.020446
1981-11-25,289.838165,300.613892,1.137575
1981-11-26,278.264252,297.621490,1.119760
1981-11-27,276.983002,297.220856,0.000000
1981-11-28,279.564087,299.760834,0.000000
1981-11-29,282.439423,301.849182,0.000000
1981-11-30,283.931946,299.864319,0.000000
1981-12-01,273.650757,290.523956,0.000000
1981-12-02,273.025452,288.909058,0.562223
1981-12-03,282.747070,296.637085,0.886058
1981-12-04,288.315186,295.761841,6.213460
1981-12-05,280.898010,291.485535,7.418073
1981-12-06,279.710571,290.754059,1.206673
1981-12-07,281.915680,289.280518,0.532205
1981-12-08,279.383667,287.890625,2.009941
1981-12-09,279.436340,290.036682,0.000000
1981-12-10,284.924835,294.525208,6.120760
1981-12-11,282.566559,295.145569,0.000000
1981-12-12,280.571350,294.426422,0.000000
1981-12-13,283.752319,292.440735,0.000000
1981-12-14,281.773071,288.514282,1.226062
1981-12-15,283.399780,291.527740,0.382200
1981-12-16,284.087677,291.255524,0.000000
1981-12-17,281.228180,289.458984,0.000000
1981-12-18,281.058350,289.300690,0.000000
1981-12-19,285.151062,290.867035,0.000000
1981-12-20,285.101105,293.150146,0.000000
1981-12-21,282.383789,292.259521,0.000000
1981-12-22,283.892273,291.177185,0.000000
1981-12-23,280.416870,289.621246,0.000000
1981-12-24,275.290710,284.914551,0.000000
1981-12-25,274.090271,288.865509,0.000000
1981-12-26,275.824982,287.631714,0.000000
1981-12-27,277.304993,286.892639,0.000000
1981-12-28,277.728180,286.882019,0.000000
1981-12-29,278.266663,291.586639,0.000000
1981-12-30,283.894806,298.763885,0.000000
1981-12-31,286.630035,300.875732,0.000000
1982-01-01,286.878662,300.372772,0.525914
1982-01-02,286.222839,293.536163,4.858483
1982-01-03,286.112823,297.082184,1.055462
1982-01-04,277.192261,291.849335,0.346226
1982-01-05,277.489380,284.307587,2.226777
1982-01-06,278.596527,288.338287,6.593008
1982-01-07,282.359711,292.497528,10.918934
1982-01-08,278.647614,291.988495,2.233345
1982-01-09,278.565430,291.918488,0.000000
1982-01-10,269.004242,290.594513,0.000000
1982-01-11,267.254547,274.216431,4.684839
1982-01-12,258.855927,276.662354,1.543698
1982-01-13,265.694519,281.327545,0.000000
1982-01-14,268.676208,284.221161,0.000000
1982-01-15,275.780670,289.135681,0.000000
1982-01-16,278.492859,293.478912,0.000000
1982-01-17,279.879852,294.366638,0.000000
1982-01-18,280.996857,295.277222,0.000000
1982-01-19,282.305176,293.903992,0.000000
1982-01-20,284.866058,293.452911,3.416639
1982-01-21,275.770691,292.218292,2.268935
1982-01-22,274.083160,289.608490,0.000000
1982-01-23,275.635345,291.375824,0.000000
1982-01-24,277.242279,296.319824,0.000000
1982-01-25,279.561462,297.366943,0.000000
1982-01-26,281.088898,298.858063,0.000000
1982-01-27,282.866730,298.969391,0.000000
1982-01-28,285.227081,299.698639,0.311666
1982-01-29,284.420471,299.254608,0.000000
1982-01-30,282.946991,298.170624,0.000000
1982-01-31,284.622620,297.702209,0.000000
1982-02-01,275.956177,288.317383,0.000000
1982-02-02,280.234497,289.020050,0.000000
1982-02-03,281.588562,290.661896,0.743945
1982-02-04,270.036926,286.020294,0.000000
1982-02-05,273.258148,291.292816,0.000000
1982-02-06,276.671906,291.743011,0.000000
1982-02-07,277.625641,295.447906,0.000000
1982-02-08,278.393738,294.693390,0.000000
1982-02-09,278.287659,293.780151,0.000000
1982-02-10,274.601532,290.806396,0.000000
1982-02-11,279.783020,298.475677,0.000000
1982-02-12,279.808380,298.486053,0.000000
1982-02-13,281.994568,303.071503,0.000000
1982-02-14,286.794220,302.380524,0.000000
1982-02-15,282.877289,299.699280,0.000000
1982-02-16,280.853149,296.194977,0.000000
1982-02-17,287.191956,297.971008,0.000000
1982-02-18,287.603485,297.434845,3.640548
1982-02-19,280.962372,298.299042,1.067909
1982-02-20,277.508270,287.490417,5.362279
1982-02-21,269.422852,282.585541,0.000000
1982-02-22,271.346771,283.836151,0.000000
1982-02-23,274.098022,285.575806,5.907804
1982-02-24,278.454071,284.925171,16.778732
1982-02-25,278.303223,290.320862,1.831090
1982-02-26,278.154022,291.323914,0.000000
1982-02-27,278.667908,297.259613,0.000000
1982-02-28,281.608826,296.403015,0.000000
1982-03-01,278.577454,295.162903,0.000000
1982-03-02,282.124115,299.018433,0.000000
1982-03-03,284.559662,298.624786,0.000000
1982-03-04,282.648590,297.321686,0.000000
1982-03-05,281.127838,296.369293,0.000000
1982-03-06,283.068634,301.977875,0.000000
1982-03-07,285.297546,303.705933,0.000000
1982-03-08,286.474182,303.618591,0.000000
1982-03-09,284.181610,296.789948,0.000000
1982-03-10,287.666962,297.351624,6.247176
1982-03-11,289.561646,296.681549,3.881629
1982-03-12,291.222626,297.134979,0.862742
1982-03-13,290.437958,296.539764,0.424588
1982-03-14,288.388519,294.453857,1.811273
1982-03-15,289.357513,294.163300,0.000000
1982-03-16,288.062408,294.715942,1.966188
1982-03-17,279.955811,289.372406,0.000000
1982-03-18,276.599823,292.145660,0.000000
1982-03-19,283.882446,299.087769,0.000000
1982-03-20,285.773010,298.038513,0.000000
1982-03-21,287.276337,295.068054,0.000000
1982-03-22,287.847626,294.484497,2.436836
1982-03-23,289.619720,294.269745,4.126650
1982-03-24,289.184723,294.570129,10.048745
1982-03-25,282.250641,292.087036,3.930269
1982-03-26,286.293549,292.162262,16.334927
1982-03-27,283.626038,289.773926,0.515264
1982-03-28,286.130920,290.387482,0.000000
1982-03-29,287.154663,293.101501,2.312096
1982-03-30,290.092468,300.877777,1.938307
1982-03-31,283.628296,301.373688,17.883724
1982-04-01,277.661133,287.861938,0.000000
1982-04-02,278.393097,291.889191,0.000000
1982-04-03,284.446075,295.116119,0.000000
1982-04-04,288.053406,300.470947,0.000000
1982-04-05,289.598602,299.951416,0.000000
1982-04-06,289.303345,301.092834,0.000000
1982-04-07,290.662872,300.150269,0.661641
1982-04-08,289.073334,298.251740,0.000000
1982-04-09,290.692474,298.586578,14.898844
1982-04-10,290.446899,302.461975,0.750166
1982-04-11,292.260834,301.967010,0.407533
1982-04-12,290.692261,300.262482,0.471264
1982-04-13,289.803925,295.976837,0.000000
1982-04-14,290.825897,299.195770,0.000000
1982-04-15,283.616516,299.190247,0.000000
1982-04-16,285.594788,298.706451,0.000000
1982-04-17,290.872528,302.574677,0.000000
1982-04-18,290.341003,304.180969,0.000000
1982-04-19,291.732147,304.591736,0.000000
1982-04-20,292.119446,304.968781,2.035233
1982-04-21,289.628571,298.236145,26.501862
1982-04-22,284.244659,295.715912,0.000000
1982-04-23,284.508728,298.355347,0.000000
1982-04-24,287.402222,298.289124,0.000000
1982-04-25,288.644135,296.929749,0.000000
1982-04-26,291.323334,299.450562,0.000000
1982-04-27,292.156158,300.107300,0.000000
1982-04-28,292.120483,299.099976,0.493735
1982-04-29,292.715607,296.964539,16.254911
1982-04-30,292.091827,299.164642,0.000000
1982-05-01,289.836060,296.727936,0.000000
1982-05-02,287.050690,296.981567,0.000000
1982-05-03,286.859680,300.015686,0.000000
1982-05-04,291.087219,300.828766,0.000000
1982-05-05,291.767120,297.626190,26.245296
1982-05-06,290.900665,299.222046,19.995899
1982-05-07,291.198700,302.778046,0.000000
1982-05-08,291.488831,302.489990,0.331252
1982-05-09,292.105377,300.219086,0.000000
1982-05-10,294.866882,300.162018,0.000000
1982-05-11,295.110474,299.866791,7.292423
1982-05-12,291.938568,298.741150,36.705822
1982-05-13,287.014374,293.126892,2.834308
1982-05-14,286.871582,294.435211,0.000000
1982-05-15,286.390381,295.366364,0.000000
1982-05-16,288.381836,295.855225,0.000000
1982-05-17,286.389252,298.958893,0.000000
1982-05-18,286.001160,301.644226,0.000000
1982-05-19,284.932190,302.507721,0.460896
1982-05-20,286.079498,302.788849,0.000000
1982-05-21,287.620911,303.944153,0.000000
1982-05-22,291.977783,308.459656,0.000000
1982-05-23,295.168732,310.588135,0.000000
1982-05-24,293.365814,310.229065,0.000000
1982-05-25,295.683441,309.534027,0.000000
1982-05-26,296.745392,306.886658,0.000000
1982-05-27,296.101135,305.389587,0.488903
1982-05-28,294.638672,305.766479,0.552224
1982-05-29,293.496643,307.418732,0.000000
1982-05-30,293.202789,309.905182,0.000000
1982-05-31,294.492462,310.747650,0.000000
1982-06-01,295.952576,311.346313,0.000000
1982-06-02,293.385956,310.898773,0.000000
1982-06-03,295.802612,311.029724,1.691192
1982-06-04,296.263794,310.835815,0.000000
1982-06-05,295.379456,309.595856,0.000000
1982-06-06,297.149170,307.970093,0.000000
1982-06-07,297.457947,307.454529,0.000000
1982-06-08,297.502441,310.926392,0.000000
1982-06-09,296.699738,311.224060,0.000000
1982-06-10,296.463196,311.390198,0.000000
1982-06-11,297.230072,311.308838,0.000000
1982-06-12,297.766357,311.695099,0.000000
1982-06-13,296.518005,311.272156,0.000000
1982-06-14,295.830933,310.775879,5.135708
1982-06-15,295.631470,308.242493,0.479612
1982-06-16,297.009308,307.687866,0.000000
1982-06-17,296.086395,300.585266,84.032372
1982-06-18,295.430542,304.888458,44.480175
1982-06-19,293.451080,305.172211,0.822153
1982-06-20,295.734100,303.475525,0.000000
1982-06-21,295.729889,302.020599,0.000000
1982-06-22,295.042908,301.766357,0.429852
1982-06-23,294.446899,301.184845,1.866900
1982-06-24,291.731934,303.599823,0.000000
1982-06-25,290.651825,305.389984,0.408387
1982-06-26,290.468048,307.422668,0.000000
1982-06-27,296.076935,308.904968,0.000000
1982-06-28,296.523987,308.552032,0.000000
1982-06-29,297.505280,308.709076,0.000000
1982-06-30,295.696075,306.996796,0.486097
1982-07-01,295.909119,307.280334,0.000000
1982-07-02,295.696533,309.629150,0.000000
1982-07-03,296.693909,310.359192,0.000000
1982-07-04,297.900238,311.262787,0.000000
1982-07-05,297.386658,311.053528,0.000000
1982-07-06,295.744293,308.165680,0.000000
1982-07-07,296.292358,306.777191,0.000000
1982-07-08,296.017609,307.182037,0.795516
1982-07-09,294.875427,305.715637,1.346645
1982-07-10,294.450836,305.542969,0.832530
1982-07-11,296.016479,307.113800,0.000000
1982-07-12,295.776550,310.324738,0.000000
1982-07-13,298.344269,311.094788,0.000000
1982-07-14,297.842926,311.067139,0.000000
1982-07-15,296.921631,309.601532,0.000000
1982-07-16,295.867981,309.626648,0.992774
1982-07-17,295.443085,309.148804,0.000000
1982-07-18,295.392822,307.968933,0.000000
1982-07-19,295.840607,306.128357,0.000000
1982-07-20,295.736328,305.666168,0.000000
1982-07-21,295.453125,305.093414,0.000000
1982-07-22,294.857819,305.122223,0.000000
1982-07-23,295.667664,303.782257,0.000000
1982-07-24,295.863037,303.972412,6.307343
1982-07-25,295.645752,303.958618,1.651429
1982-07-26,294.690186,304.478668,0.000000
1982-07-27,295.290192,304.993622,5.562771
1982-07-28,295.016693,303.560150,2.670295
1982-07-29,294.892090,303.505524,2.374917
1982-07-30,295.256531,306.184814,0.000000
1982-07-31,296.098816,305.318451,8.014939
1982-08-01,295.138763,303.365051,16.368830
1982-08-02,294.764618,306.302246,11.693168
1982-08-03,294.663330,306.891754,4.510046
1982-08-04,293.948334,307.987091,1.967603
1982-08-05,294.056976,309.272736,0.000000
1982-08-06,295.356079,310.525146,0.000000
1982-08-07,294.384460,310.394135,0.000000
1982-08-08,294.451019,308.808990,0.000000
1982-08-09,295.087646,308.310455,0.000000
1982-08-10,293.854492,307.571625,0.000000
1982-08-11,294.826630,305.623840,0.399067
1982-08-12,294.172272,306.493530,0.000000
1982-08-13,294.574158,306.383057,0.000000
1982-08-14,294.962219,306.134338,0.000000
1982-08-15,295.832672,307.039856,0.000000
1982-08-16,294.675781,306.184937,1.911689
1982-08-17,295.155029,303.919800,7.960183
1982-08-18,295.744965,304.698151,3.345927
1982-08-19,295.327942,304.949493,0.753600
1982-08-20,295.450378,303.943451,3.061218
1982-08-21,296.064117,303.248596,18.913319
1982-08-22,296.237976,302.595612,22.594561
1982-08-23,296.090393,303.300903,15.007010
1982-08-24,293.917145,300.955475,11.858815
1982-08-25,294.500153,302.351135,0.321895
1982-08-26,293.547241,303.624695,0.000000
1982-08-27,294.260284,303.451904,0.876569
1982-08-28,294.692841,304.869659,1.662971
1982-08-29,290.662231,306.112915,1.105068
1982-08-30,293.273102,309.593994,0.000000
1982-08-31,293.616241,310.863556,0.000000
1982-09-01,292.740204,309.672394,0.288303
1982-09-02,293.288055,305.311615,1.191031
1982-09-03,293.959473,305.534332,0.725992
1982-09-04,292.290466,305.635376,0.000000
1982-09-05,294.676788,305.799927,0.000000
1982-09-06,293.974701,305.633484,0.000000
1982-09-07,293.690857,304.949677,0.327467
1982-09-08,293.932404,303.544312,2.418466
1982-09-09,293.037170,303.267883,1.098310
1982-09-10,295.450287,302.461639,2.512672
1982-09-11,293.132416,303.871918,0.000000
1982-09-12,293.472717,304.436066,0.000000
1982-09-13,291.377075,306.137085,0.000000
1982-09-14,290.522186,306.694763,0.000000
1982-09-15,291.697510,306.727386,0.000000
1982-09-16,290.690247,306.098877,0.000000
1982-09-17,292.469208,305.010406,0.000000
1982-09-18,293.651733,304.404755,0.000000
1982-09-19,291.940369,306.076721,0.000000
1982-09-20,294.120575,305.844940,0.000000
1982-09-21,292.977844,305.024963,0.000000
1982-09-22,289.345245,305.971832,0.000000
1982-09-23,291.010315,306.828400,0.000000
1982-09-24,292.467285,307.485779,0.000000
1982-09-25,293.989929,308.558044,0.000000
1982-09-26,295.913086,308.912750,0.000000
1982-09-27,296.415253,308.313446,0.000000
1982-09-28,296.131012,307.361450,0.000000
1982-09-29,295.966431,307.004486,0.000000
1982-09-30,295.727417,306.322510,0.000000
1982-10-01,294.428375,306.139252,0.000000
1982-10-02,295.311096,306.401337,0.000000
1982-10-03,295.612885,306.765228,0.000000
1982-10-04,294.981232,306.300598,0.000000
1982-10-05,294.985382,306.041107,0.000000
1982-10-06,295.651367,306.113068,4.146354
1982-10-07,294.755371,305.349731,3.277805
1982-10-08,291.699646,305.273041,0.834790
1982-10-09,293.415894,303.776184,21.492449
1982-10-10,290.203339,299.316620,49.335144
1982-10-11,290.928040,300.839172,10.605999
1982-10-12,289.524078,302.936981,0.000000
1982-10-13,289.777710,304.312958,0.000000
1982-10-14,289.346008,305.249664,0.000000
1982-10-15,291.204865,304.910522,0.000000
1982-10-16,291.988220,302.918976,0.311060
1982-10-17,288.637482,296.373077,30.605433
1982-10-18,290.155609,294.929932,41.103268
1982-10-19,288.965454,296.566986,0.646192
1982-10-20,287.887299,299.058929,0.000000
1982-10-21,291.813324,299.644958,0.000000
1982-10-22,293.751953,299.423279,1.664463
1982-10-23,293.805908,298.950592,1.383411
1982-10-24,291.241364,298.455261,6.462735
1982-10-25,287.382050,295.333923,6.827304
1982-10-26,285.236359,294.044769,42.771122
1982-10-27,284.461029,292.813629,48.298084
1982-10-28,278.050415,281.996979,1.030420
1982-10-29,277.548004,289.297943,0.000000
1982-10-30,282.911652,292.542877,0.000000
1982-10-31,282.816681,292.050018,0.000000
1982-11-01,284.408417,293.834961,0.000000
1982-11-02,287.476654,298.274048,0.000000
1982-11-03,287.518341,298.199890,2.866724
1982-11-04,281.680145,295.271271,0.519063
1982-11-05,284.553162,299.237030,0.000000
1982-11-06,289.193878,302.737335,0.000000
1982-11-07,291.830872,301.377655,1.154835
1982-11-08,291.763611,299.894531,2.143158
1982-11-09,291.753784,298.206909,1.330576
1982-11-10,289.083221,297.870941,0.000000
1982-11-11,286.282715,292.969025,0.000000
1982-11-12,288.604065,293.529999,0.561485
1982-11-13,288.190765,300.289520,0.000000
1982-11-14,289.680939,300.612183,0.361878
1982-11-15,290.561340,297.367340,0.629275
1982-11-16,291.026093,298.005066,0.579236
1982-11-17,290.477417,298.661438,0.000000
1982-11-18,290.518402,298.345032,5.375033
1982-11-19,287.458466,295.735443,0.000000
1982-11-20,287.274200,294.315704,0.000000
1982-11-21,289.645020,297.143616,1.077384
1982-11-22,288.687408,300.481781,0.000000
1982-11-23,286.006744,299.543152,0.000000
1982-11-24,285.927521,301.151947,0.000000
1982-11-25,286.532227,301.393555,0.000000
1982-11-26,288.303864,302.058228,0.000000
1982-11-27,288.275726,302.835815,0.000000
1982-11-28,288.293610,303.451477,0.000000
1982-11-29,289.265198,302.453674,0.000000
1982-11-30,289.177063,299.990051,0.556342
1982-12-01,288.944458,299.000153,0.800920
1982-12-02,284.562775,296.661041,0.000000
1982-12-03,284.792542,292.704956,0.000000
1982-12-04,286.676758,296.228210,0.000000
1982-12-05,288.640137,299.230804,3.517106
1982-12-06,285.164154,299.651489,0.639134
1982-12-07,278.652527,294.507538,0.000000
1982-12-08,278.250916,296.016449,0.000000
1982-12-09,278.272034,297.774353,0.000000
1982-12-10,282.292816,299.335388,0.000000
1982-12-11,282.827515,297.321259,0.000000
1982-12-12,282.227966,299.555756,0.000000
1982-12-13,286.674408,300.412018,0.000000
1982-12-14,288.528229,300.733826,0.000000
1982-12-15,282.741486,299.663177,0.000000
1982-12-16,278.274384,294.028442,0.000000
1982-12-17,279.997314,292.119720,0.000000
1982-12-18,277.605530,294.576752,0.000000
1982-12-19,280.402222,295.684998,0.000000
1982-12-20,283.073029,295.318878,0.000000
1982-12-21,286.801605,295.219116,8.092587
1982-12-22,286.593445,292.065582,56.370033
1982-12-23,285.890015,292.278900,8.398649
1982-12-24,282.507141,292.287720,0.000000
1982-12-25,282.791779,292.888306,0.000000
1982-12-26,280.511658,290.991058,1.087066
1982-12-27,276.901794,287.932953,0.000000
1982-12-28,274.723785,290.763275,0.000000
1982-12-29,275.481476,291.013641,0.000000
1982-12-30,275.780914,292.761688,0.000000
1982-12-31,277.535645,294.679901,0.000000
1983-01-01,281.907990,292.930878,0.000000
1983-01-02,278.082001,291.078094,2.397099
1983-01-03,271.417206,286.151855,0.000000
1983-01-04,270.756805,283.103821,0.000000
1983-01-05,270.041168,281.843262,0.000000
1983-01-06,268.564545,279.770508,0.000000
1983-01-07,269.620331,287.936584,0.000000
1983-01-08,272.276611,289.291351,0.000000
1983-01-09,277.680115,290.605835,0.000000
1983-01-10,265.523560,284.942200,0.682688
1983-01-11,266.226685,274.096344,0.000000
1983-01-12,267.885437,275.204498,3.265141
1983-01-13,273.289093,278.864838,19.851889
1983-01-14,270.652985,278.999359,5.808750
1983-01-15,271.447601,279.196533,0.000000
1983-01-16,271.897003,278.673035,0.000000
1983-01-17,274.501526,289.783936,2.949074
1983-01-18,284.078247,294.442566,0.521764
1983-01-19,286.020966,295.748352,1.195005
1983-01-20,287.397064,296.060394,2.175504
1983-01-21,286.652161,296.591827,0.000000
1983-01-22,276.844025,294.722168,0.000000
1983-01-23,276.406677,284.944489,0.871973
1983-01-24,278.562256,289.172150,0.000000
1983-01-25,279.000336,294.872986,0.000000
1983-01-26,282.361511,298.045288,0.000000
1983-01-27,285.456512,296.354797,2.528898
1983-01-28,285.319305,293.586731,7.702721
1983-01-29,277.612366,290.726776,0.000000
1983-01-30,281.038666,296.540131,0.000000
1983-01-31,278.273621,292.176758,0.860222
1983-02-01,278.172607,285.801575,2.635590
1983-02-02,282.412476,289.752106,3.362514
1983-02-03,280.192383,292.748596,0.000000
1983-02-04,280.721069,295.186615,0.000000
1983-02-05,286.075989,293.272125,0.000000
1983-02-06,277.713867,289.633789,0.000000
1983-02-07,278.656342,294.381622,0.000000
1983-02-08,281.382050,297.217316,0.000000
1983-02-09,278.977997,296.433380,0.000000
1983-02-10,282.146057,301.973633,0.000000
1983-02-11,285.238464,302.831512,0.000000
1983-02-12,286.202728,302.473145,0.000000
1983-02-13,282.730896,297.658936,0.000000
1983-02-14,284.861237,299.117920,0.698088
1983-02-15,283.279419,297.700897,6.338638
1983-02-16,277.942139,296.194000,0.000000
1983-02-17,283.975037,299.526398,1.515641
1983-02-18,273.553406,297.594147,0.000000
1983-02-19,267.519226,278.265839,0.000000
1983-02-20,266.984528,277.120544,0.000000
1983-02-21,271.770264,293.477173,0.000000
1983-02-22,277.676605,299.064148,0.000000
1983-02-23,282.218628,298.264038,0.000000
1983-02-24,285.956543,306.166260,0.000000
1983-02-25,288.656708,305.710052,0.000000
1983-02-26,283.288116,300.805756,0.000000
1983-02-27,288.372345,303.280884,0.000000
1983-02-28,279.793823,302.468079,1.395464
1983-03-01,277.560394,287.332214,1.171681
1983-03-02,277.047180,282.791931,6.147946
1983-03-03,278.801514,291.350739,0.000000
1983-03-04,282.024109,289.034882,7.399707
1983-03-05,279.494812,288.117554,0.834289
1983-03-06,278.089050,289.037415,0.000000
1983-03-07,280.364777,289.897919,2.829155
1983-03-08,284.679749,291.101379,13.119767
1983-03-09,277.619507,292.503326,2.004970
1983-03-10,276.860870,289.249725,0.000000
1983-03-11,276.738098,288.664368,0.000000
1983-03-12,283.249878,290.575867,5.532892
1983-03-13,281.979034,290.315765,13.975164
1983-03-14,279.674377,293.578247,0.000000
1983-03-15,281.709442,296.054260,0.000000
1983-03-16,285.675781,295.110779,0.000000
1983-03-17,286.428589,292.977539,0.000000
1983-03-18,286.445923,291.278320,5.822309
1983-03-19,287.233093,297.193787,20.873625
1983-03-20,279.327698,292.937561,0.000000
1983-03-21,277.972809,290.493774,0.000000
1983-03-22,284.001038,295.497375,0.000000
1983-03-23,278.031219,295.289490,0.000000
1983-03-24,283.153503,301.552246,0.000000
1983-03-25,286.815918,302.971649,0.000000
1983-03-26,288.270844,300.019104,0.000000
1983-03-27,277.390198,294.685394,0.000000
1983-03-28,281.146545,298.060791,0.000000
1983-03-29,283.871643,300.768555,0.000000
1983-03-30,286.486603,300.298004,0.000000
1983-03-31,285.981171,296.171234,0.387512
1983-04-01,287.103943,298.720459,0.000000
1983-04-02,286.839966,303.905853,0.000000
1983-04-03,287.795776,303.678864,0.000000
1983-04-04,290.033142,304.003479,0.000000
1983-04-05,291.949524,304.213226,0.811577
1983-04-06,290.632446,304.968384,0.000000
1983-04-07,290.837280,304.868835,0.000000
1983-04-08,291.938934,303.995026,0.000000
1983-04-09,289.793854,303.690674,0.000000
1983-04-10,289.956848,305.265503,0.000000
1983-04-11,291.235931,305.927673,0.000000
1983-04-12,292.552765,306.086884,0.000000
1983-04-13,291.977509,304.365753,2.624214
1983-04-14,288.526123,300.910431,0.000000
1983-04-15,284.754089,301.449341,0.000000
1983-04-16,286.839691,305.250122,0.000000
1983-04-17,289.462982,306.379791,0.000000
1983-04-18,289.729523,306.250885,0.000000
1983-04-19,291.096191,305.521698,0.000000
1983-04-20,292.240906,307.324768,0.000000
1983-04-21,292.688049,308.295563,0.000000
1983-04-22,292.357758,307.627045,0.000000
1983-04-23,291.866577,305.489258,0.000000
1983-04-24,293.375061,302.205200,0.438415
1983-04-25,292.559479,302.206421,0.000000
1983-04-26,291.898804,303.009216,0.000000
1983-04-27,290.082947,302.663666,2.040911
1983-04-28,289.839630,303.630341,0.000000
1983-04-29,290.179382,301.377747,0.000000
1983-04-30,288.213257,307.022125,0.000000
1983-05-01,294.265900,308.499908,0.000000
1983-05-02,294.325073,308.739380,0.000000
1983-05-03,297.210938,308.364410,0.000000
1983-05-04,296.243958,307.960693,0.000000
1983-05-05,295.065948,305.347778,27.197165
1983-05-06,295.142212,305.078339,0.000000
1983-05-07,296.065186,306.906982,0.280867
1983-05-08,294.778076,307.145508,0.816346
1983-05-09,294.161713,302.687469,0.000000
1983-05-10,294.345490,306.083160,0.000000
1983-05-11,294.675140,305.123352,48.847549
1983-05-12,295.239471,301.597443,1.435772
1983-05-13,286.020721,296.776794,0.000000
1983-05-14,285.813354,294.193481,0.000000
1983-05-15,284.568817,295.935242,0.000000
1983-05-16,288.624176,298.625610,4.696847
1983-05-17,287.223541,299.211334,0.000000
1983-05-18,292.436707,300.753906,8.480819
1983-05-19,289.911316,300.221924,0.000000
1983-05-20,291.157623,302.632202,0.000000
1983-05-21,293.350281,302.222778,0.392296
1983-05-22,294.422455,303.565125,10.069858
1983-05-23,294.181183,303.772827,4.735482
1983-05-24,292.671783,302.887970,0.000000
1983-05-25,292.898102,303.313171,0.000000
1983-05-26,291.362061,304.387482,0.000000
1983-05-27,292.581757,304.151703,0.000000
1983-05-28,292.866913,305.015839,0.575857
1983-05-29,295.625641,305.511353,0.296389
1983-05-30,295.373657,305.601196,0.000000
1983-05-31,292.897430,303.334930,6.345325
1983-06-01,292.937073,303.561951,3.845830
1983-06-02,295.533997,304.033966,10.314299
1983-06-03,296.129700,303.896759,5.497722
1983-06-04,294.394745,298.352966,32.681644
1983-06-05,295.075226,303.643768,39.896843
1983-06-06,294.934448,303.476685,25.930908
1983-06-07,293.243042,301.818726,39.612053
1983-06-08,291.315613,301.374115,4.934856
1983-06-09,292.938873,302.933502,22.083773
1983-06-10,294.688019,302.166809,2.025710
1983-06-11,295.288635,301.944092,10.053946
1983-06-12,294.061737,302.334412,3.882266
1983-06-13,292.081085,301.124359,18.010454
1983-06-14,294.013062,302.982819,0.000000
1983-06-15,293.573792,301.246552,0.000000
1983-06-16,293.367279,303.919952,0.000000
1983-06-17,294.313354,305.985382,0.000000
1983-06-18,295.385620,305.962738,0.000000
1983-06-19,295.518585,306.753357,0.000000
1983-06-20,294.898804,306.733002,0.000000
1983-06-21,294.275665,307.296814,0.000000
1983-06-22,295.981262,306.944244,0.000000
1983-06-23,295.877136,307.404877,1.030232
1983-06-24,296.291321,306.478729,6.447493
1983-06-25,295.788483,302.203522,22.416414
1983-06-26,293.125183,305.099213,0.000000
1983-06-27,294.871613,304.331940,0.000000
1983-06-28,295.222595,305.580688,0.000000
1983-06-29,296.014313,306.624634,0.842138
1983-06-30,294.695099,304.258667,5.782701
1983-07-01,294.031311,303.503540,20.003887
1983-07-02,295.613739,303.580658,0.745297
1983-07-03,294.996796,301.968231,10.593278
1983-07-04,295.868103,301.209442,18.249081
1983-07-05,295.101166,301.151154,10.748920
1983-07-06,295.463165,303.020355,1.921866
1983-07-07,295.209839,307.507538,0.000000
1983-07-08,294.228912,307.296600,0.000000
1983-07-09,294.827576,309.042480,0.000000
1983-07-10,297.165283,310.798096,0.000000
1983-07-11,297.616364,310.665588,0.000000
1983-07-12,296.284393,308.895966,0.000000
1983-07-13,295.420410,306.388367,0.000000
1983-07-14,295.640533,306.074493,0.000000
1983-07-15,295.916779,306.486237,0.000000
1983-07-16,296.795044,306.517090,0.000000
1983-07-17,296.705048,309.141357,0.000000
1983-07-18,296.509308,310.511475,0.000000
1983-07-19,296.448364,310.754730,0.000000
1983-07-20,296.927124,310.152283,0.000000
1983-07-21,298.024109,311.303070,0.000000
1983-07-22,298.803802,311.451691,0.695611
1983-07-23,297.627991,311.301819,0.000000
1983-07-24,296.596069,310.633087,0.000000
1983-07-25,296.443787,308.036194,0.000000
1983-07-26,296.635376,310.233734,0.000000
1983-07-27,295.988403,310.060089,0.000000
1983-07-28,295.868713,309.273346,0.000000
1983-07-29,296.189667,306.410889,0.000000
1983-07-30,296.371552,310.043671,0.000000
1983-07-31,295.969116,310.825287,1.201824
1983-08-01,296.064545,311.548553,0.000000
1983-08-02,297.214630,311.661194,0.000000
1983-08-03,297.883179,310.355560,15.797132
1983-08-04,297.484833,303.066833,1.881486
1983-08-05,296.009918,303.696014,0.303256
1983-08-06,294.514740,306.628510,0.000000
1983-08-07,294.971222,308.389008,0.000000
1983-08-08,295.009064,309.511810,0.000000
1983-08-09,296.357269,311.431000,0.000000
1983-08-10,297.168945,311.867279,0.000000
1983-08-11,298.201324,312.263550,0.000000
1983-08-12,296.694763,310.426300,1.679358
1983-08-13,296.571472,308.149048,0.688510
1983-08-14,297.070557,310.534576,0.000000
1983-08-15,295.828735,310.485901,0.000000
1983-08-16,296.367218,310.245117,0.000000
1983-08-17,294.233826,307.870239,0.000000
1983-08-18,295.100830,307.555450,0.000000
1983-08-19,295.836487,307.556763,0.000000
1983-08-20,295.312256,307.416046,0.000000
1983-08-21,296.430847,307.660187,0.000000
1983-08-22,296.670471,307.440582,0.000000
1983-08-23,296.422333,307.929260,0.000000
1983-08-24,296.111206,308.667175,0.000000
1983-08-25,295.628571,307.846527,0.000000
1983-08-26,295.089020,308.053772,0.000000
1983-08-27,296.194763,309.272766,0.000000
1983-08-28,297.037384,309.228699,0.000000
1983-08-29,295.961578,308.173859,0.000000
1983-08-30,295.448120,307.588745,0.872041
1983-08-31,296.028046,307.541260,0.000000
1983-09-01,295.113495,308.151459,0.000000
1983-09-02,293.703827,307.786011,0.000000
1983-09-03,292.935242,309.906372,0.000000
1983-09-04,295.960571,310.535492,0.000000
1983-09-05,295.811035,308.986633,9.280685
1983-09-06,293.526550,305.497528,3.890242
1983-09-07,296.004181,303.176727,4.659976
1983-09-08,294.779175,307.266632,0.000000
1983-09-09,296.152130,308.285156,0.000000
1983-09-10,294.715057,307.023224,0.000000
1983-09-11,292.974030,304.106110,0.000000
1983-09-12,291.029083,303.247986,0.000000
1983-09-13,289.363007,305.335876,0.000000
1983-09-14,291.548065,306.644806,0.000000
1983-09-15,293.601807,306.864777,0.000000
1983-09-16,295.058228,306.437500,0.000000
1983-09-17,294.586151,305.588806,0.000000
1983-09-18,293.746582,306.330780,0.000000
1983-09-19,294.694092,305.912262,3.578103
1983-09-20,294.123657,303.451447,3.378765
1983-09-21,290.742401,303.284607,0.000000
1983-09-22,289.728333,304.950897,0.000000
1983-09-23,290.282196,306.434082,0.000000
1983-09-24,291.267303,306.458099,0.000000
1983-09-25,292.106750,305.052734,0.452752
1983-09-26,289.970673,302.064728,0.000000
1983-09-27,287.038544,301.630463,0.000000
1983-09-28,289.269440,303.469086,0.000000
1983-09-29,288.281219,302.479370,0.000000
1983-09-30,287.077606,304.188141,0.000000
1983-10-01,290.920197,304.889099,0.000000
1983-10-02,289.451050,302.622131,0.000000
1983-10-03,286.140900,298.904358,0.000000
1983-10-04,286.938660,302.247559,0.000000
1983-10-05,287.954407,304.682220,0.000000
1983-10-06,289.037231,305.399445,0.000000
1983-10-07,289.033691,306.040131,0.000000
1983-10-08,289.402100,304.962463,2.730859
1983-10-09,291.597595,306.616394,0.978737
1983-10-10,291.103516,307.495270,0.000000
1983-10-11,291.814392,307.134491,0.000000
1983-10-12,291.678192,305.407318,6.262212
1983-10-13,286.697815,300.052490,8.967221
1983-10-14,289.267181,302.434814,0.000000
1983-10-15,293.227112,302.816895,1.595912
1983-10-16,292.357117,301.941223,0.000000
1983-10-17,291.963104,298.269531,2.141116
1983-10-18,290.713989,298.489136,6.604748
1983-10-19,284.155090,297.481598,0.000000
1983-10-20,284.350159,302.002350,0.000000
1983-10-21,287.218658,301.525665,0.000000
1983-10-22,287.054932,302.068573,0.000000
1983-10-23,288.311737,303.361786,0.000000
1983-10-24,288.579895,303.049316,0.000000
1983-10-25,286.804474,300.484009,0.000000
1983-10-26,286.036987,299.687347,0.000000
1983-10-27,284.436096,298.460602,0.000000
1983-10-28,284.733002,302.000671,0.000000
1983-10-29,286.113129,301.628113,0.000000
1983-10-30,286.240295,302.268738,0.000000
1983-10-31,287.954620,304.126129,0.000000
1983-11-01,288.607330,303.567719,0.000000
1983-11-02,288.740265,305.204407,0.000000
1983-11-03,290.146973,306.124481,0.000000
1983-11-04,291.222809,305.864563,0.000000
1983-11-05,288.979401,303.100311,0.000000
1983-11-06,289.811401,302.825928,0.000000
1983-11-07,291.553162,302.045929,0.000000
1983-11-08,289.280548,302.249115,0.000000
1983-11-09,290.333984,301.720551,0.000000
1983-11-10,289.079987,300.833252,0.000000
1983-11-11,280.122833,294.528046,0.000000
1983-11-12,282.487244,297.355042,0.000000
1983-11-13,284.069305,296.602692,0.000000
1983-11-14,279.599365,295.769836,0.000000
1983-11-15,281.401611,299.680878,0.000000
1983-11-16,284.101044,298.589722,0.000000
1983-11-17,283.186157,297.208984,0.000000
1983-11-18,281.550018,299.200348,0.000000
1983-11-19,284.964539,298.489044,0.000000
1983-11-20,280.917206,296.419830,0.000000
1983-11-21,282.608917,299.226349,0.000000
1983-11-22,284.155945,300.243408,0.000000
1983-11-23,288.232300,300.090332,0.000000
1983-11-24,282.138824,298.384125,0.000000
1983-11-25,282.469849,295.133026,0.000000
1983-11-26,280.009033,295.741455,0.000000
1983-11-27,282.275879,300.318207,0.000000
1983-11-28,284.301605,299.303436,0.000000
1983-11-29,280.713470,299.329468,0.000000
1983-11-30,283.501221,300.890594,0.000000
1983-12-01,284.560791,300.911621,0.000000
1983-12-02,285.219666,301.432922,0.000000
1983-12-03,288.186829,301.193268,1.452153
1983-12-04,282.153717,299.963348,1.417221
1983-12-05,274.022522,288.325562,4.770656
1983-12-06,273.602295,280.594147,7.352275
1983-12-07,273.569153,283.323608,0.000000
1983-12-08,276.277344,285.185638,0.000000
1983-12-09,275.304932,291.347382,0.000000
1983-12-10,276.006104,295.724060,0.000000
1983-12-11,279.117828,294.561951,0.000000
1983-12-12,283.933716,293.160675,0.000000
1983-12-13,285.734131,296.583191,0.388643
1983-12-14,279.710358,298.452484,0.287261
1983-12-15,282.889984,296.514191,0.000000
1983-12-16,282.364716,300.781982,0.000000
1983-12-17,281.727081,298.745300,0.000000
1983-12-18,283.935516,297.629517,0.000000
1983-12-19,285.559296,297.328583,2.913303
1983-12-20,270.667023,290.545074,2.756044
1983-12-21,270.052002,279.618286,5.616219
1983-12-22,274.531250,281.393341,7.507227
1983-12-23,276.997772,286.907104,28.212337
1983-12-24,278.359161,287.437469,70.515427
1983-12-25,280.062256,288.885376,14.541707
1983-12-26,277.671265,284.560669,4.053223
1983-12-27,275.559174,284.187836,11.461224
1983-12-28,273.371246,284.797119,1.959006
1983-12-29,275.288025,290.157776,0.000000
1983-12-30,281.037048,289.969330,0.000000
1983-12-31,274.816620,286.214081,0.000000
1984-01-01,273.415314,283.959930,0.000000
1984-01-02,276.038788,285.908295,1.866873
1984-01-03,275.511383,289.200775,0.000000
1984-01-04,277.913300,290.917511,1.469341
1984-01-05,275.327332,285.672821,0.000000
1984-01-06,271.052460,285.302582,0.000000
1984-01-07,274.860870,289.068146,0.000000
1984-01-08,276.324097,289.856781,0.000000
1984-01-09,278.788910,288.859344,2.346113
1984-01-10,274.704468,287.866364,0.000000
1984-01-11,272.825897,280.754486,0.000000
1984-01-12,273.176697,281.536530,2.852388
1984-01-13,272.486786,282.156830,4.696473
1984-01-14,269.314209,279.453735,1.376890
1984-01-15,267.828979,278.763489,0.415648
1984-01-16,270.375732,284.186432,0.000000
1984-01-17,274.289978,282.959961,0.000000
1984-01-18,277.897339,292.286713,0.000000
1984-01-19,278.898102,290.289124,0.000000
1984-01-20,274.090942,285.910004,19.942974
1984-01-21,272.510162,285.050354,0.854492
1984-01-22,273.575806,286.742584,0.000000
1984-01-23,274.382935,286.113281,0.000000
1984-01-24,273.866516,285.594360,4.753119
1984-01-25,270.618469,283.117859,0.000000
1984-01-26,273.471771,288.071198,0.000000
1984-01-27,274.186859,288.511078,0.000000
1984-01-28,276.619110,290.748047,0.000000
1984-01-29,276.516235,292.587952,0.000000
1984-01-30,278.127167,290.596008,0.000000
1984-01-31,276.773895,284.592957,0.000000
1984-02-01,275.631714,283.301208,0.000000
1984-02-02,275.364197,292.449829,0.000000
1984-02-03,276.874481,291.973785,0.000000
1984-02-04,280.858246,291.481476,1.975280
1984-02-05,280.092102,287.372589,4.562883
1984-02-06,280.921265,291.091400,1.072056
1984-02-07,273.281128,285.167877,0.000000
1984-02-08,272.048126,279.805023,0.000000
1984-02-09,271.629486,279.941071,0.000000
1984-02-10,267.893066,282.905762,0.000000
1984-02-11,269.389404,286.025665,0.000000
1984-02-12,274.211853,285.982361,0.744908
1984-02-13,273.275635,281.748291,0.000000
1984-02-14,270.401978,283.824188,0.000000
1984-02-15,272.585571,289.342682,0.000000
1984-02-16,273.866241,291.320892,0.000000
1984-02-17,278.851013,300.493439,0.000000
1984-02-18,283.277039,305.535767,0.000000
1984-02-19,287.692017,305.466888,0.000000
1984-02-20,289.356506,304.231598,0.000000
1984-02-21,286.016754,303.378387,0.000000
1984-02-22,286.999573,303.907379,0.000000
1984-02-23,289.505310,303.323944,0.000000
1984-02-24,288.316528,299.577820,0.000000
1984-02-25,289.156799,300.344635,2.643134
1984-02-26,281.212708,299.431427,0.000000
1984-02-27,281.229858,297.094452,0.000000
1984-02-28,283.005219,296.662994,0.000000
1984-02-29,283.735626,296.208740,2.170348
1984-03-01,284.466034,295.754517,4.340696
1984-03-02,278.259552,288.168030,13.694610
1984-03-03,277.171783,289.629761,0.000000
1984-03-04,278.285797,289.009644,0.000000
1984-03-05,277.570526,285.149994,4.358554
1984-03-06,273.263184,285.137451,0.000000
1984-03-07,272.805267,294.635620,0.000000
1984-03-08,281.379059,300.888428,0.000000
1984-03-09,283.659332,300.609039,6.160786
1984-03-10,273.270020,286.470551,4.515354
1984-03-11,270.512604,284.853912,0.000000
1984-03-12,277.253693,290.680756,1.424343
1984-03-13,280.186981,292.249329,0.000000
1984-03-14,278.578888,296.874176,0.000000
1984-03-15,285.199860,296.709717,0.400587
1984-03-16,286.552216,294.445801,0.000000
1984-03-17,284.819458,298.305603,0.521807
1984-03-18,281.358582,296.972504,0.000000
1984-03-19,281.436951,300.496918,0.000000
1984-03-20,288.111237,300.637146,0.000000
1984-03-21,289.489777,306.691650,0.000000
1984-03-22,291.269226,304.865845,0.000000
1984-03-23,287.502441,298.461823,0.000000
1984-03-24,284.178223,292.067963,3.756649
1984-03-25,286.482300,293.085388,37.929634
1984-03-26,281.802063,293.204010,1.861245
1984-03-27,285.033722,293.040710,0.000000
1984-03-28,289.246429,297.849457,3.078456
1984-03-29,280.897675,297.595642,1.228720
1984-03-30,277.290314,286.849640,0.000000
1984-03-31,275.710052,287.318542,0.000000
1984-04-01,275.022552,287.968536,0.000000
1984-04-02,273.037872,289.861725,0.000000
1984-04-03,278.347778,294.773346,0.000000
1984-04-04,282.847382,298.566559,0.000000
1984-04-05,286.845886,301.700348,0.000000
1984-04-06,282.095764,300.798553,0.000000
1984-04-07,286.916290,300.763702,0.000000
1984-04-08,283.153931,299.431061,0.337117
1984-04-09,280.461121,299.507996,0.000000
1984-04-10,285.178772,303.517975,0.000000
1984-04-11,288.300079,306.682617,0.000000
1984-04-12,290.213898,306.949615,0.000000
1984-04-13,289.436432,307.620087,0.000000
1984-04-14,290.405609,307.072845,0.000000
1984-04-15,292.994934,306.676819,0.000000
1984-04-16,292.967194,306.801941,0.000000
1984-04-17,291.671448,305.608398,1.737088
1984-04-18,289.879272,307.672577,0.000000
1984-04-19,290.627167,307.872498,0.000000
1984-04-20,285.824554,300.901581,0.000000
1984-04-21,285.902588,302.243713,0.000000
1984-04-22,288.009338,301.778900,0.000000
1984-04-23,291.668579,297.460480,0.000000
1984-04-24,291.662750,300.389038,0.000000
1984-04-25,290.092224,302.492279,0.000000
1984-04-26,290.500427,305.533142,0.000000
1984-04-27,291.238525,306.369995,0.000000
1984-04-28,292.548950,306.158508,0.000000
1984-04-29,293.159302,305.889984,0.000000
1984-04-30,285.638031,301.854645,0.000000
1984-05-01,284.761871,301.966919,0.000000
1984-05-02,289.288483,307.383209,0.000000
1984-05-03,292.167999,308.328613,0.000000
1984-05-04,293.061279,308.166382,0.000000
1984-05-05,292.469391,307.227203,0.000000
1984-05-06,292.870056,307.955322,0.000000
1984-05-07,293.940155,307.324371,0.000000
1984-05-08,292.615295,304.333679,0.000000
1984-05-09,293.090240,300.217712,0.898565
1984-05-10,293.528900,299.822968,3.639555
1984-05-11,291.874542,296.244781,33.633778
1984-05-12,290.224152,296.905914,27.773422
1984-05-13,287.604675,296.011505,0.000000
1984-05-14,289.338226,303.785736,0.000000
1984-05-15,292.586731,305.089783,0.000000
1984-05-16,293.602020,303.317505,0.000000
1984-05-17,293.228516,302.185974,1.638422
1984-05-18,293.857269,306.908997,0.000000
1984-05-19,296.317230,309.224548,0.000000
1984-05-20,296.495697,310.683319,0.000000
1984-05-21,297.423798,310.574707,0.000000
1984-05-22,295.667786,309.162048,0.000000
1984-05-23,297.245422,310.205200,0.000000
1984-05-24,295.968506,310.042969,0.000000
1984-05-25,294.940430,310.008575,0.000000
1984-05-26,295.800568,308.333771,0.000000
1984-05-27,295.902618,306.948578,0.000000
1984-05-28,296.163300,308.948151,0.000000
1984-05-29,297.060577,309.805817,0.000000
1984-05-30,299.492798,310.656433,0.000000
1984-05-31,297.796570,311.377808,0.000000
1984-06-01,297.349945,310.404968,0.000000
1984-06-02,295.452057,308.502289,0.000000
1984-06-03,295.963074,306.087250,0.000000
1984-06-04,296.090820,305.570892,0.000000
1984-06-05,295.861603,305.438843,5.237420
1984-06-06,295.897217,306.493805,0.000000
1984-06-07,294.999573,306.635101,0.000000
1984-06-08,295.917786,306.875244,0.000000
1984-06-09,294.803558,306.650970,0.000000
1984-06-10,294.871429,308.620758,0.000000
1984-06-11,295.353058,307.614838,0.000000
1984-06-12,294.506409,307.476990,0.000000
1984-06-13,294.008575,306.630280,0.000000
1984-06-14,296.703125,308.307922,0.000000
1984-06-15,295.663605,306.231689,0.861396
1984-06-16,296.885345,308.618774,0.000000
1984-06-17,297.258209,309.962189,0.000000
1984-06-18,298.189819,309.857025,0.000000
1984-06-19,298.241425,308.612671,1.140599
1984-06-20,297.319427,307.168488,0.000000
1984-06-21,296.776489,306.717377,0.000000
1984-06-22,297.320374,307.897034,0.000000
1984-06-23,298.753967,310.242645,0.000000
1984-06-24,298.683105,311.707489,0.000000
1984-06-25,296.905182,303.130524,25.008305
1984-06-26,296.184113,309.413696,0.000000
1984-06-27,297.476044,311.507538,0.000000
1984-06-28,298.015411,311.224884,0.000000
1984-06-29,300.253937,312.032196,0.000000
1984-06-30,299.081635,312.483673,0.000000
1984-07-01,299.946503,313.185822,0.000000
1984-07-02,299.463470,313.024017,0.000000
1984-07-03,299.859741,312.568420,0.000000
1984-07-04,299.487427,312.427704,0.000000
1984-07-05,299.964264,313.484863,0.000000
1984-07-06,299.282349,312.441071,0.000000
1984-07-07,297.798553,309.059113,0.000000
1984-07-08,296.633759,303.041473,35.307255
1984-07-09,296.700073,302.617798,12.071384
1984-07-10,296.319000,306.274994,0.000000
1984-07-11,296.091400,306.459961,0.000000
1984-07-12,296.054504,308.341095,0.000000
1984-07-13,296.507324,308.449585,0.000000
1984-07-14,296.279633,309.677765,0.000000
1984-07-15,297.454010,310.648163,0.000000
1984-07-16,298.501404,311.374664,0.000000
1984-07-17,298.545807,311.121643,0.000000
1984-07-18,297.290466,310.728516,0.000000
1984-07-19,297.523926,311.491791,0.000000
1984-07-20,298.913574,311.630127,0.000000
1984-07-21,298.522797,311.576385,0.000000
1984-07-22,298.420959,311.914276,0.000000
1984-07-23,299.273895,311.963745,0.000000
1984-07-24,299.876373,312.827698,0.000000
1984-07-25,298.717010,312.641327,0.000000
1984-07-26,298.717987,312.312836,0.000000
1984-07-27,299.611298,313.552551,0.000000
1984-07-28,298.923676,312.880707,0.000000
1984-07-29,298.286591,312.061401,0.000000
1984-07-30,299.869629,309.565460,0.289448
1984-07-31,298.851746,309.218292,0.000000
1984-08-01,298.401978,310.793549,0.000000
1984-08-02,297.751038,310.667358,0.283606
1984-08-03,297.692413,310.085510,0.000000
1984-08-04,297.395355,308.989410,0.000000
1984-08-05,298.920715,309.353607,14.624646
1984-08-06,297.136200,307.160431,1.825923
1984-08-07,297.610321,306.348236,12.998199
1984-08-08,296.760437,303.565521,9.087512
1984-08-09,296.337952,303.537231,6.460650
1984-08-10,297.023773,304.349884,7.488937
1984-08-11,296.796722,305.260895,0.000000
1984-08-12,297.002258,306.012756,1.452850
1984-08-13,296.406799,308.345795,0.846858
1984-08-14,297.281494,309.515869,0.000000
1984-08-15,299.010681,310.535034,0.000000
1984-08-16,298.834106,308.056854,2.903600
1984-08-17,295.991150,307.405060,0.000000
1984-08-18,297.742676,308.907654,0.000000
1984-08-19,297.696594,310.376038,0.000000
1984-08-20,298.730743,310.717834,0.000000
1984-08-21,300.004730,311.615051,0.000000
1984-08-22,299.732880,311.633698,5.352800
1984-08-23,298.672028,311.248962,1.085269
1984-08-24,297.433838,307.465271,6.433506
1984-08-25,297.699097,304.946869,7.233902
1984-08-26,296.193512,305.138275,0.772387
1984-08-27,295.281677,305.193573,6.920969
1984-08-28,295.396545,304.975281,0.000000
1984-08-29,294.280579,303.824097,0.000000
1984-08-30,295.127502,305.505341,0.000000
1984-08-31,297.248596,309.114777,0.416929
1984-09-01,296.800140,310.482452,0.000000
1984-09-02,296.251831,307.488129,29.501158
1984-09-03,294.348022,304.235107,0.000000
1984-09-04,294.719940,303.978607,2.050006
1984-09-05,290.505981,303.897278,0.000000
1984-09-06,292.855927,305.665894,0.000000
1984-09-07,296.963989,304.848969,0.000000
1984-09-08,293.372620,304.135498,0.000000
1984-09-09,296.005615,306.026337,0.000000
1984-09-10,296.070953,306.656677,0.000000
1984-09-11,296.064301,306.333099,0.000000
1984-09-12,297.213348,307.023956,0.000000
1984-09-13,296.343353,308.425415,0.000000
1984-09-14,295.889008,308.365143,0.000000
1984-09-15,295.980774,307.416626,0.000000
1984-09-16,295.251221,307.912323,0.000000
1984-09-17,294.361969,306.863556,2.707846
1984-09-18,294.770416,301.462250,8.669370
1984-09-19,292.074097,299.686462,10.424545
1984-09-20,290.265808,301.134247,0.900534
1984-09-21,290.537018,304.589691,0.000000
1984-09-22,293.680298,304.803497,0.966476
1984-09-23,294.613281,304.754761,0.316214
1984-09-24,295.363220,304.869965,0.000000
1984-09-25,293.874451,305.635773,3.706566
1984-09-26,290.835510,301.314026,40.323391
1984-09-27,283.307037,293.393921,0.000000
1984-09-28,285.694092,299.167084,0.000000
1984-09-29,287.945953,300.688385,0.775404
1984-09-30,290.283264,300.375641,4.127568
1984-10-01,287.884613,295.265778,2.905283
1984-10-02,288.753479,297.846130,11.879045
1984-10-03,292.066284,300.370605,2.945050
1984-10-04,292.982758,300.624725,0.596374
1984-10-05,293.714111,300.881897,0.892536
1984-10-06,293.206024,301.490601,0.000000
1984-10-07,292.729645,300.880524,1.367001
1984-10-08,293.086426,301.138702,2.086787
1984-10-09,291.444824,300.348053,1.007251
1984-10-10,288.665283,298.043060,2.391099
1984-10-11,288.092346,298.664124,0.000000
1984-10-12,287.315094,302.162537,0.000000
1984-10-13,287.826416,303.053955,0.293960
1984-10-14,289.584106,305.258606,0.581461
1984-10-15,290.259491,305.407532,0.000000
1984-10-16,291.730042,305.672211,0.000000
1984-10-17,290.702728,304.594208,0.000000
1984-10-18,286.969116,302.558777,0.000000
1984-10-19,287.300598,303.795227,0.000000
1984-10-20,288.508484,305.836639,0.000000
1984-10-21,289.706360,305.692108,0.000000
1984-10-22,290.823975,303.999756,0.000000
1984-10-23,292.112885,300.876434,4.488814
1984-10-24,291.328125,297.090790,5.473406
1984-10-25,288.630371,300.447327,0.000000
1984-10-26,286.791504,301.599091,0.000000
1984-10-27,286.111176,300.735504,0.000000
1984-10-28,286.236908,301.927185,0.000000
1984-10-29,288.729218,302.186066,0.000000
1984-10-30,290.517548,302.849731,1.579275
1984-10-31,286.564270,301.284332,25.962238
1984-11-01,283.513763,289.885468,30.481894
1984-11-02,276.879883,287.190155,1.550095
1984-11-03,276.502136,292.077545,0.751958
1984-11-04,280.915619,294.756744,0.000000
1984-11-05,288.635406,297.020172,0.000000
1984-11-06,290.172150,298.007355,19.570135
1984-11-07,288.665405,295.883301,23.453903
1984-11-08,285.416687,290.688538,37.817249
1984-11-09,276.074005,288.808533,0.000000
1984-11-10,274.894684,286.576782,0.000000
1984-11-11,278.166412,288.944122,0.000000
1984-11-12,287.034821,297.332367,0.708877
1984-11-13,285.593597,296.275635,6.455709
1984-11-14,280.766327,291.087067,0.000000
1984-11-15,285.264465,291.758087,0.996303
1984-11-16,286.136932,295.159546,2.641123
1984-11-17,271.955444,290.784668,0.000000
1984-11-18,276.131836,288.897308,0.000000
1984-11-19,282.630463,292.914307,0.000000
1984-11-20,289.118042,297.167572,4.681010
1984-11-21,291.118073,298.297760,1.940074
1984-11-22,288.135468,295.103210,10.348537
1984-11-23,282.943176,292.888245,0.000000
1984-11-24,282.102325,295.144196,0.000000
1984-11-25,284.806610,296.994812,0.000000
1984-11-26,289.018127,296.518372,0.000000
1984-11-27,289.086395,298.488892,0.000000
1984-11-28,286.764557,299.219757,0.000000
1984-11-29,285.727570,297.433014,0.281904
1984-11-30,280.700012,298.822540,0.000000
1984-12-01,286.533112,300.722687,0.000000
1984-12-02,288.044586,303.172821,0.000000
1984-12-03,288.908600,302.749695,0.281433
1984-12-04,285.526550,301.870850,0.000000
1984-12-05,287.390778,300.652283,0.406495
1984-12-06,270.664429,298.948578,5.671117
1984-12-07,268.192108,280.731293,0.000000
1984-12-08,270.997894,287.917389,0.000000
1984-12-09,275.839447,292.112823,1.950937
1984-12-10,281.049774,295.795746,0.000000
1984-12-11,281.719574,293.792053,0.000000
1984-12-12,276.379761,290.208923,0.552073
1984-12-13,275.893555,283.325378,6.818686
1984-12-14,275.357300,283.041504,0.638442
1984-12-15,272.007935,290.043213,0.000000
1984-12-16,277.516327,293.294830,0.000000
1984-12-17,278.986511,294.068085,0.000000
1984-12-18,281.630035,295.677124,0.000000
1984-12-19,278.899933,293.284180,0.000000
1984-12-20,280.801636,289.611206,2.201145
1984-12-21,259.865204,285.323486,0.000000
1984-12-22,259.074249,268.474457,0.000000
1984-12-23,267.535126,283.331787,0.000000
1984-12-24,269.525269,288.313416,0.000000
1984-12-25,271.974030,286.682129,0.000000
1984-12-26,271.586212,289.138611,0.000000
1984-12-27,275.455048,289.219452,0.644184
1984-12-28,279.560791,291.031311,32.606178
1984-12-29,279.558685,288.882904,20.057074
1984-12-30,273.057404,282.965912,0.000000
1984-12-31,273.273743,282.525208,0.000000
1985-01-01,274.952423,285.046844,0.000000
1985-01-02,274.639374,284.393494,0.000000
1985-01-03,276.492188,284.197174,0.735901
1985-01-04,271.487183,281.556244,0.000000
1985-01-05,271.749817,279.287384,0.000000
1985-01-06,273.270660,280.655945,3.045079
1985-01-07,275.407349,282.307739,0.000000
1985-01-08,273.830170,281.644226,0.000000
1985-01-09,274.395111,288.549225,0.000000
1985-01-10,279.933105,296.166840,0.341605
1985-01-11,282.611908,296.057251,0.000000
1985-01-12,283.894226,295.844025,0.000000
1985-01-13,284.224548,299.462402,0.000000
1985-01-14,286.707764,300.245056,0.000000
1985-01-15,284.353210,298.415161,0.000000
1985-01-16,283.317108,297.995667,0.000000
1985-01-17,281.974091,297.516022,1.206712
1985-01-18,275.398682,289.033722,0.000000
1985-01-19,272.483063,289.974915,0.288910
1985-01-20,275.822723,295.997345,0.000000
1985-01-21,280.096100,297.252808,0.000000
1985-01-22,278.980591,294.958984,0.000000
1985-01-23,273.500305,289.439667,0.000000
1985-01-24,275.390381,291.432587,0.000000
1985-01-25,276.307068,293.812744,0.000000
1985-01-26,278.089508,296.612915,0.000000
1985-01-27,280.224945,298.780487,0.000000
1985-01-28,281.311646,298.195404,0.000000
1985-01-29,284.265564,299.148010,0.658155
1985-01-30,282.389038,299.495331,0.000000
1985-01-31,286.069702,296.370514,3.563509
1985-02-01,282.286621,288.977875,5.655085
1985-02-02,282.116730,287.721405,16.727259
1985-02-03,278.294159,284.887146,0.000000
1985-02-04,275.258636,284.275391,0.000000
1985-02-05,274.234467,283.488861,0.828120
1985-02-06,274.952881,279.162964,9.463578
1985-02-07,278.256073,286.567902,16.167667
1985-02-08,276.540161,289.865906,0.000000
1985-02-09,282.365723,297.970062,0.000000
1985-02-10,284.873474,297.662994,0.000000
1985-02-11,287.345245,296.387970,0.000000
1985-02-12,280.056854,291.518585,0.000000
1985-02-13,280.522217,286.522797,2.224193
1985-02-14,281.013611,294.612091,0.000000
1985-02-15,281.882446,293.986450,0.000000
1985-02-16,273.977509,290.067230,0.000000
1985-02-17,270.243011,284.212677,0.000000
1985-02-18,271.792450,289.583618,0.000000
1985-02-19,274.484772,290.749298,0.000000
1985-02-20,277.713623,293.776093,0.000000
1985-02-21,278.548035,295.983459,0.000000
1985-02-22,279.818848,297.785400,0.000000
1985-02-23,281.204254,297.126556,0.000000
1985-02-24,282.919495,296.351410,0.000000
1985-02-25,285.502289,295.556366,0.000000
1985-02-26,286.473267,295.295227,1.596083
1985-02-27,285.066498,298.493347,0.000000
1985-02-28,282.675903,296.786560,0.000000
1985-03-01,284.811432,298.917511,0.000000
1985-03-02,280.771606,296.997620,0.000000
1985-03-03,277.794250,291.739288,0.000000
1985-03-04,278.925873,297.482391,0.000000
1985-03-05,283.667633,296.438049,0.000000
1985-03-06,280.947784,293.597839,0.000000
1985-03-07,279.615112,296.217285,0.000000
1985-03-08,281.311035,297.197205,0.000000
1985-03-09,283.212921,298.589996,0.000000
1985-03-10,283.795990,300.492004,0.000000
1985-03-11,286.667480,301.560944,0.000000
1985-03-12,280.257324,298.827484,0.342048
1985-03-13,281.910492,293.251099,0.000000
1985-03-14,283.938446,293.777252,0.000000
1985-03-15,287.156586,298.281433,4.870259
1985-03-16,286.841187,302.141296,0.000000
1985-03-17,285.936890,302.201233,0.000000
1985-03-18,287.294250,302.140839,0.000000
1985-03-19,278.677429,290.700104,0.000000
1985-03-20,277.661591,290.226013,0.336141
1985-03-21,275.516632,285.442841,3.281239
1985-03-22,277.818665,299.052094,0.000000
1985-03-23,282.973663,300.642029,0.000000
1985-03-24,288.324402,302.915070,0.000000
1985-03-25,285.311462,303.867950,0.000000
1985-03-26,289.565704,305.556854,0.000000
1985-03-27,289.222778,306.203339,0.000000
1985-03-28,289.350647,305.529907,0.000000
1985-03-29,288.736694,303.936554,0.000000
1985-03-30,290.441132,301.070007,1.153775
1985-03-31,283.180756,298.961548,0.000000
1985-04-01,286.809204,306.118927,0.000000
1985-04-02,290.422028,307.370911,0.000000
1985-04-03,290.199249,307.559082,0.000000
1985-04-04,292.366516,306.380524,0.353899
1985-04-05,292.135773,302.282349,7.858589
1985-04-06,292.055237,300.385620,0.000000
1985-04-07,290.267303,296.847931,1.052624
1985-04-08,284.126740,291.706909,0.000000
1985-04-09,287.666626,293.375305,0.000000
1985-04-10,289.168243,297.723083,0.000000
1985-04-11,290.016449,304.488586,0.000000
1985-04-12,292.652802,305.445374,0.000000
1985-04-13,289.296112,303.339447,0.000000
1985-04-14,292.675018,302.700623,8.435796
1985-04-15,290.331696,296.283722,23.615671
1985-04-16,291.086426,295.779663,9.732830
1985-04-17,292.556152,302.562164,2.113539
1985-04-18,288.955566,301.567688,0.000000
1985-04-19,288.706116,303.077972,1.109964
1985-04-20,288.815247,303.846558,0.000000
1985-04-21,291.238983,303.512482,0.000000
1985-04-22,288.220337,296.945282,19.802700
1985-04-23,288.173920,295.811737,0.000000
1985-04-24,290.080078,296.776947,18.537554
1985-04-25,291.926849,296.379181,19.287895
1985-04-26,283.157410,296.946228,1.661399
1985-04-27,280.573883,294.711487,0.000000
1985-04-28,283.397949,298.667938,0.000000
1985-04-29,284.852509,301.397003,0.000000
1985-04-30,286.112061,301.224457,0.000000
1985-05-01,289.073700,301.241577,0.000000
1985-05-02,292.356049,299.465027,0.000000
1985-05-03,293.410217,298.355469,0.294444
1985-05-04,293.775238,300.784698,16.111139
1985-05-05,293.819275,297.714722,19.187641
1985-05-06,289.745728,297.327637,4.831913
1985-05-07,289.399689,300.340424,0.000000
1985-05-08,290.854767,303.888000,0.000000
1985-05-09,291.661011,306.814362,0.000000
1985-05-10,292.018768,306.200562,0.000000
1985-05-11,293.374542,304.576660,0.000000
1985-05-12,293.327759,298.471191,5.288355
1985-05-13,293.855316,300.735352,0.000000
1985-05-14,294.651093,301.528564,0.926261
1985-05-15,294.591400,300.357574,31.300188
1985-05-16,292.705383,298.283142,27.106079
1985-05-17,290.857880,298.527252,0.000000
1985-05-18,291.607483,302.561218,0.000000
1985-05-19,292.219604,303.867340,0.000000
1985-05-20,291.982269,304.763397,0.000000
1985-05-21,292.636353,306.067657,0.000000
1985-05-22,292.698669,305.534515,0.000000
1985-05-23,295.144318,304.347473,0.000000
1985-05-24,296.931000,304.137207,0.000000
1985-05-25,296.880035,306.451080,0.000000
1985-05-26,294.214935,309.028961,0.316402
1985-05-27,294.910370,310.148346,0.000000
1985-05-28,295.077545,310.807068,0.000000
1985-05-29,294.945068,310.220245,0.000000
1985-05-30,294.501831,309.538055,0.000000
1985-05-31,294.125824,310.122070,0.000000
1985-06-01,297.393555,310.470612,0.000000
1985-06-02,296.021606,310.542480,0.000000
1985-06-03,296.137207,309.889435,2.032491
1985-06-04,295.193237,306.950226,0.000000
1985-06-05,294.498901,306.631622,0.000000
1985-06-06,295.564880,308.863678,0.000000
1985-06-07,295.812988,309.766418,0.000000
1985-06-08,298.248993,310.937469,0.000000
1985-06-09,297.180573,310.743439,0.000000
1985-06-10,296.317108,309.892944,0.000000
1985-06-11,296.241638,310.813934,0.000000
1985-06-12,296.223389,311.980713,0.000000
1985-06-13,297.809937,311.747467,0.000000
1985-06-14,297.732513,311.060791,0.000000
1985-06-15,297.937836,310.270782,0.000000
1985-06-16,296.954956,310.244934,0.000000
1985-06-17,298.715881,309.486084,0.503433
1985-06-18,297.771790,308.522308,1.520445
1985-06-19,297.204102,306.814545,0.000000
1985-06-20,297.062500,307.345825,4.192046
1985-06-21,296.817719,306.669708,9.810204
1985-06-22,296.942993,308.221863,0.000000
1985-06-23,297.007996,307.731934,3.239779
1985-06-24,295.919739,307.383057,0.000000
1985-06-25,295.876312,306.326782,0.483098
1985-06-26,297.383057,307.418213,0.000000
1985-06-27,297.302460,305.790771,0.000000
1985-06-28,296.584076,305.021912,1.721661
1985-06-29,296.522522,307.923248,2.409412
1985-06-30,295.712860,301.360718,49.950237
1985-07-01,295.429535,303.055634,0.325773
1985-07-02,295.602509,304.191528,0.000000
1985-07-03,296.390717,306.065338,0.000000
1985-07-04,296.426392,307.687988,0.000000
1985-07-05,295.671173,307.693542,0.000000
1985-07-06,295.656464,306.182007,0.000000
1985-07-07,295.320251,307.777069,1.310334
1985-07-08,295.746368,307.412994,0.000000
1985-07-09,295.199158,306.872955,0.000000
1985-07-10,295.572144,305.680573,2.267319
1985-07-11,295.947113,305.541534,2.143641
1985-07-12,295.029907,306.778107,0.000000
1985-07-13,295.446136,306.513672,0.000000
1985-07-14,296.020447,305.414368,0.593019
1985-07-15,296.529175,306.551849,5.083238
1985-07-16,297.009613,306.217468,0.661537
1985-07-17,295.662262,304.749298,0.000000
1985-07-18,296.347656,306.722260,0.000000
1985-07-19,295.882935,307.103149,0.000000
1985-07-20,295.394135,307.452148,0.000000
1985-07-21,295.356659,309.343506,0.000000
1985-07-22,296.203552,308.651093,0.000000
1985-07-23,296.406830,308.968994,0.000000
1985-07-24,297.356110,310.915253,0.000000
1985-07-25,297.851990,310.737396,0.000000
1985-07-26,296.881348,309.996307,0.643475
1985-07-27,296.520203,306.949188,0.000000
1985-07-28,296.446869,307.405975,0.336618
1985-07-29,296.050720,307.128540,2.184088
1985-07-30,296.110168,306.935394,0.000000
1985-07-31,294.854187,307.059723,0.000000
1985-08-01,295.100677,307.405945,0.000000
1985-08-02,295.672638,310.106964,0.000000
1985-08-03,295.306427,311.066681,0.000000
1985-08-04,297.582489,311.135284,0.000000
1985-08-05,297.223053,309.961639,0.000000
1985-08-06,296.073914,308.111664,0.539376
1985-08-07,295.130859,308.032043,0.000000
1985-08-08,295.525604,310.666351,0.298476
1985-08-09,297.569733,311.832581,0.000000
1985-08-10,297.956696,312.704620,0.000000
1985-08-11,298.437622,312.632111,0.000000
1985-08-12,298.550934,312.546570,0.000000
1985-08-13,298.232605,312.256378,0.000000
1985-08-14,299.048126,311.449524,0.000000
1985-08-15,299.023102,311.171204,0.000000
1985-08-16,297.212708,311.030792,0.000000
1985-08-17,296.184662,310.552643,0.000000
1985-08-18,297.917358,311.671692,0.000000
1985-08-19,297.854218,312.100555,0.000000
1985-08-20,297.559174,311.833557,0.000000
1985-08-21,298.346252,307.790497,34.927608
1985-08-22,296.771088,305.353638,7.716421
1985-08-23,297.112885,304.322021,1.701641
1985-08-24,296.450073,302.560699,10.567092
1985-08-25,296.102264,302.855865,3.031772
1985-08-26,295.067993,303.532135,1.679008
1985-08-27,294.148773,303.237427,0.000000
1985-08-28,291.041687,306.388641,0.000000
1985-08-29,293.567627,305.587433,0.000000
1985-08-30,296.361267,305.434357,6.861803
1985-08-31,291.759369,295.415070,48.372246
1985-09-01,292.800110,297.591187,44.205738
1985-09-02,296.383606,302.424133,22.496387
1985-09-03,292.739685,301.184418,6.929473
1985-09-04,290.577271,299.663422,1.359128
1985-09-05,291.050476,303.462921,0.000000
1985-09-06,292.791595,303.918121,0.000000
1985-09-07,293.456482,304.299835,0.000000
1985-09-08,293.098541,304.159302,0.000000
1985-09-09,292.547211,303.167847,0.000000
1985-09-10,294.769012,303.318420,0.638376
1985-09-11,293.324982,302.542664,3.662157
1985-09-12,295.590942,301.409180,21.674240
1985-09-13,294.998779,302.678436,0.000000
1985-09-14,294.446991,305.363342,0.000000
1985-09-15,293.381653,305.971283,0.696092
1985-09-16,285.193054,305.920410,10.808908
1985-09-17,281.883362,290.069336,0.000000
1985-09-18,283.472046,296.736084,0.000000
1985-09-19,286.850220,300.224304,0.000000
1985-09-20,287.916443,303.612549,0.000000
1985-09-21,287.640594,303.553650,0.000000
1985-09-22,288.181427,304.758514,0.000000
1985-09-23,289.366547,304.354248,0.000000
1985-09-24,292.212128,305.349579,0.000000
1985-09-25,292.184265,305.551178,0.000000
1985-09-26,290.631744,306.477936,0.000000
1985-09-27,292.279663,306.931213,0.000000
1985-09-28,294.117615,307.363037,0.000000
1985-09-29,292.348053,307.414490,0.000000
1985-09-30,288.528961,302.750824,0.000000
1985-10-01,286.547607,300.881378,0.000000
1985-10-02,285.968292,300.421448,0.000000
1985-10-03,286.223145,301.586700,0.000000
1985-10-04,286.313110,303.294495,0.000000
1985-10-05,287.339691,305.313995,0.000000
1985-10-06,289.317169,305.885315,0.000000
1985-10-07,289.029572,305.508514,0.000000
1985-10-08,288.932098,305.344299,0.000000
1985-10-09,290.744446,306.387573,0.000000
1985-10-10,291.576355,306.486420,0.000000
1985-10-11,291.982025,306.653168,0.000000
1985-10-12,292.480164,306.709503,0.000000
1985-10-13,292.140167,306.117401,0.774490
1985-10-14,287.912201,305.701569,0.000000
1985-10-15,289.687286,306.038879,0.000000
1985-10-16,291.895172,305.543030,0.465151
1985-10-17,290.766907,303.372894,5.048250
1985-10-18,292.088074,302.347412,0.000000
1985-10-19,293.237213,302.198120,0.000000
1985-10-20,290.481964,299.145325,13.289309
1985-10-21,284.206543,291.356873,0.000000
1985-10-22,284.814545,292.463623,0.000000
1985-10-23,286.414886,298.744446,0.000000
1985-10-24,288.874756,299.406433,0.000000
1985-10-25,284.236542,298.105408,0.000000
1985-10-26,285.438232,303.287933,0.000000
1985-10-27,288.300140,301.526550,0.000000
1985-10-28,286.060028,303.385071,0.000000
1985-10-29,284.898956,302.772705,0.000000
1985-10-30,280.163116,293.955505,0.000000
1985-10-31,281.508698,294.875732,0.000000
1985-11-01,281.984039,297.840210,0.000000
1985-11-02,285.339111,298.866150,0.000000
1985-11-03,287.731354,299.813538,0.000000
1985-11-04,287.303650,299.691467,0.000000
1985-11-05,287.616821,298.782257,0.000000
1985-11-06,286.067749,296.126709,1.217115
1985-11-07,286.094391,297.609314,19.046631
1985-11-08,280.194885,295.802246,0.000000
1985-11-09,280.846619,294.809387,0.000000
1985-11-10,275.442993,289.414673,0.000000
1985-11-11,279.928375,294.369049,0.000000
1985-11-12,280.995514,296.155884,0.000000
1985-11-13,280.377289,295.938446,0.000000
1985-11-14,281.129456,299.956818,0.000000
1985-11-15,283.932037,300.077606,0.000000
1985-11-16,286.014191,301.524475,0.000000
1985-11-17,286.386627,301.215027,0.000000
1985-11-18,286.686249,302.362244,0.000000
1985-11-19,286.535370,302.779480,0.000000
1985-11-20,288.224365,304.133514,0.000000
1985-11-21,288.118286,304.702728,0.000000
1985-11-22,289.753937,303.563690,0.000000
1985-11-23,288.231476,303.273651,0.000000
1985-11-24,288.593292,302.772858,0.000000
1985-11-25,281.428650,296.597137,0.000000
1985-11-26,286.188690,295.512970,0.000000
1985-11-27,278.289276,293.422180,0.000000
1985-11-28,282.947815,297.938110,0.000000
1985-11-29,286.905365,299.603027,0.000000
1985-11-30,288.586212,298.476654,4.099879
1985-12-01,287.454712,296.841980,0.708703
1985-12-02,287.706146,296.890381,2.032169
1985-12-03,272.971527,297.006897,5.253953
1985-12-04,269.177826,280.182770,0.000000
1985-12-05,269.769012,284.703674,0.000000
1985-12-06,270.664948,286.203308,0.000000
1985-12-07,271.658081,291.468292,0.000000
1985-12-08,275.012177,293.656281,0.000000
1985-12-09,276.491272,292.447266,0.000000
1985-12-10,273.077942,287.649323,0.000000
1985-12-11,275.311859,289.104065,0.000000
1985-12-12,283.110413,297.519348,0.679243
1985-12-13,284.876953,296.777832,0.483802
1985-12-14,277.322296,289.744019,1.720809
1985-12-15,279.301483,290.195374,1.816182
1985-12-16,280.200226,291.017151,0.000000
1985-12-17,278.893433,291.456818,0.385419
1985-12-18,285.198639,296.324982,0.000000
1985-12-19,277.199615,297.866577,5.650658
1985-12-20,269.230011,285.200623,0.000000
1985-12-21,270.729767,281.049866,0.000000
1985-12-22,269.487152,280.145691,0.938652
1985-12-23,262.743713,274.519806,0.000000
1985-12-24,267.515137,282.156189,0.000000
1985-12-25,269.254181,284.702332,0.000000
1985-12-26,273.727875,284.088104,0.000000
1985-12-27,275.045410,282.980133,2.159780
1985-12-28,276.643585,284.125336,2.074700
1985-12-29,279.393951,288.553467,0.000000
1985-12-30,279.292358,288.521454,0.000000
1985-12-31,282.422302,292.357971,0.446704
1986-01-01,270.491455,293.576874,2.216330
1986-01-02,267.997009,277.814545,0.000000
1986-01-03,270.485931,281.409332,0.000000
1986-01-04,272.013000,286.757965,0.000000
1986-01-05,272.724091,287.088043,0.000000
1986-01-06,269.261108,285.463745,0.000000
1986-01-07,267.601654,274.737549,0.000000
1986-01-08,269.253418,278.307434,0.000000
1986-01-09,271.344635,277.937897,7.653754
1986-01-10,270.529633,280.684662,0.000000
1986-01-11,273.581879,281.827209,0.000000
1986-01-12,271.489685,281.616791,0.000000
1986-01-13,274.061401,288.799469,0.000000
1986-01-14,276.777832,287.890747,0.000000
1986-01-15,273.637299,287.237762,0.000000
1986-01-16,269.961212,281.001617,0.000000
1986-01-17,270.603577,285.690125,0.000000
1986-01-18,273.680695,290.219604,0.000000
1986-01-19,275.871735,293.321350,0.000000
1986-01-20,272.388977,290.347015,0.000000
1986-01-21,274.417938,295.910950,0.000000
1986-01-22,278.263123,292.066986,0.000000
1986-01-23,273.559265,283.414825,1.444417
1986-01-24,270.714325,284.236694,0.000000
1986-01-25,269.981842,284.941498,0.000000
1986-01-26,272.338470,290.298645,0.000000
1986-01-27,275.903625,290.150085,0.000000
1986-01-28,276.359711,292.013611,0.000000
1986-01-29,278.129578,291.295929,2.031141
1986-01-30,275.248169,287.058380,23.439920
1986-01-31,269.252380,280.729675,0.000000
1986-02-01,274.157715,287.509766,0.000000
1986-02-02,276.038361,289.797333,0.000000
1986-02-03,278.562012,292.759613,0.000000
1986-02-04,281.926941,297.409027,0.000000
1986-02-05,284.435272,297.573212,0.000000
1986-02-06,281.554474,300.551971,0.000000
1986-02-07,286.216064,299.171051,0.000000
1986-02-08,280.002167,298.238495,0.000000
1986-02-09,282.950287,296.712952,0.000000
1986-02-10,278.015350,296.449371,0.000000
1986-02-11,275.471008,287.970612,5.470137
1986-02-12,275.457886,282.972290,23.815357
1986-02-13,270.588562,288.996216,0.000000
1986-02-14,276.731567,287.777374,0.000000
1986-02-15,276.307800,289.901306,0.000000
1986-02-16,279.612976,289.735260,2.553150
1986-02-17,279.595978,287.484344,1.062970
1986-02-18,280.661957,287.866974,2.695230
1986-02-19,282.311951,287.126923,8.322954
1986-02-20,280.580383,287.837952,1.363237
1986-02-21,277.565369,291.467224,0.000000
1986-02-22,279.766846,292.175629,0.000000
1986-02-23,278.585175,291.486908,0.000000
1986-02-24,273.608337,286.314362,0.000000
1986-02-25,277.178162,293.544220,0.000000
1986-02-26,281.253784,293.483307,3.371327
1986-02-27,285.876526,297.480682,6.824177
1986-02-28,287.249878,297.732025,0.000000
1986-03-01,288.030609,297.246643,1.167475
1986-03-02,278.270050,296.413849,0.000000
1986-03-03,276.770660,293.246338,0.000000
1986-03-04,280.212708,298.299438,0.000000
1986-03-05,282.844757,298.326324,0.000000
1986-03-06,279.140350,298.215088,0.000000
1986-03-07,284.047638,298.361328,0.000000
1986-03-08,282.230377,295.681366,0.000000
1986-03-09,279.778259,295.912201,0.728707
1986-03-10,285.920959,297.120789,1.651438
1986-03-11,279.416077,295.065277,0.000000
1986-03-12,269.623688,288.107117,0.000000
1986-03-13,267.449432,286.876007,0.000000
1986-03-14,280.442719,296.109924,0.334417
1986-03-15,286.642059,303.508148,0.000000
1986-03-16,290.578796,303.513031,0.000000
1986-03-17,291.335999,303.202576,0.000000
1986-03-18,289.849670,302.259186,0.000000
1986-03-19,277.208893,295.530334,0.368590
1986-03-20,276.136749,287.736359,0.000000
1986-03-21,277.728424,299.373291,0.000000
1986-03-22,286.444183,305.060242,0.000000
1986-03-23,288.586945,304.851257,0.000000
1986-03-24,288.630280,299.515228,0.000000
1986-03-25,289.301178,293.010284,5.198380
1986-03-26,280.719543,293.606659,0.000000
1986-03-27,282.110138,300.363464,0.000000
1986-03-28,285.684387,303.871613,0.000000
1986-03-29,289.628540,305.615631,0.000000
1986-03-30,290.884277,305.039856,0.000000
1986-03-31,284.519684,300.356445,0.000000
1986-04-01,283.809753,302.609924,0.000000
1986-04-02,286.445923,301.471436,0.000000
1986-04-03,290.282288,303.365906,0.000000
1986-04-04,285.408356,302.513306,0.000000
1986-04-05,286.950317,300.523315,0.000000
1986-04-06,290.585236,298.679352,1.315329
1986-04-07,285.968994,293.944519,0.396891
1986-04-08,288.418549,295.352112,0.000000
1986-04-09,288.449219,297.201813,0.000000
1986-04-10,286.147156,297.118774,0.000000
1986-04-11,290.534119,294.846771,0.000000
1986-04-12,290.821289,294.675507,0.595443
1986-04-13,291.228119,301.802582,0.000000
1986-04-14,291.021271,302.433319,0.915233
1986-04-15,283.941010,298.037750,0.000000
1986-04-16,285.882965,294.009186,2.776253
1986-04-17,278.950958,286.021118,0.000000
1986-04-18,282.041351,289.498199,1.248300
1986-04-19,281.708282,298.469971,0.000000
1986-04-20,286.311798,304.388794,0.000000
1986-04-21,289.811432,304.489441,0.000000
1986-04-22,286.822021,300.746307,0.000000
1986-04-23,290.242096,301.447479,0.000000
1986-04-24,290.859863,300.548981,0.423961
1986-04-25,291.787628,296.420135,0.000000
1986-04-26,290.203247,296.812469,0.433719
1986-04-27,290.092346,297.854187,2.300295
1986-04-28,289.286835,298.747620,1.898535
1986-04-29,286.391357,300.645905,0.000000
1986-04-30,287.232971,304.290833,0.000000
1986-05-01,289.027374,303.645874,0.000000
1986-05-02,290.551422,303.774353,0.000000
1986-05-03,292.568359,298.607910,0.712306
1986-05-04,291.183441,299.749054,1.260980
1986-05-05,292.179077,304.150238,0.000000
1986-05-06,290.879700,305.521790,0.000000
1986-05-07,292.339722,305.708008,0.000000
1986-05-08,292.836121,305.392181,12.512577
1986-05-09,286.439972,295.756226,0.344950
1986-05-10,287.811920,294.844238,0.000000
1986-05-11,290.712128,297.067444,0.714857
1986-05-12,290.021790,299.344604,0.000000
1986-05-13,290.257233,302.107483,0.000000
1986-05-14,291.492065,304.666016,0.635621
1986-05-15,293.365875,308.110168,0.000000
1986-05-16,295.430389,307.057648,0.000000
1986-05-17,293.611389,296.745239,33.649887
1986-05-18,294.331360,301.160339,5.154322
1986-05-19,292.230499,300.502319,2.298734
1986-05-20,293.038177,300.879059,0.303547
1986-05-21,293.882111,301.814941,15.922894
1986-05-22,293.062866,304.195862,0.000000
1986-05-23,290.350983,303.887054,15.647750
1986-05-24,286.131042,302.274353,0.000000
1986-05-25,288.508881,305.775848,0.000000
1986-05-26,293.649475,305.603149,0.000000
1986-05-27,294.321350,307.864105,0.000000
1986-05-28,295.961029,307.776825,0.000000
1986-05-29,294.882172,304.353394,0.000000
1986-05-30,296.157379,305.209229,3.092397
1986-05-31,295.073608,303.696625,9.669587
1986-06-01,294.996399,297.423370,32.146896
1986-06-02,293.126923,298.038239,10.523173
1986-06-03,292.973145,298.972717,15.501458
1986-06-04,294.576019,301.029907,5.987708
1986-06-05,295.487823,300.151947,1.374059
1986-06-06,295.056915,302.414551,4.011246
1986-06-07,294.652802,304.299683,0.000000
1986-06-08,293.616577,305.373108,0.000000
1986-06-09,293.621185,305.673767,0.000000
1986-06-10,295.061707,305.555450,0.000000
1986-06-11,295.954010,307.865143,0.000000
1986-06-12,296.145721,307.591675,3.043189
1986-06-13,296.045807,306.776672,0.000000
1986-06-14,295.542572,306.074493,2.331602
1986-06-15,295.474396,305.724243,20.420156
1986-06-16,295.553101,306.128418,0.000000
1986-06-17,295.749420,307.180664,0.000000
1986-06-18,296.123169,307.509827,0.000000
1986-06-19,295.901550,306.826508,0.000000
1986-06-20,296.604858,308.215912,0.000000
1986-06-21,296.914612,310.850494,0.976750
1986-06-22,295.990662,310.656738,0.000000
1986-06-23,296.010193,306.513245,13.309839
1986-06-24,296.013428,307.996002,2.279046
1986-06-25,295.711304,308.978333,0.000000
1986-06-26,295.897430,309.081604,0.296898
1986-06-27,296.478821,308.056854,0.747893
1986-06-28,295.599365,307.705505,0.000000
1986-06-29,295.415924,308.052521,1.261463
1986-06-30,295.633301,307.523315,8.907393
1986-07-01,295.744110,308.945190,0.000000
1986-07-02,297.892456,308.805756,0.000000
1986-07-03,295.826508,307.749084,0.000000
1986-07-04,296.668182,309.046326,0.000000
1986-07-05,296.115295,308.661285,0.980328
1986-07-06,295.806061,306.121185,0.000000
1986-07-07,296.075409,307.294220,0.000000
1986-07-08,296.534393,307.202454,0.000000
1986-07-09,295.899872,305.826660,0.000000
1986-07-10,295.591064,305.159576,1.749471
1986-07-11,295.625519,307.163452,0.000000
1986-07-12,295.076447,306.583984,0.000000
1986-07-13,295.972748,305.686859,0.000000
1986-07-14,296.861542,304.934601,4.649548
1986-07-15,295.925446,306.572571,2.884423
1986-07-16,295.216705,307.180023,0.000000
1986-07-17,295.105621,306.380188,0.000000
1986-07-18,295.891174,307.688110,0.000000
1986-07-19,295.972900,308.863708,0.000000
1986-07-20,295.671204,308.532013,9.459527
1986-07-21,296.213837,308.071838,0.000000
1986-07-22,295.486511,306.929108,2.401938
1986-07-23,295.731506,304.704407,6.611648
1986-07-24,296.671478,305.187622,25.781031
1986-07-25,296.195892,303.252472,9.335202
1986-07-26,295.742859,303.827728,0.000000
1986-07-27,295.614197,305.559845,0.000000
1986-07-28,297.007080,308.439178,0.000000
1986-07-29,296.920380,309.026001,0.405129
1986-07-30,296.193359,309.422852,0.000000
1986-07-31,295.590729,306.232300,2.256945
1986-08-01,296.194489,306.031769,0.304318
1986-08-02,295.730988,307.761169,0.346798
1986-08-03,296.388580,308.940460,0.000000
1986-08-04,296.593353,309.149719,0.303787
1986-08-05,296.337372,308.701416,0.000000
1986-08-06,295.387085,307.684692,0.441879
1986-08-07,296.007355,306.638123,6.736604
1986-08-08,295.742432,305.887207,3.936904
1986-08-09,295.190277,305.526245,0.823196
1986-08-10,295.956543,307.248840,1.737767
1986-08-11,297.662476,308.115936,12.100043
1986-08-12,294.755463,305.567505,7.556894
1986-08-13,295.121368,304.199860,1.233697
1986-08-14,296.415131,306.758301,1.506951
1986-08-15,295.687408,308.452728,0.000000
1986-08-16,295.284546,307.632202,0.000000
1986-08-17,295.553345,307.116364,0.000000
1986-08-18,294.981995,306.306458,2.491183
1986-08-19,294.225403,305.534973,0.000000
1986-08-20,295.466644,305.953094,0.389953
1986-08-21,295.095428,308.655029,0.000000
1986-08-22,295.826813,309.290527,0.000000
1986-08-23,295.871765,310.217438,0.000000
1986-08-24,295.599701,310.644653,1.265493
1986-08-25,294.643921,310.045868,0.000000
1986-08-26,294.903656,310.975281,0.000000
1986-08-27,296.777405,311.768860,0.000000
1986-08-28,297.948029,311.614441,0.000000
1986-08-29,298.862610,314.493683,0.000000
1986-08-30,298.800720,311.136810,0.000000
1986-08-31,296.705627,309.694977,0.000000
1986-09-01,295.379517,308.871979,0.000000
1986-09-02,295.272003,308.814941,0.000000
1986-09-03,295.163513,308.007080,0.000000
1986-09-04,295.253082,308.811249,1.908408
1986-09-05,296.391205,310.149811,0.000000
1986-09-06,297.158600,310.674133,0.000000
1986-09-07,295.690338,309.670441,0.000000
1986-09-08,295.498352,306.989502,0.000000
1986-09-09,297.960632,306.253448,8.563259
1986-09-10,292.345734,304.773499,0.000000
1986-09-11,290.360809,305.373383,0.000000
1986-09-12,290.924591,304.819427,0.000000
1986-09-13,287.753662,304.963776,0.000000
1986-09-14,287.347870,305.047211,0.000000
1986-09-15,288.425323,305.255219,0.000000
1986-09-16,288.527527,305.766510,0.000000
1986-09-17,293.563049,304.778595,0.000000
1986-09-18,294.778992,306.852325,0.000000
1986-09-19,292.118927,309.111176,0.000000
1986-09-20,296.115021,310.916443,0.000000
1986-09-21,292.894562,309.859161,0.000000
1986-09-22,292.085876,306.972290,0.000000
1986-09-23,290.908417,306.055359,0.000000
1986-09-24,292.161499,306.025635,0.000000
1986-09-25,294.155426,305.408173,0.000000
1986-09-26,293.979218,304.673370,1.571194
1986-09-27,293.735229,305.396118,0.506684
1986-09-28,293.465149,306.512146,0.000000
1986-09-29,294.437195,306.319733,0.000000
1986-09-30,293.236877,306.063934,0.000000
1986-10-01,295.357635,307.498840,0.000000
1986-10-02,287.874054,304.321930,3.195557
1986-10-03,287.606720,301.796844,0.000000
1986-10-04,287.518066,303.670044,0.000000
1986-10-05,289.765869,304.684113,0.000000
1986-10-06,291.532715,306.783447,0.000000
1986-10-07,293.808624,306.267181,4.136999
1986-10-08,291.348022,299.622986,74.590553
1986-10-09,288.678741,296.500061,78.873970
1986-10-10,285.037659,293.935822,3.152073
1986-10-11,285.727692,296.896088,0.000000
1986-10-12,286.325867,299.988068,0.000000
1986-10-13,284.137573,295.709595,11.102047
1986-10-14,275.582092,289.904816,0.000000
1986-10-15,278.214752,293.974670,0.000000
1986-10-16,281.210785,299.907227,0.000000
1986-10-17,285.867920,303.279724,0.000000
1986-10-18,286.669128,302.803467,0.000000
1986-10-19,282.912598,298.319458,0.000000
1986-10-20,284.840027,299.389832,0.000000
1986-10-21,286.193787,300.294800,0.000000
1986-10-22,285.768402,300.614075,0.000000
1986-10-23,288.094818,302.524017,0.000000
1986-10-24,291.111664,300.253082,6.833083
1986-10-25,290.594208,299.191315,0.000000
1986-10-26,289.923950,299.197754,0.000000
1986-10-27,288.530731,299.010925,0.394404
1986-10-28,290.864288,299.356659,1.041684
1986-10-29,289.519501,295.846375,1.897081
1986-10-30,285.245911,296.885803,0.565159
1986-10-31,284.674500,294.661499,0.000000
1986-11-01,286.670380,294.983124,3.449516
1986-11-02,283.518463,294.015869,1.656974
1986-11-03,275.486816,294.907593,1.292389
1986-11-04,269.886047,282.237152,0.000000
1986-11-05,273.866669,289.871887,0.000000
1986-11-06,283.217712,297.822449,0.000000
1986-11-07,281.955109,298.407379,0.000000
1986-11-08,285.618744,300.769745,0.000000
1986-11-09,288.716705,303.386749,0.000000
1986-11-10,289.802246,303.406952,0.000000
1986-11-11,285.710388,301.670593,0.000000
1986-11-12,288.514801,303.223358,0.000000
1986-11-13,289.352539,302.407349,0.000000
1986-11-14,285.908386,298.375610,0.000000
1986-11-15,286.297546,296.360626,0.000000
1986-11-16,290.467072,301.531708,0.000000
1986-11-17,288.213379,299.787231,1.680855
1986-11-18,287.773499,298.539734,4.864798
1986-11-19,286.539154,298.324280,8.689148
1986-11-20,279.172852,293.259033,0.000000
1986-11-21,279.487946,295.228729,0.000000
1986-11-22,279.552429,294.831177,0.000000
1986-11-23,282.099335,298.941559,0.338114
1986-11-24,284.660950,300.385895,0.000000
1986-11-25,285.384277,300.399628,0.000000
1986-11-26,285.868835,299.131226,0.000000
1986-11-27,288.018311,300.066284,0.000000
1986-11-28,289.730042,299.947266,0.000000
1986-11-29,290.132446,299.658691,1.794766
1986-11-30,290.565918,300.611572,0.878585
1986-12-01,288.714752,300.371826,2.020861
1986-12-02,283.125458,294.178558,1.552752
1986-12-03,284.252899,292.143982,0.000000
1986-12-04,286.678772,293.821106,0.000000
1986-12-05,287.954315,296.076202,0.000000
1986-12-06,282.716827,296.019135,0.000000
1986-12-07,280.863220,292.169373,0.000000
1986-12-08,283.205994,292.084473,1.408080
1986-12-09,278.758179,290.663910,0.000000
1986-12-10,275.906647,291.751007,0.000000
1986-12-11,276.808716,291.669586,0.000000
1986-12-12,279.406128,292.990631,0.000000
1986-12-13,278.512085,291.685516,0.000000
1986-12-14,276.039368,291.259277,0.000000
1986-12-15,277.506317,292.750366,0.000000
1986-12-16,277.932556,293.002899,0.000000
1986-12-17,278.997223,295.936157,0.000000
1986-12-18,279.402924,296.489166,0.000000
1986-12-19,279.748993,296.294861,0.000000
1986-12-20,279.248596,295.087250,0.000000
1986-12-21,278.629700,293.856354,0.000000
1986-12-22,278.765137,292.682617,0.000000
1986-12-23,276.284119,290.999268,0.000000
1986-12-24,275.716766,288.505981,0.000000
1986-12-25,276.926758,287.135071,3.899028
1986-12-26,277.921417,287.285278,11.797122
1986-12-27,271.234070,282.476990,0.000000
1986-12-28,269.829102,281.968628,0.000000
1986-12-29,269.971466,283.646301,0.000000
1986-12-30,273.155518,289.381744,0.000000
1986-12-31,275.490753,287.756714,0.000000
1987-01-01,271.246979,287.194336,0.000000
1987-01-02,274.040466,283.535065,2.269662
1987-01-03,276.275269,288.016449,0.000000
1987-01-04,275.407532,289.301941,0.000000
1987-01-05,274.570984,287.977112,0.000000
1987-01-06,273.556702,291.966797,0.000000
1987-01-07,275.994141,290.840271,0.000000
1987-01-08,274.475128,291.250580,0.000000
1987-01-09,276.045624,291.937683,0.000000
1987-01-10,276.503357,293.017487,0.000000
1987-01-11,277.347839,291.679535,0.000000
1987-01-12,273.344849,290.544983,0.000000
1987-01-13,276.366882,292.985321,0.000000
1987-01-14,280.151459,293.517303,0.000000
1987-01-15,281.445282,299.608612,0.000000
1987-01-16,282.712585,299.434906,0.000000
1987-01-17,283.228912,300.333466,0.000000
1987-01-18,284.041656,300.710480,0.000000
1987-01-19,283.967560,300.818817,0.000000
1987-01-20,285.569214,300.225677,0.000000
1987-01-21,284.802856,301.984161,0.000000
1987-01-22,286.646851,301.537384,0.000000
1987-01-23,287.318451,300.337982,0.885242
1987-01-24,282.952728,297.532837,7.038291
1987-01-25,281.988220,288.581177,5.163314
1987-01-26,280.220947,289.449036,0.000000
1987-01-27,277.827850,291.298035,0.000000
1987-01-28,278.237457,294.230957,0.000000
1987-01-29,279.449097,296.543610,0.000000
1987-01-30,282.407227,298.716949,0.000000
1987-01-31,284.281799,298.437500,0.000000
1987-02-01,282.748779,299.782562,0.000000
1987-02-02,282.215515,298.899780,1.451324
1987-02-03,278.030609,290.253479,0.000000
1987-02-04,277.545685,291.079956,0.000000
1987-02-05,276.543701,292.875732,0.000000
1987-02-06,278.350861,296.585114,0.000000
1987-02-07,280.332031,298.552094,0.000000
1987-02-08,280.917694,298.495728,0.000000
1987-02-09,283.819580,302.068451,0.000000
1987-02-10,283.515961,301.952332,0.000000
1987-02-11,277.148193,287.034302,2.127662
1987-02-12,274.251801,285.024933,1.305326
1987-02-13,275.407471,291.250244,0.000000
1987-02-14,277.347900,295.023712,0.000000
1987-02-15,282.315674,300.373657,0.000000
1987-02-16,283.615784,300.556213,0.000000
1987-02-17,286.066406,299.875305,0.000000
1987-02-18,285.695038,299.055542,0.000000
1987-02-19,284.589600,298.515045,0.000000
1987-02-20,288.498962,298.680389,5.944292
1987-02-21,286.050140,299.167114,1.381133
1987-02-22,284.849152,302.987152,0.000000
1987-02-23,288.913696,302.691406,0.000000
1987-02-24,286.136353,301.629486,0.000000
1987-02-25,283.845306,299.751495,0.000000
1987-02-26,285.812012,299.069794,10.779176
1987-02-27,278.754303,297.414795,0.000000
1987-02-28,277.414001,289.440491,0.000000
1987-03-01,279.635590,288.379883,0.000000
1987-03-02,279.352203,289.024200,0.000000
1987-03-03,279.793274,292.370667,0.000000
1987-03-04,282.869171,293.312805,0.000000
1987-03-05,282.721344,294.950592,0.000000
1987-03-06,282.327637,298.636688,0.000000
1987-03-07,287.798553,298.517578,0.000000
1987-03-08,284.484375,302.532349,0.000000
1987-03-09,286.853912,303.706543,0.000000
1987-03-10,289.254913,304.461212,0.000000
1987-03-11,289.886200,304.093658,1.800034
1987-03-12,289.349762,302.760437,0.632338
1987-03-13,287.958679,302.749878,1.180394
1987-03-14,288.815002,303.335358,0.000000
1987-03-15,286.662506,303.122070,0.000000
1987-03-16,285.169006,299.051758,0.000000
1987-03-17,289.977325,298.931305,1.722416
1987-03-18,283.930634,296.952393,0.324547
1987-03-19,285.508789,295.807190,0.000000
1987-03-20,280.372314,294.057434,0.000000
1987-03-21,278.310852,291.750305,0.000000
1987-03-22,276.168152,286.290741,0.000000
1987-03-23,275.196198,293.319519,0.000000
1987-03-24,279.131042,296.004242,0.000000
1987-03-25,281.048798,295.419189,0.000000
1987-03-26,286.668335,295.073456,0.000000
1987-03-27,286.611603,303.555725,0.000000
1987-03-28,288.484436,306.896149,0.000000
1987-03-29,291.191376,306.552856,0.289302
1987-03-30,291.904968,305.952179,0.000000
1987-03-31,291.401733,304.657715,0.000000
1987-04-01,286.880371,301.658813,0.000000
1987-04-02,290.588562,305.195740,0.314557
1987-04-03,289.583557,305.120117,0.000000
1987-04-04,291.554840,304.748230,0.000000
1987-04-05,287.521729,302.534027,0.000000
1987-04-06,285.917694,302.237061,0.000000
1987-04-07,289.634491,304.010284,0.000000
1987-04-08,290.658691,301.969025,0.000000
1987-04-09,290.916870,305.675690,0.000000
1987-04-10,294.175415,306.074799,0.000000
1987-04-11,285.348907,302.538513,0.000000
1987-04-12,289.062531,303.873383,0.000000
1987-04-13,286.303955,302.875549,0.000000
1987-04-14,287.831604,298.280090,0.000000
1987-04-15,286.943298,295.285797,0.000000
1987-04-16,289.629425,295.587555,1.448402
1987-04-17,291.780273,303.297516,5.989432
1987-04-18,291.229950,305.663086,0.000000
1987-04-19,293.412292,309.920471,0.000000
1987-04-20,289.767303,309.575775,0.000000
1987-04-21,289.971222,302.373444,0.000000
1987-04-22,293.250671,298.850433,0.723449
1987-04-23,293.081665,305.120453,0.000000
1987-04-24,293.523041,305.303467,1.680488
1987-04-25,291.010468,304.095062,7.066101
1987-04-26,293.855896,301.754578,0.787015
1987-04-27,293.678162,300.398743,0.000000
1987-04-28,294.337708,299.678314,0.000000
1987-04-29,290.684357,299.796844,9.835216
1987-04-30,283.851990,296.132202,0.000000
1987-05-01,285.881744,298.054993,0.000000
1987-05-02,285.961273,302.559082,0.000000
1987-05-03,289.731384,304.387878,0.000000
1987-05-04,291.550720,304.309204,0.000000
1987-05-05,292.579651,304.589539,0.000000
1987-05-06,294.542084,306.313599,0.000000
1987-05-07,295.638702,305.982849,4.201115
1987-05-08,294.476532,302.286835,12.887179
1987-05-09,293.674927,301.249329,0.000000
1987-05-10,291.739624,301.512329,0.000000
1987-05-11,290.621429,305.306061,0.000000
1987-05-12,292.683838,306.057220,0.000000
1987-05-13,292.867828,305.744904,0.000000
1987-05-14,293.278320,306.823730,0.000000
1987-05-15,294.194733,307.559113,0.000000
1987-05-16,295.365051,306.134491,0.000000
1987-05-17,293.701996,305.929504,13.604212
1987-05-18,294.146393,302.572937,2.411378
1987-05-19,293.539673,305.061829,4.888812
1987-05-20,293.961151,303.279358,1.325334
1987-05-21,293.392120,300.859406,35.717224
1987-05-22,292.320099,305.039490,35.960354
1987-05-23,292.084259,304.600525,0.000000
1987-05-24,292.088684,304.479126,0.000000
1987-05-25,293.193756,305.942932,1.049358
1987-05-26,294.951050,305.019043,0.000000
1987-05-27,291.947388,307.191162,0.000000
1987-05-28,295.384155,306.817230,0.000000
1987-05-29,295.812988,306.018494,2.920689
1987-05-30,295.236206,305.177277,0.000000
1987-05-31,292.337708,305.375916,0.000000
1987-06-01,292.093506,304.975647,0.000000
1987-06-02,295.049652,304.530365,0.000000
1987-06-03,294.633057,303.956512,5.361959
1987-06-04,294.758423,306.303101,0.000000
1987-06-05,295.311584,306.557709,0.000000
1987-06-06,295.892700,307.076721,0.000000
1987-06-07,295.514862,306.830048,0.000000
1987-06-08,295.763580,307.666687,0.000000
1987-06-09,296.330078,306.441315,7.118595
1987-06-10,296.586426,300.960754,28.520397
1987-06-11,295.777252,299.073547,31.461071
1987-06-12,295.914001,297.053162,69.781075
1987-06-13,296.615356,298.627167,13.028177
1987-06-14,294.784363,302.765381,6.558711
1987-06-15,295.225372,301.696838,1.530837
1987-06-16,294.841095,301.666138,0.000000
1987-06-17,295.134644,299.799500,28.089462
1987-06-18,296.287323,301.119415,18.960854
1987-06-19,296.445190,300.360596,6.080095
1987-06-20,296.243866,303.455750,0.000000
1987-06-21,295.032776,302.384369,5.836633
1987-06-22,293.854126,299.252808,26.559488
1987-06-23,294.842285,301.170868,36.273640
1987-06-24,293.802887,299.762970,33.373165
1987-06-25,294.447388,304.833496,0.000000
1987-06-26,294.981018,308.443604,0.000000
1987-06-27,295.555664,308.462128,0.000000
1987-06-28,296.391327,307.709900,0.000000
1987-06-29,296.144073,308.468109,0.000000
1987-06-30,295.410950,306.751617,1.928929
1987-07-01,294.131927,304.810150,0.000000
1987-07-02,294.248993,308.260498,0.000000
1987-07-03,297.673248,311.339996,0.000000
1987-07-04,296.875336,310.944977,0.000000
1987-07-05,295.904572,308.542145,0.000000
1987-07-06,295.990967,308.557953,0.000000
1987-07-07,296.873749,309.703339,0.000000
1987-07-08,296.736542,309.649933,0.000000
1987-07-09,296.135651,307.098785,0.000000
1987-07-10,296.062988,305.738373,1.178202
1987-07-11,296.652710,307.711090,0.000000
1987-07-12,294.762360,306.733704,0.000000
1987-07-13,295.892578,305.562012,0.000000
1987-07-14,296.267761,305.174164,1.027788
1987-07-15,296.070679,307.710175,2.556173
1987-07-16,295.984161,307.259094,0.000000
1987-07-17,295.286285,306.179932,0.000000
1987-07-18,295.259735,305.273682,0.000000
1987-07-19,295.328827,306.341003,0.000000
1987-07-20,294.901001,306.470276,0.000000
1987-07-21,295.356995,306.349426,0.000000
1987-07-22,294.962830,305.648926,0.000000
1987-07-23,295.258667,305.858215,1.903869
1987-07-24,295.639557,305.138580,0.755912
1987-07-25,294.841675,306.129730,0.000000
1987-07-26,296.353821,307.312561,0.000000
1987-07-27,295.985260,308.085419,0.000000
1987-07-28,295.471619,308.671814,0.000000
1987-07-29,295.494415,309.520111,0.000000
1987-07-30,295.813080,311.514526,0.000000
1987-07-31,296.950928,310.975067,0.000000
1987-08-01,296.989349,310.331787,0.000000
1987-08-02,296.990845,310.343384,0.299007
1987-08-03,297.722321,312.324127,0.000000
1987-08-04,299.723694,312.932983,0.000000
1987-08-05,297.947845,312.096375,0.864684
1987-08-06,297.585205,310.936188,3.442459
1987-08-07,297.092834,309.553436,0.000000
1987-08-08,297.870392,311.238708,0.000000
1987-08-09,296.700897,310.734039,0.000000
1987-08-10,296.299194,309.746643,0.000000
1987-08-11,296.568970,308.254211,0.000000
1987-08-12,296.119537,307.433685,0.666451
1987-08-13,295.587250,307.220795,2.068448
1987-08-14,297.286255,308.734009,0.605402
1987-08-15,298.712280,309.716766,1.156804
1987-08-16,296.069214,308.528198,0.000000
1987-08-17,296.172638,307.038116,3.028238
1987-08-18,296.765564,305.350708,9.952464
1987-08-19,296.899689,306.299072,1.241873
1987-08-20,296.383362,306.101990,0.000000
1987-08-21,297.159546,304.617737,0.578883
1987-08-22,296.983490,302.195343,0.000000
1987-08-23,295.083679,306.993835,0.000000
1987-08-24,294.271088,308.245300,0.000000
1987-08-25,296.180786,308.346710,0.000000
1987-08-26,296.052948,309.474579,0.000000
1987-08-27,294.972076,309.609924,0.000000
1987-08-28,296.036835,309.431213,0.000000
1987-08-29,295.527710,310.240082,0.000000
1987-08-30,297.292297,311.085693,0.000000
1987-08-31,297.271057,310.465820,0.000000
1987-09-01,294.450256,310.668121,0.000000
1987-09-02,294.773285,310.286133,0.000000
1987-09-03,294.494415,309.382812,0.000000
1987-09-04,296.253662,307.260254,0.000000
1987-09-05,296.473877,307.022339,1.371262
1987-09-06,293.118439,306.028442,11.739794
1987-09-07,294.262482,306.409698,2.636029
1987-09-08,295.998230,308.432648,0.594053
1987-09-09,295.713165,307.892456,0.000000
1987-09-10,296.162750,307.593414,0.000000
1987-09-11,296.039398,307.485260,0.000000
1987-09-12,294.669312,307.024841,0.000000
1987-09-13,292.913116,307.646667,0.000000
1987-09-14,292.605347,306.967041,0.000000
1987-09-15,294.764587,306.099976,0.000000
1987-09-16,294.650330,305.425964,0.000000
1987-09-17,294.208221,305.900482,0.000000
1987-09-18,296.007477,307.726990,0.000000
1987-09-19,297.187775,310.841675,0.000000
1987-09-20,298.184082,309.819092,0.000000
1987-09-21,297.837921,309.441315,0.000000
1987-09-22,297.205994,309.254333,0.000000
1987-09-23,294.873779,310.069733,0.000000
1987-09-24,294.784607,309.546326,0.000000
1987-09-25,294.768188,308.830872,0.000000
1987-09-26,295.165344,308.650269,0.000000
1987-09-27,289.985199,304.773712,0.000000
1987-09-28,291.379761,306.984558,0.000000
1987-09-29,290.990967,307.246033,0.000000
1987-09-30,292.888458,308.391876,0.000000
1987-10-01,294.570831,308.191406,0.000000
1987-10-02,292.674164,307.497864,0.000000
1987-10-03,291.407318,306.644714,0.000000
1987-10-04,293.647125,306.368805,0.000000
1987-10-05,293.289276,304.373383,0.000000
1987-10-06,291.014893,304.235260,0.000000
1987-10-07,294.484650,305.311432,0.348369
1987-10-08,287.660492,304.631836,13.253043
1987-10-09,283.078766,292.739532,0.000000
1987-10-10,283.878632,301.097015,0.000000
1987-10-11,286.443512,302.339325,0.000000
1987-10-12,288.702301,302.797180,0.000000
1987-10-13,292.128693,304.896667,0.000000
1987-10-14,292.896027,303.643188,2.582155
1987-10-15,285.711731,298.081421,15.597696
1987-10-16,280.870117,292.443237,0.000000
1987-10-17,283.459930,296.589874,0.000000
1987-10-18,285.374023,297.903778,0.642481
1987-10-19,288.302277,294.020233,21.342253
1987-10-20,285.714630,296.295868,0.735455
1987-10-21,284.155792,297.437317,0.000000
1987-10-22,283.170013,297.209656,0.000000
1987-10-23,285.272614,294.605072,0.000000
1987-10-24,281.480103,296.099213,0.000000
1987-10-25,282.342010,297.599579,0.000000
1987-10-26,282.791534,298.584076,0.000000
1987-10-27,284.620575,298.504730,0.000000
1987-10-28,284.812103,299.898712,0.000000
1987-10-29,287.316345,302.469086,0.000000
1987-10-30,285.173737,298.900787,9.233847
1987-10-31,282.629730,296.146729,0.000000
1987-11-01,282.478333,294.616119,0.000000
1987-11-02,281.240112,292.294586,0.863642
1987-11-03,278.621918,292.376648,0.000000
1987-11-04,280.549622,295.357849,0.371897
1987-11-05,277.348938,294.600616,0.000000
1987-11-06,279.693390,297.254089,0.000000
1987-11-07,282.133820,300.652893,0.000000
1987-11-08,285.326508,300.018494,0.000000
1987-11-09,288.228973,299.324585,0.000000
1987-11-10,280.581238,294.830017,0.000000
1987-11-11,278.615021,294.388489,0.000000
1987-11-12,282.199402,299.185883,0.000000
1987-11-13,284.128174,300.320557,0.000000
1987-11-14,283.959320,300.611664,0.000000
1987-11-15,285.831360,299.735962,0.000000
1987-11-16,284.762024,300.650848,0.000000
1987-11-17,287.442902,303.485870,0.000000
1987-11-18,284.522888,303.143738,0.000000
1987-11-19,276.811096,293.930084,0.000000
1987-11-20,279.732574,299.058502,0.000000
1987-11-21,286.239166,298.027679,0.000000
1987-11-22,279.011017,295.210480,0.000000
1987-11-23,277.628723,292.455963,0.000000
1987-11-24,276.144592,294.860962,0.000000
1987-11-25,283.462921,295.884277,1.165047
1987-11-26,277.976593,293.228699,0.435791
1987-11-27,277.279663,293.936218,0.000000
1987-11-28,279.935028,293.816956,0.000000
1987-11-29,277.783203,294.811249,0.000000
1987-11-30,279.553162,294.434479,0.000000
1987-12-01,278.908600,298.538849,0.000000
1987-12-02,279.450562,300.521484,0.000000
1987-12-03,279.310272,298.779327,0.000000
1987-12-04,283.761017,296.897552,1.142275
1987-12-05,282.054321,290.655548,25.729172
1987-12-06,279.153961,294.720032,0.884435
1987-12-07,282.624329,292.842773,0.000000
1987-12-08,281.167175,291.596039,0.385048
1987-12-09,283.172119,290.649109,0.000000
1987-12-10,279.333496,291.764343,0.000000
1987-12-11,276.610229,290.865173,0.000000
1987-12-12,276.549286,288.823639,0.000000
1987-12-13,274.618713,291.146179,0.000000
1987-12-14,275.040955,291.662750,0.000000
1987-12-15,275.506134,291.228607,0.000000
1987-12-16,274.885223,291.262726,0.000000
1987-12-17,276.813446,293.585571,0.000000
1987-12-18,276.249084,292.273163,0.000000
1987-12-19,271.260040,288.154419,0.000000
1987-12-20,274.860229,294.059662,0.000000
1987-12-21,277.682159,297.130737,0.000000
1987-12-22,277.617157,293.834778,0.000000
1987-12-23,274.430237,289.151245,0.000000
1987-12-24,274.470520,292.324982,0.000000
1987-12-25,276.163055,293.347107,0.000000
1987-12-26,276.613220,294.034241,0.000000
1987-12-27,278.813354,293.267334,0.000000
1987-12-28,285.290833,295.825439,4.805901
1987-12-29,279.634125,295.508545,0.000000
1987-12-30,280.585632,297.858826,0.000000
1987-12-31,282.054138,295.660156,0.000000
1988-01-01,280.488403,292.888031,0.000000
1988-01-02,283.147308,292.183350,0.000000
1988-01-03,286.306091,294.957733,0.000000
1988-01-04,282.697266,293.853119,1.446226
1988-01-05,275.678406,293.023041,4.643909
1988-01-06,270.904694,279.774963,0.309640
1988-01-07,270.343964,282.772491,0.886395
1988-01-08,270.317963,286.305725,0.000000
1988-01-09,271.075684,284.413452,0.000000
1988-01-10,270.932068,283.329742,0.000000
1988-01-11,277.816681,289.493408,7.328287
1988-01-12,273.770142,289.169250,0.344188
1988-01-13,273.671722,289.547333,0.000000
1988-01-14,277.607178,293.150574,0.000000
1988-01-15,281.010803,292.350861,0.000000
1988-01-16,285.170380,292.546997,1.905400
1988-01-17,284.785492,293.908661,0.000000
1988-01-18,285.737762,294.917938,0.000000
1988-01-19,280.356232,294.288147,0.000000
1988-01-20,271.775696,284.008545,0.000000
1988-01-21,273.578552,289.411377,0.559450
1988-01-22,272.450775,290.053894,0.000000
1988-01-23,281.362366,294.933624,0.000000
1988-01-24,282.565338,301.998138,0.361411
1988-01-25,287.418549,301.095062,0.000000
1988-01-26,287.323090,299.589935,0.000000
1988-01-27,279.970123,297.107391,0.000000
1988-01-28,285.110382,300.923706,0.000000
1988-01-29,283.900421,299.944946,0.555152
1988-01-30,286.227234,299.845947,0.000000
1988-01-31,288.565704,301.613739,0.000000
1988-02-01,289.038849,301.928741,0.000000
1988-02-02,285.292633,300.558350,0.000000
1988-02-03,286.762909,299.842438,0.000000
1988-02-04,287.762390,303.917633,0.000000
1988-02-05,287.232666,302.211243,0.000000
1988-02-06,282.385834,298.399170,0.000000
1988-02-07,287.141968,304.013611,0.000000
1988-02-08,279.232239,303.404877,0.000000
1988-02-09,274.497528,288.576782,0.000000
1988-02-10,273.573090,284.941467,14.368129
1988-02-11,264.232849,271.367401,0.000000
1988-02-12,266.897308,277.151794,0.000000
1988-02-13,275.378662,284.584412,3.667400
1988-02-14,273.963257,284.164551,22.400831
1988-02-15,272.451447,284.517090,5.175092
1988-02-16,274.905304,291.281708,0.000000
1988-02-17,278.492523,291.591614,0.000000
1988-02-18,277.488037,290.393463,0.000000
1988-02-19,276.218323,291.828918,0.000000
1988-02-20,277.833191,296.860291,0.000000
1988-02-21,280.329529,298.368378,0.000000
1988-02-22,281.018402,297.667145,0.000000
1988-02-23,284.678741,296.515411,0.000000
1988-02-24,285.901093,294.560974,6.493748
1988-02-25,281.662262,289.870087,3.166930
1988-02-26,283.039215,291.358856,3.296285
1988-02-27,283.451050,292.097260,0.949935
1988-02-28,277.936768,289.947937,0.000000
1988-02-29,278.578613,289.886749,0.000000
1988-03-01,279.220428,289.825562,0.000000
1988-03-02,277.761719,291.500031,1.051367
1988-03-03,280.783325,286.306030,7.217168
1988-03-04,286.627472,296.913849,7.817552
1988-03-05,283.461273,295.437012,0.000000
1988-03-06,284.022186,296.807526,0.000000
1988-03-07,281.598663,299.977020,0.000000
1988-03-08,285.794250,303.347717,0.000000
1988-03-09,288.658417,305.429657,0.000000
1988-03-10,291.124481,305.140381,0.000000
1988-03-11,288.901428,304.388214,0.000000
1988-03-12,285.608032,298.326660,0.000000
1988-03-13,283.279938,299.198792,0.000000
1988-03-14,286.381653,300.258575,0.000000
1988-03-15,287.713715,300.874329,0.000000
1988-03-16,288.327026,302.424225,0.000000
1988-03-17,289.949799,301.201508,1.502368
1988-03-18,284.017151,302.739777,0.000000
1988-03-19,287.949280,304.078552,0.000000
1988-03-20,287.492432,304.010132,0.000000
1988-03-21,288.917297,303.297272,0.000000
1988-03-22,289.812012,299.956818,2.656095
1988-03-23,289.754395,298.315399,35.080906
1988-03-24,284.369934,295.117828,0.000000
1988-03-25,282.570679,296.933075,0.000000
1988-03-26,283.616516,298.298737,0.000000
1988-03-27,286.570129,298.945770,0.000000
1988-03-28,289.463623,297.827942,1.358860
1988-03-29,289.323364,297.708008,6.619176
1988-03-30,289.415070,297.202850,1.384309
1988-03-31,287.329437,294.332184,1.146101
1988-04-01,289.939941,299.906372,11.998631
1988-04-02,290.005096,298.741608,0.000000
1988-04-03,289.832001,295.076050,1.255584
1988-04-04,289.595642,295.586334,0.000000
1988-04-05,290.223083,294.927765,0.000000
1988-04-06,289.454865,295.226807,1.043358
1988-04-07,290.383118,297.222351,1.140518
1988-04-08,290.633240,297.013672,18.743391
1988-04-09,284.383942,301.109985,2.298988
1988-04-10,286.489471,300.169495,0.000000
1988-04-11,283.985413,298.046967,0.000000
1988-04-12,285.843536,300.548431,0.000000
1988-04-13,286.120819,300.130798,0.000000
1988-04-14,289.126892,299.687988,0.376637
1988-04-15,290.944122,300.217194,0.000000
1988-04-16,290.783295,300.760712,0.000000
1988-04-17,290.742615,298.477020,0.537021
1988-04-18,290.866058,301.564026,1.460887
1988-04-19,291.319458,300.956238,0.895033
1988-04-20,293.119171,298.901337,0.379906
1988-04-21,292.568115,304.006653,0.000000
1988-04-22,292.697906,305.417023,0.000000
1988-04-23,293.900726,304.764496,0.000000
1988-04-24,293.662903,301.202881,0.394126
1988-04-25,293.582703,300.740540,0.000000
1988-04-26,293.324127,302.177795,0.435773
1988-04-27,293.778870,302.509216,0.000000
1988-04-28,293.602295,302.741028,0.706685
1988-04-29,294.039062,305.154297,0.332042
1988-04-30,293.697205,306.683533,0.000000
1988-05-01,293.905457,306.392395,0.000000
1988-05-02,290.365723,300.664398,39.992447
1988-05-03,282.832001,293.474182,0.000000
1988-05-04,284.659119,295.153748,0.000000
1988-05-05,288.427399,296.785889,0.000000
1988-05-06,292.888947,301.468475,0.724350
1988-05-07,293.501007,306.935425,0.571204
1988-05-08,287.123779,304.065918,16.513502
1988-05-09,282.449432,291.293060,0.494287
1988-05-10,282.604614,295.721466,0.000000
1988-05-11,285.893158,300.691528,0.000000
1988-05-12,289.139801,303.149506,0.000000
1988-05-13,293.057922,307.618073,0.000000
1988-05-14,293.966003,310.113953,0.000000
1988-05-15,294.063354,309.924072,0.000000
1988-05-16,293.817841,306.636261,0.000000
1988-05-17,295.001678,302.064453,0.000000
1988-05-18,293.920410,305.751099,0.000000
1988-05-19,294.140869,304.456421,0.000000
1988-05-20,293.230621,301.647308,12.219407
1988-05-21,292.169800,296.758636,59.396545
1988-05-22,289.278442,298.933838,0.000000
1988-05-23,287.937683,303.673492,0.000000
1988-05-24,290.760071,305.880493,0.000000
1988-05-25,293.981842,306.865967,0.000000
1988-05-26,295.573059,307.408661,0.000000
1988-05-27,295.131226,306.883026,0.000000
1988-05-28,297.960052,311.076752,0.000000
1988-05-29,298.850006,311.605347,0.000000
1988-05-30,299.456085,311.095612,0.000000
1988-05-31,296.260742,312.159363,0.000000
1988-06-01,295.450867,311.036621,0.935540
1988-06-02,295.549652,309.060455,4.397279
1988-06-03,295.909637,306.751526,0.000000
1988-06-04,295.695129,307.115204,0.000000
1988-06-05,295.728027,306.822876,0.000000
1988-06-06,295.971130,307.024475,0.000000
1988-06-07,297.206451,306.478912,0.000000
1988-06-08,297.346710,309.211029,0.544526
1988-06-09,296.992828,309.496033,0.000000
1988-06-10,295.359131,306.458466,37.338963
1988-06-11,291.459137,300.525665,32.545033
1988-06-12,290.649811,304.155670,0.000000
1988-06-13,290.838165,305.927216,0.000000
1988-06-14,294.448395,307.863159,0.000000
1988-06-15,294.865540,304.047577,0.458021
1988-06-16,295.390167,299.862122,41.210690
1988-06-17,295.498718,300.145111,42.582893
1988-06-18,296.334137,303.093109,0.950796
1988-06-19,295.202209,298.140808,0.449289
1988-06-20,293.169983,302.204041,1.289301
1988-06-21,295.696625,303.640045,0.000000
1988-06-22,292.536682,308.620392,0.000000
1988-06-23,296.521912,311.030731,0.000000
1988-06-24,298.527679,312.055847,0.000000
1988-06-25,298.868073,311.447723,0.000000
1988-06-26,298.950409,311.647064,0.000000
1988-06-27,300.764191,312.971954,0.000000
1988-06-28,300.490875,313.969086,0.000000
1988-06-29,299.842377,313.271973,4.135298
1988-06-30,295.699097,308.938934,0.000000
1988-07-01,296.700409,309.270966,0.000000
1988-07-02,296.547791,308.249176,0.000000
1988-07-03,297.155396,306.128326,2.409553
1988-07-04,296.143921,305.658234,0.000000
1988-07-05,296.242523,306.519562,0.000000
1988-07-06,296.488495,307.173981,0.000000
1988-07-07,295.581238,306.746979,0.000000
1988-07-08,295.696686,307.876343,0.000000
1988-07-09,295.984741,308.806580,0.000000
1988-07-10,295.637299,309.268677,0.000000
1988-07-11,295.600006,311.046448,0.000000
1988-07-12,297.610107,312.367432,0.000000
1988-07-13,298.478699,312.436859,1.675135
1988-07-14,297.253815,306.432129,37.429924
1988-07-15,297.280182,302.412201,34.832413
1988-07-16,297.087219,301.792358,15.453898
1988-07-17,297.839386,298.869934,49.013535
1988-07-18,292.212830,292.212830,30.937313
1988-07-19,294.001953,303.113861,8.607249
1988-07-20,294.005951,302.685242,0.000000
1988-07-21,294.821350,304.267120,0.286630
1988-07-22,294.448700,307.116058,0.000000
1988-07-23,295.285736,309.040527,0.000000
1988-07-24,296.163300,309.762085,0.000000
1988-07-25,295.878021,309.525146,0.000000
1988-07-26,296.157227,308.489532,0.000000
1988-07-27,295.993408,306.930725,0.000000
1988-07-28,295.722595,308.409851,4.042958
1988-07-29,296.146057,307.789795,5.745645
1988-07-30,296.071564,309.055573,0.000000
1988-07-31,296.411804,308.925049,0.429526
1988-08-01,296.706085,308.244659,5.243856
1988-08-02,297.508575,306.476837,6.788009
1988-08-03,295.710449,307.897308,9.220116
1988-08-04,294.180023,307.442139,1.491591
1988-08-05,294.895569,309.139526,0.000000
1988-08-06,296.541168,309.381866,0.000000
1988-08-07,296.969391,310.152374,0.378613
1988-08-08,297.072021,310.182556,0.000000
1988-08-09,296.303864,310.285614,0.000000
1988-08-10,296.900635,309.816040,0.000000
1988-08-11,296.570068,309.090424,0.000000
1988-08-12,295.462402,308.105743,0.295290
1988-08-13,295.456879,307.197083,0.000000
1988-08-14,294.966217,307.568848,0.000000
1988-08-15,295.812622,308.698914,1.127724
1988-08-16,295.933380,308.815552,0.897857
1988-08-17,295.925476,308.119659,0.343787
1988-08-18,295.385864,307.590820,0.000000
1988-08-19,297.679291,311.563202,0.000000
1988-08-20,296.505798,310.969940,1.093511
1988-08-21,296.309998,309.588379,0.000000
1988-08-22,295.332306,309.152008,0.000000
1988-08-23,295.546600,309.347656,0.000000
1988-08-24,297.575592,309.804169,0.000000
1988-08-25,297.565918,310.639679,0.000000
1988-08-26,297.352661,310.166046,0.000000
1988-08-27,296.578247,308.554321,0.759138
1988-08-28,296.826080,307.371460,0.000000
1988-08-29,294.875885,307.214508,0.546237
1988-08-30,294.556274,306.534607,0.000000
1988-08-31,293.431976,306.083588,1.336386
1988-09-01,294.421570,308.250519,0.286869
1988-09-02,296.300720,309.938812,0.000000
1988-09-03,296.883118,309.453125,2.022412
1988-09-04,295.500488,311.033600,0.000000
1988-09-05,298.638214,312.365997,0.000000
1988-09-06,298.803040,311.309509,0.000000
1988-09-07,297.705994,311.999359,0.000000
1988-09-08,297.922791,313.227142,0.000000
1988-09-09,299.184357,312.451813,0.000000
1988-09-10,297.591949,310.975067,0.420946
1988-09-11,298.313721,308.235474,0.000000
1988-09-12,298.672272,310.043152,0.000000
1988-09-13,296.465393,309.607422,0.000000
1988-09-14,296.164062,309.577148,0.000000
1988-09-15,295.546448,307.262848,0.000000
1988-09-16,295.090637,306.984497,6.204021
1988-09-17,292.454407,300.465820,58.680515
1988-09-18,290.022034,298.645905,8.277805
1988-09-19,289.182587,300.628815,2.741212
1988-09-20,293.620514,301.038666,5.389558
1988-09-21,293.066437,301.102692,0.000000
1988-09-22,290.725464,302.827301,0.000000
1988-09-23,290.286652,303.898071,0.000000
1988-09-24,290.146912,303.636902,1.312489
1988-09-25,289.454651,304.965057,0.000000
1988-09-26,292.443298,307.129608,0.000000
1988-09-27,293.905334,307.830322,0.000000
1988-09-28,296.499451,312.762970,0.000000
1988-09-29,299.387573,310.599945,0.000000
1988-09-30,295.984467,308.033752,0.000000
1988-10-01,295.057648,306.332306,0.000000
1988-10-02,292.734070,306.170654,0.000000
1988-10-03,294.415131,307.714630,0.000000
1988-10-04,297.283325,307.888855,0.000000
1988-10-05,294.675079,309.045959,0.000000
1988-10-06,292.626007,308.048004,0.000000
1988-10-07,295.509155,308.420990,0.000000
1988-10-08,293.122620,307.538971,0.000000
1988-10-09,290.799988,307.337402,0.000000
1988-10-10,293.338715,308.696503,0.000000
1988-10-11,293.875427,307.845581,0.000000
1988-10-12,290.570648,304.462494,0.000000
1988-10-13,291.926666,304.997040,0.000000
1988-10-14,292.537201,305.675720,0.000000
1988-10-15,291.875824,305.313873,0.000000
1988-10-16,292.336578,300.770599,45.805016
1988-10-17,291.106415,298.843445,21.017698
1988-10-18,290.800018,300.485443,3.885929
1988-10-19,291.097290,301.055054,0.397092
1988-10-20,290.159393,303.195557,0.000000
1988-10-21,289.530670,304.725067,0.000000
1988-10-22,290.727936,306.281860,0.000000
1988-10-23,290.771576,305.637573,0.000000
1988-10-24,285.970032,301.999847,8.419366
1988-10-25,286.245361,304.964264,0.000000
1988-10-26,290.988281,305.527924,0.000000
1988-10-27,294.879822,305.425140,1.075463
1988-10-28,293.779755,300.375671,8.501374
1988-10-29,291.224030,298.938019,3.878578
1988-10-30,293.123535,298.541718,4.836959
1988-10-31,292.516296,299.952820,1.083068
1988-11-01,293.241760,298.209473,4.846118
1988-11-02,289.325958,296.460358,19.152493
1988-11-03,279.609344,296.904755,0.000000
1988-11-04,280.941559,288.603943,4.493310
1988-11-05,284.384766,293.140594,9.343324
1988-11-06,281.274292,288.126984,0.875625
1988-11-07,281.704834,288.276794,5.761026
1988-11-08,282.008209,287.731537,10.554983
1988-11-09,282.801147,292.422729,3.821471
1988-11-10,281.151642,290.532715,0.000000
1988-11-11,283.260986,289.852570,0.297216
1988-11-12,277.322998,290.208893,0.000000
1988-11-13,278.584991,291.244720,14.520459
1988-11-14,278.308868,286.927704,2.113477
1988-11-15,275.830597,291.518585,0.000000
1988-11-16,281.494751,291.113770,0.000000
1988-11-17,284.239868,290.427124,1.399715
1988-11-18,281.212585,288.062134,0.000000
1988-11-19,282.663940,291.233490,8.891414
1988-11-20,275.279877,290.050018,0.000000
1988-11-21,275.199249,292.297272,0.000000
1988-11-22,279.154785,292.874176,0.000000
1988-11-23,278.220612,291.751434,0.000000
1988-11-24,278.042053,292.572510,0.000000
1988-11-25,277.315125,291.489105,0.000000
1988-11-26,277.196991,293.599579,0.000000
1988-11-27,283.598511,299.145020,0.000000
1988-11-28,282.133820,295.505127,10.199602
1988-11-29,278.144470,295.822571,7.260338
1988-11-30,277.108459,286.575592,3.290612
1988-12-01,275.434845,283.098389,0.000000
1988-12-02,274.405731,287.486481,0.000000
1988-12-03,276.409576,293.593536,0.000000
1988-12-04,282.321899,297.605377,0.622958
1988-12-05,283.894928,296.259064,0.661517
1988-12-06,278.995422,293.986206,24.756273
1988-12-07,289.968079,300.055664,2.188539
1988-12-08,289.157898,299.003174,0.415536
1988-12-09,289.027008,297.724182,0.000000
1988-12-10,281.768372,296.086029,0.000000
1988-12-11,276.047791,286.926575,1.202361
1988-12-12,274.384705,282.771332,0.000000
1988-12-13,274.249329,283.277740,0.000000
1988-12-14,277.279999,284.808624,0.000000
1988-12-15,278.770111,286.056610,0.000000
1988-12-16,276.496613,286.590759,0.000000
1988-12-17,277.404205,286.923798,0.359168
1988-12-18,284.845673,294.571655,12.748952
1988-12-19,277.412323,292.017029,0.000000
1988-12-20,275.117737,286.188507,0.000000
1988-12-21,271.760529,285.967773,0.000000
1988-12-22,273.456024,288.499237,0.000000
1988-12-23,276.515289,288.272858,0.000000
1988-12-24,276.313995,286.501526,0.000000
1988-12-25,275.769257,284.591034,0.000000
1988-12-26,276.988281,287.580048,0.000000
1988-12-27,269.256165,283.606049,0.415353
1988-12-28,268.142456,278.991760,0.000000
1988-12-29,269.303986,282.571350,0.000000
1988-12-30,270.066772,286.415344,0.000000
1988-12-31,273.986115,287.206390,0.000000
1989-01-01,276.355957,289.288208,0.000000
1989-01-02,280.509735,290.439117,0.000000
1989-01-03,280.677216,292.042328,0.000000
1989-01-04,278.061951,292.881042,0.000000
1989-01-05,271.900726,291.854645,0.000000
1989-01-06,268.474152,279.852814,0.000000
1989-01-07,271.031342,282.519043,0.000000
1989-01-08,274.453308,280.068451,27.388409
1989-01-09,268.554138,280.972748,9.446182
1989-01-10,262.678497,273.704376,0.000000
1989-01-11,264.982483,275.758179,0.000000
1989-01-12,267.133759,278.086548,0.000000
1989-01-13,269.626526,276.777222,13.113883
1989-01-14,271.586670,276.064545,4.537100
1989-01-15,271.786774,278.155640,0.354943
1989-01-16,273.467224,278.806427,16.504370
1989-01-17,269.787231,280.151154,0.000000
1989-01-18,271.815765,283.234009,0.923762
1989-01-19,273.650665,287.605438,0.000000
1989-01-20,275.407745,288.247284,0.000000
1989-01-21,279.180603,287.237976,1.705218
1989-01-22,282.407471,290.846619,0.000000
1989-01-23,283.386108,294.240753,0.000000
1989-01-24,278.084503,291.675720,0.000000
1989-01-25,278.387146,289.772369,0.000000
1989-01-26,279.524963,289.445435,0.000000
1989-01-27,282.408691,293.294281,0.000000
1989-01-28,282.992432,293.304413,0.000000
1989-01-29,283.340302,295.025330,0.000000
1989-01-30,282.949585,294.621765,0.000000
1989-01-31,282.325958,299.842682,0.000000
1989-02-01,285.146057,303.123413,0.000000
1989-02-02,285.326019,301.755554,0.000000
1989-02-03,273.066254,290.823517,0.000000
1989-02-04,274.051636,287.939178,0.000000
1989-02-05,281.804657,296.959778,0.451228
1989-02-06,285.612854,297.816376,0.000000
1989-02-07,286.590637,297.102905,2.066733
1989-02-08,284.164185,289.139526,6.918455
1989-02-09,284.371216,292.815765,1.272695
1989-02-10,278.121063,293.381989,0.000000
1989-02-11,282.226135,295.937775,0.000000
1989-02-12,284.774109,299.668518,0.000000
1989-02-13,282.781219,298.517426,0.000000
1989-02-14,280.027710,297.539368,0.000000
1989-02-15,279.485046,296.959900,0.000000
1989-02-16,284.422089,300.850830,0.834486
1989-02-17,288.081390,300.869446,0.000000
1989-02-18,278.998566,298.462006,0.000000
1989-02-19,280.010712,295.537262,0.000000
1989-02-20,283.249237,302.060394,0.000000
1989-02-21,282.809692,300.883270,0.000000
1989-02-22,281.126801,296.629944,0.000000
1989-02-23,282.788055,297.578674,0.000000
1989-02-24,286.396179,299.485382,5.042437
1989-02-25,284.416046,299.110535,0.000000
1989-02-26,284.814178,302.313660,0.000000
1989-02-27,284.483063,301.614105,0.000000
1989-02-28,281.125183,296.983826,0.000000
1989-03-01,282.226532,295.763794,0.000000
1989-03-02,286.847595,295.054291,1.353328
1989-03-03,280.040436,290.334564,7.166594
1989-03-04,269.001495,284.875275,0.000000
1989-03-05,267.999329,287.166687,0.000000
1989-03-06,273.107300,292.030121,0.000000
1989-03-07,278.363770,295.904633,0.000000
1989-03-08,282.736816,295.594452,0.000000
1989-03-09,284.772156,294.332520,0.324903
1989-03-10,284.377502,295.491821,0.817553
1989-03-11,280.838348,295.284729,0.000000
1989-03-12,279.326569,293.255249,0.000000
1989-03-13,277.293884,292.641602,0.000000
1989-03-14,281.871185,295.249542,0.000000
1989-03-15,283.612854,293.261810,11.461877
1989-03-16,274.582397,289.709717,2.319025
1989-03-17,276.696442,286.025726,7.648913
1989-03-18,280.245575,290.653320,9.718206
1989-03-19,278.666168,284.700134,4.413228
1989-03-20,279.330383,284.050476,0.808431
1989-03-21,279.850006,292.527679,0.000000
1989-03-22,277.989197,291.990570,0.000000
1989-03-23,279.471039,293.637360,0.000000
1989-03-24,281.209503,296.257629,0.295507
1989-03-25,282.522675,296.600525,0.000000
1989-03-26,286.490997,295.981232,0.000000
1989-03-27,289.254150,302.768372,0.427911
1989-03-28,287.678680,304.313202,0.000000
1989-03-29,286.781708,303.104919,0.000000
1989-03-30,279.251953,296.510895,0.000000
1989-03-31,277.041321,286.652191,0.000000
1989-04-01,277.086395,285.491119,0.000000
1989-04-02,277.073212,288.085999,0.000000
1989-04-03,282.051697,289.035645,2.403901
1989-04-04,284.868774,292.006256,26.396460
1989-04-05,282.741669,288.489410,0.743373
1989-04-06,285.767670,291.164703,0.891627
1989-04-07,286.051605,290.597809,0.299877
1989-04-08,281.134155,289.273895,0.541675
1989-04-09,282.898956,300.301300,0.000000
1989-04-10,284.554382,301.959259,0.000000
1989-04-11,287.208557,300.693634,0.000000
1989-04-12,287.662842,295.586029,0.805857
1989-04-13,286.009979,294.850342,0.000000
1989-04-14,285.906342,291.744904,28.453199
1989-04-15,288.206085,293.450653,18.198200
1989-04-16,289.907745,294.145538,5.142812
1989-04-17,287.020660,294.325928,0.000000
1989-04-18,288.749847,294.339508,0.000000
1989-04-19,290.098724,298.786133,0.000000
1989-04-20,291.682251,301.965912,2.380320
1989-04-21,282.112946,301.970612,1.213657
1989-04-22,279.961395,293.886566,0.000000
1989-04-23,278.750214,298.194183,0.000000
1989-04-24,282.845673,299.379059,0.000000
1989-04-25,283.606537,301.404938,0.000000
1989-04-26,287.454651,303.319580,0.000000
1989-04-27,287.492218,308.767334,0.000000
1989-04-28,292.505676,311.122742,0.000000
1989-04-29,291.124390,309.025421,0.000000
1989-04-30,292.425629,308.568176,0.000000
1989-05-01,291.464050,307.958679,0.000000
1989-05-02,291.596283,307.531189,0.000000
1989-05-03,290.907349,306.930450,0.000000
1989-05-04,290.393066,306.453613,0.000000
1989-05-05,293.584656,306.590759,0.000000
1989-05-06,293.376770,305.727356,0.297644
1989-05-07,292.349457,306.883331,2.080852
1989-05-08,294.057159,304.438690,0.000000
1989-05-09,294.828796,298.691589,0.422998
1989-05-10,294.642273,301.464722,3.771076
1989-05-11,293.198517,301.119171,3.268972
1989-05-12,291.741119,300.038086,0.000000
1989-05-13,292.914185,301.787842,0.000000
1989-05-14,291.396606,304.560059,0.000000
1989-05-15,291.914581,304.080231,0.000000
1989-05-16,291.662262,302.414551,1.030780
1989-05-17,291.652008,303.318298,1.680177
1989-05-18,292.216949,303.167328,4.124060
1989-05-19,293.161835,302.719940,5.311848
1989-05-20,292.714172,302.537720,0.000000
1989-05-21,291.871490,302.406616,1.589355
1989-05-22,290.254791,304.839233,0.000000
1989-05-23,289.400146,305.695068,0.000000
1989-05-24,291.468140,305.428406,0.000000
1989-05-25,292.650757,305.603241,0.000000
1989-05-26,292.341736,306.172241,0.000000
1989-05-27,290.943695,305.445648,0.000000
1989-05-28,291.311371,305.534180,0.000000
1989-05-29,292.785522,303.901611,0.000000
1989-05-30,295.134521,303.110016,1.725393
1989-05-31,294.241608,298.226837,30.978043
1989-06-01,291.576080,302.406616,6.115659
1989-06-02,290.722992,301.597687,1.647461
1989-06-03,292.151093,303.652008,0.000000
1989-06-04,292.019592,302.008179,32.499252
1989-06-05,292.322327,295.354645,65.837479
1989-06-06,291.449402,297.016235,21.537119
1989-06-07,290.283173,302.063690,0.000000
1989-06-08,291.281586,304.041199,0.000000
1989-06-09,292.220673,305.592316,0.000000
1989-06-10,293.720001,305.021088,0.000000
1989-06-11,294.830475,302.956238,0.000000
1989-06-12,295.693848,301.550446,5.916135
1989-06-13,296.191223,301.473816,10.534440
1989-06-14,295.118225,303.642456,1.769945
1989-06-15,294.598816,299.432526,1.487301
1989-06-16,293.780396,298.852722,3.516492
1989-06-17,293.808319,301.386353,0.000000
1989-06-18,295.040070,302.833954,2.694369
1989-06-19,296.419861,301.045502,17.291283
1989-06-20,295.862610,300.960114,33.976856
1989-06-21,296.608795,298.772949,4.146979
1989-06-22,295.973907,299.829773,0.000000
1989-06-23,295.533844,301.473267,1.294789
1989-06-24,294.335632,302.063446,0.000000
1989-06-25,292.874176,302.128601,1.442811
1989-06-26,292.013916,301.781860,0.885913
1989-06-27,292.227936,305.207336,0.539044
1989-06-28,291.411316,307.320435,0.000000
1989-06-29,291.500854,307.195984,0.000000
1989-06-30,294.236938,304.916351,5.805288
1989-07-01,293.734528,305.844543,0.499965
1989-07-02,294.488800,304.993469,2.995988
1989-07-03,294.662567,305.064636,0.000000
1989-07-04,294.391235,304.209442,3.739215
1989-07-05,295.506531,308.049713,0.000000
1989-07-06,296.805145,310.931793,0.000000
1989-07-07,297.714539,313.136261,0.000000
1989-07-08,297.786011,312.486725,0.000000
1989-07-09,297.586731,312.255646,0.000000
1989-07-10,295.588226,309.448181,5.547354
1989-07-11,295.682404,308.359863,1.998822
1989-07-12,295.411682,309.100739,0.000000
1989-07-13,295.973999,310.415192,0.000000
1989-07-14,296.692352,311.207428,0.000000
1989-07-15,298.201752,310.655029,0.000000
1989-07-16,297.327301,310.545776,0.000000
1989-07-17,296.716492,310.283142,0.000000
1989-07-18,296.211273,308.370148,0.000000
1989-07-19,295.395203,307.154266,0.293809
1989-07-20,295.009644,307.788940,0.000000
1989-07-21,295.629181,310.959503,0.000000
1989-07-22,297.158295,311.647003,0.000000
1989-07-23,296.450378,311.067047,0.000000
1989-07-24,297.569366,310.962219,0.000000
1989-07-25,296.621582,310.626312,0.000000
1989-07-26,296.885468,309.914337,0.000000
1989-07-27,296.386780,309.508972,0.702835
1989-07-28,296.014984,307.269409,0.899000
1989-07-29,296.354065,305.512970,4.157929
1989-07-30,295.962097,307.030975,4.764715
1989-07-31,295.453217,305.456665,1.766276
1989-08-01,294.867157,304.107300,28.360332
1989-08-02,294.667847,304.914276,13.585252
1989-08-03,293.697479,305.077545,10.296115
1989-08-04,294.522766,305.975586,6.609282
1989-08-05,294.256866,307.321716,0.952818
1989-08-06,294.132629,307.069519,0.728260
1989-08-07,293.805573,305.957214,0.000000
1989-08-08,294.303284,306.941711,0.000000
1989-08-09,295.413727,309.828003,0.000000
1989-08-10,296.321381,312.337555,0.000000
1989-08-11,296.901794,313.215546,0.000000
1989-08-12,298.507172,313.536560,0.529948
1989-08-13,297.411560,313.018646,0.000000
1989-08-14,296.594116,311.585297,0.000000
1989-08-15,297.579956,309.260559,0.000000
1989-08-16,296.272491,309.350861,0.000000
1989-08-17,295.632141,309.334991,0.000000
1989-08-18,294.315765,311.174316,0.000000
1989-08-19,299.338409,314.072906,0.000000
1989-08-20,296.744080,313.197876,0.000000
1989-08-21,297.976166,311.875092,0.000000
1989-08-22,297.447906,311.135620,0.000000
1989-08-23,295.380981,309.715454,0.000000
1989-08-24,295.605896,307.327698,0.000000
1989-08-25,296.317932,307.405975,0.000000
1989-08-26,295.338989,307.069031,0.000000
1989-08-27,295.079407,306.612701,0.488888
1989-08-28,295.251007,306.902954,3.372949
1989-08-29,293.571655,303.267670,11.138330
1989-08-30,293.960236,305.481110,3.082029
1989-08-31,294.449341,305.824554,9.142747
1989-09-01,294.645782,306.599945,2.626627
1989-09-02,293.711578,303.582520,8.464110
1989-09-03,293.659119,304.929016,0.000000
1989-09-04,291.572174,301.612854,31.786036
1989-09-05,293.731171,302.438629,5.706176
1989-09-06,293.752289,303.497498,0.873574
1989-09-07,293.332733,304.086090,0.000000
1989-09-08,293.951935,305.066559,1.270540
1989-09-09,295.200653,303.998138,15.811194
1989-09-10,294.239899,303.370148,1.346027
1989-09-11,293.862793,303.352936,7.204828
1989-09-12,293.858521,301.264038,5.392147
1989-09-13,294.541138,302.221191,0.328241
1989-09-14,294.434723,303.614746,0.000000
1989-09-15,291.981659,304.297028,0.000000
1989-09-16,290.796661,305.822693,0.000000
1989-09-17,291.586945,306.738617,0.662004
1989-09-18,294.320862,306.104706,2.137005
1989-09-19,286.935455,302.937744,0.000000
1989-09-20,283.116180,296.567078,0.000000
1989-09-21,281.723145,300.814270,0.000000
1989-09-22,285.793121,303.892517,0.000000
1989-09-23,289.186615,304.117035,0.000000
1989-09-24,290.697327,303.136871,4.328304
1989-09-25,288.751923,303.974060,0.000000
1989-09-26,288.682129,307.490875,0.000000
1989-09-27,289.803955,307.250061,0.000000
1989-09-28,289.819733,306.465149,0.000000
1989-09-29,291.881195,310.214813,0.000000
1989-09-30,292.001495,308.841125,0.000000
1989-10-01,290.728302,306.717072,0.000000
1989-10-02,290.438721,304.263275,0.000000
1989-10-03,290.282257,306.079712,0.000000
1989-10-04,291.120728,306.749603,0.000000
1989-10-05,290.176880,306.564606,0.000000
1989-10-06,291.821106,307.365753,0.000000
1989-10-07,292.186523,307.746674,0.000000
1989-10-08,292.701080,307.482605,0.000000
1989-10-09,291.092468,307.134613,0.000000
1989-10-10,290.522186,306.478333,0.000000
1989-10-11,291.204529,306.228821,0.000000
1989-10-12,292.416168,307.169159,0.551843
1989-10-13,292.934570,307.161896,0.000000
1989-10-14,293.314087,307.047089,0.000000
1989-10-15,294.084900,304.881500,0.000000
1989-10-16,293.647278,302.303955,7.469422
1989-10-17,290.381348,299.928619,5.076779
1989-10-18,286.590027,299.360229,0.000000
1989-10-19,289.036133,298.919739,0.000000
1989-10-20,289.876770,297.617279,0.000000
1989-10-21,287.189362,300.920105,0.000000
1989-10-22,287.909149,302.653900,0.000000
1989-10-23,289.450623,303.421021,0.000000
1989-10-24,291.219757,304.375519,0.000000
1989-10-25,291.488342,304.357819,0.000000
1989-10-26,291.047821,304.267517,0.000000
1989-10-27,286.137390,300.854584,9.814416
1989-10-28,278.646301,285.556030,14.074586
1989-10-29,274.384033,280.705292,0.000000
1989-10-30,276.423492,280.582733,0.703648
1989-10-31,279.797150,287.382965,8.092526
1989-11-01,276.120422,287.149841,0.000000
1989-11-02,277.527740,289.286713,0.000000
1989-11-03,278.551392,289.088135,0.000000
1989-11-04,275.733124,291.561157,0.000000
1989-11-05,278.582733,294.503601,0.000000
1989-11-06,280.644531,296.491699,0.000000
1989-11-07,281.693329,296.663849,0.000000
1989-11-08,285.162781,301.942291,0.000000
1989-11-09,287.091980,303.485382,0.000000
1989-11-10,289.768738,302.095673,5.766134
1989-11-11,289.879944,297.598755,18.823393
1989-11-12,284.879639,298.643494,0.491091
1989-11-13,278.147522,292.917511,0.000000
1989-11-14,282.020386,295.059662,0.000000
1989-11-15,286.790192,298.210083,0.000000
1989-11-16,288.473419,301.428284,0.000000
1989-11-17,285.278229,300.161377,0.000000
1989-11-18,283.651306,300.567688,0.000000
1989-11-19,284.294556,300.890656,0.000000
1989-11-20,287.497406,299.898834,0.959239
1989-11-21,288.742340,296.904938,2.287891
1989-11-22,286.911926,295.167603,7.440466
1989-11-23,284.812958,289.182922,10.457142
1989-11-24,284.232971,289.369873,11.913356
1989-11-25,287.222321,293.146881,3.222799
1989-11-26,284.927277,292.709106,0.000000
1989-11-27,279.149811,292.914032,0.000000
1989-11-28,275.502777,291.367859,0.000000
1989-11-29,276.008453,292.865326,0.000000
1989-11-30,276.872894,293.587555,0.000000
1989-12-01,281.334229,292.947815,0.000000
1989-12-02,280.651886,297.865204,0.000000
1989-12-03,284.994781,298.600616,0.000000
1989-12-04,279.326538,297.800842,0.000000
1989-12-05,283.657928,299.136658,0.000000
1989-12-06,276.691895,296.330872,0.000000
1989-12-07,274.346100,291.507355,0.000000
1989-12-08,276.554199,293.101898,0.000000
1989-12-09,278.405640,290.809509,7.472844
1989-12-10,278.051575,288.728394,0.000000
1989-12-11,278.357025,292.959717,0.000000
1989-12-12,275.308319,289.750580,0.000000
1989-12-13,272.252747,287.773132,0.000000
1989-12-14,274.403290,290.292328,0.000000
1989-12-15,276.464050,290.067291,0.406345
1989-12-16,273.373627,288.256866,0.000000
1989-12-17,273.277191,291.387543,0.000000
1989-12-18,276.372498,290.398865,0.000000
1989-12-19,274.405334,289.303589,0.000000
1989-12-20,273.941010,290.584534,0.000000
1989-12-21,282.612305,291.852295,1.862356
1989-12-22,281.375549,290.918518,7.212505
1989-12-23,278.664062,286.151886,0.312961
1989-12-24,275.507843,291.891327,0.000000
1989-12-25,276.605042,292.280273,0.000000
1989-12-26,278.062042,292.345093,0.000000
1989-12-27,279.184448,290.605133,0.000000
1989-12-28,278.256866,285.579834,15.079454
1989-12-29,280.195068,286.468964,6.159650
1989-12-30,278.411346,286.727448,0.000000
1989-12-31,278.859650,286.582855,0.000000
1990-01-01,276.129944,287.278320,0.000000
1990-01-02,276.327118,290.087524,0.000000
1990-01-03,277.366699,288.598999,0.000000
1990-01-04,279.182648,287.060699,0.529192
1990-01-05,274.682739,286.155365,0.000000
1990-01-06,272.990662,286.750488,0.000000
1990-01-07,274.462463,288.066956,0.000000
1990-01-08,276.805664,289.053345,0.000000
1990-01-09,276.773254,290.243561,0.000000
1990-01-10,276.635559,292.175873,0.000000
1990-01-11,280.513794,292.702332,0.000000
1990-01-12,276.078033,292.709351,0.000000
1990-01-13,277.802063,292.524353,0.000000
1990-01-14,279.010406,293.027283,0.000000
1990-01-15,281.550812,293.500092,0.000000
1990-01-16,279.764587,293.793274,0.000000
1990-01-17,281.058319,296.342651,0.000000
1990-01-18,285.119324,295.175415,0.473841
1990-01-19,285.792053,292.894470,0.000000
1990-01-20,286.165192,296.325378,1.880901
1990-01-21,281.090363,294.693604,0.000000
1990-01-22,279.502228,292.764069,0.000000
1990-01-23,281.417053,291.191681,0.000000
1990-01-24,282.382782,291.426514,2.672705
1990-01-25,276.872437,290.364044,0.000000
1990-01-26,274.287323,286.446564,4.798728
1990-01-27,276.959137,284.129700,40.055496
1990-01-28,278.421448,288.464264,6.828671
1990-01-29,275.575012,288.412750,0.000000
1990-01-30,275.959167,290.076385,0.000000
1990-01-31,279.139130,292.458008,0.000000
1990-02-01,281.003845,297.150604,0.000000
1990-02-02,282.646667,294.836426,0.000000
1990-02-03,285.309845,292.919220,0.528466
1990-02-04,279.692505,292.850037,0.000000
1990-02-05,279.111969,297.157684,0.000000
1990-02-06,280.556488,299.555115,0.000000
1990-02-07,284.544159,298.497406,0.000000
1990-02-08,282.344116,296.194977,0.000000
1990-02-09,280.250031,298.632141,0.000000
1990-02-10,281.244995,300.358429,0.000000
1990-02-11,284.495972,300.320282,0.000000
1990-02-12,287.962799,301.977692,0.000000
1990-02-13,288.360931,303.883575,0.000000
1990-02-14,290.369812,303.901764,0.000000
1990-02-15,288.090881,300.993866,0.000000
1990-02-16,288.408966,299.460938,0.000000
1990-02-17,283.202789,300.370636,0.000000
1990-02-18,285.762665,305.803497,0.000000
1990-02-19,287.951111,307.183990,0.000000
1990-02-20,290.057648,309.088379,0.000000
1990-02-21,290.007721,307.294189,0.000000
1990-02-22,287.843628,300.196747,0.000000
1990-02-23,285.515045,297.445984,0.000000
1990-02-24,282.473053,295.244263,0.436377
1990-02-25,282.439178,298.912811,0.000000
1990-02-26,284.477936,295.703125,20.608379
1990-02-27,282.156219,294.761108,10.637955
1990-02-28,282.756378,293.677032,4.593958
1990-03-01,283.817871,300.580963,0.000000
1990-03-02,284.931427,299.411987,0.000000
1990-03-03,286.697052,299.115387,0.000000
1990-03-04,280.931793,298.098145,0.000000
1990-03-05,287.068787,299.213379,0.423527
1990-03-06,287.779297,301.714935,0.000000
1990-03-07,288.635925,301.485107,0.000000
1990-03-08,287.031006,303.891602,0.349793
1990-03-09,289.410187,303.231018,0.000000
1990-03-10,282.483185,299.322113,0.000000
1990-03-11,286.840393,300.293976,0.000000
1990-03-12,286.040314,299.673004,0.000000
1990-03-13,281.016907,293.608673,0.000000
1990-03-14,280.191895,296.417206,0.000000
1990-03-15,283.416718,300.494995,0.000000
1990-03-16,287.159393,300.841125,0.000000
1990-03-17,285.516449,299.586792,0.000000
1990-03-18,290.226227,298.691528,0.319536
1990-03-19,290.303009,301.479950,1.212758
1990-03-20,289.911896,300.411621,0.753813
1990-03-21,283.036316,295.744110,0.000000
1990-03-22,284.668091,298.412262,0.000000
1990-03-23,287.132141,301.628754,0.000000
1990-03-24,286.114929,302.125488,0.000000
1990-03-25,275.541565,290.835602,0.000000
1990-03-26,277.885162,294.755554,0.000000
1990-03-27,283.230804,298.416046,0.000000
1990-03-28,288.460236,302.603760,0.000000
1990-03-29,288.070862,302.474030,0.000000
1990-03-30,286.381805,300.110046,0.000000
1990-03-31,283.400085,298.369019,0.000000
1990-04-01,281.722778,295.895264,0.000000
1990-04-02,284.831238,295.813171,0.000000
1990-04-03,287.026947,305.083466,0.000000
1990-04-04,283.427917,303.457916,0.000000
1990-04-05,285.876251,297.694794,0.000000
1990-04-06,291.298248,304.279114,1.260606
1990-04-07,286.293457,300.898285,23.877737
1990-04-08,279.891357,289.438690,2.367476
1990-04-09,280.175079,288.531250,0.000000
1990-04-10,282.689423,288.150452,2.332398
1990-04-11,282.505859,288.655090,4.620437
1990-04-12,279.647949,292.106323,0.492824
1990-04-13,281.217163,298.426910,0.000000
1990-04-14,283.129822,300.976044,0.000000
1990-04-15,285.994629,300.511902,0.000000
1990-04-16,286.280609,301.219238,0.000000
1990-04-17,286.869354,301.729065,0.000000
1990-04-18,288.564514,301.445007,0.000000
1990-04-19,288.420471,297.462860,0.000000
1990-04-20,288.459442,295.705688,0.961661
1990-04-21,288.601624,293.405579,7.588148
1990-04-22,290.320190,297.344574,1.293657
1990-04-23,287.677124,299.237671,0.680880
1990-04-24,290.085449,298.448303,14.117461
1990-04-25,290.666718,296.551361,0.000000
1990-04-26,289.539734,301.470093,0.000000
1990-04-27,289.450470,302.198151,0.918524
1990-04-28,286.828583,300.997498,0.000000
1990-04-29,284.349915,302.663239,0.000000
1990-04-30,291.341766,302.462830,0.000000
1990-05-01,292.075958,301.901459,12.139633
1990-05-02,290.825256,305.897491,0.821577
1990-05-03,284.610382,303.728027,0.000000
1990-05-04,284.907227,303.581848,0.000000
1990-05-05,288.608856,303.565125,0.000000
1990-05-06,289.590546,303.030823,0.000000
1990-05-07,290.182343,304.244171,7.613790
1990-05-08,283.857483,302.513702,2.499420
1990-05-09,287.534607,307.917542,0.504412
1990-05-10,290.732452,311.367981,0.000000
1990-05-11,293.263550,311.233368,0.000000
1990-05-12,294.304382,303.801392,19.008747
1990-05-13,292.964630,300.500031,18.290169
1990-05-14,290.638123,299.235809,17.680408
1990-05-15,293.093018,297.590393,41.885128
1990-05-16,289.460419,296.013184,18.941149
1990-05-17,290.219788,299.870331,1.871734
1990-05-18,293.821930,297.999512,0.633487
1990-05-19,293.741699,299.122009,8.804590
1990-05-20,293.677551,301.652557,4.312128
1990-05-21,295.166718,300.659088,5.691342
1990-05-22,294.901062,299.635620,26.011255
1990-05-23,292.912231,298.591675,10.384920
1990-05-24,288.839569,297.855927,0.000000
1990-05-25,289.111023,298.651215,0.000000
1990-05-26,290.927826,302.173279,0.000000
1990-05-27,294.102264,301.741669,0.506796
1990-05-28,295.280640,302.087646,6.332274
1990-05-29,295.965515,301.831451,2.686008
1990-05-30,294.959290,301.343231,5.888383
1990-05-31,294.775543,301.243286,5.014892
1990-06-01,294.856049,304.839294,0.000000
1990-06-02,293.471619,307.682098,0.000000
1990-06-03,292.077118,307.053802,4.500245
1990-06-04,294.921509,310.042389,0.000000
1990-06-05,294.759125,310.936737,0.000000
1990-06-06,293.693878,311.040161,0.000000
1990-06-07,295.238770,310.422302,1.140365
1990-06-08,294.751617,309.343018,0.000000
1990-06-09,295.554993,307.783966,0.000000
1990-06-10,296.570190,307.996765,0.000000
1990-06-11,297.303772,308.825592,0.000000
1990-06-12,298.310699,309.428955,0.000000
1990-06-13,296.172089,308.803528,1.405894
1990-06-14,294.858673,309.887665,0.000000
1990-06-15,295.747406,309.496429,0.000000
1990-06-16,297.253937,310.542603,0.000000
1990-06-17,296.340576,310.463074,0.000000
1990-06-18,295.811188,309.363434,0.000000
1990-06-19,295.945984,307.992767,0.000000
1990-06-20,295.402008,307.938385,0.000000
1990-06-21,295.590912,308.432007,0.000000
1990-06-22,295.585510,308.439514,0.000000
1990-06-23,294.645508,306.195801,0.000000
1990-06-24,295.580627,303.960907,1.267817
1990-06-25,296.319427,307.541595,1.564010
1990-06-26,295.941833,307.532715,21.239988
1990-06-27,296.647858,307.054382,1.998126
1990-06-28,296.887360,307.284546,0.000000
1990-06-29,296.604218,306.584076,2.438899
1990-06-30,295.636841,304.735138,0.000000
1990-07-01,295.812469,303.660675,0.473832
1990-07-02,296.243408,304.506073,7.644094
1990-07-03,295.795624,305.641602,0.000000
1990-07-04,294.812408,306.984772,0.000000
1990-07-05,294.778076,308.970734,0.000000
1990-07-06,295.553070,310.681580,0.000000
1990-07-07,297.030334,309.801453,0.000000
1990-07-08,295.989288,307.727142,0.000000
1990-07-09,297.134491,308.543427,0.000000
1990-07-10,296.839966,308.538330,0.000000
1990-07-11,296.264252,304.243744,5.628500
1990-07-12,296.285492,303.634613,17.212080
1990-07-13,296.087585,302.622345,8.295038
1990-07-14,294.941681,303.631287,3.239288
1990-07-15,295.832703,303.348297,5.147141
1990-07-16,293.698944,306.631531,0.000000
1990-07-17,297.177124,310.368774,0.000000
1990-07-18,297.498016,310.181458,0.000000
1990-07-19,296.627594,304.777344,0.000000
1990-07-20,296.484528,307.690491,0.000000
1990-07-21,295.085693,308.281067,0.000000
1990-07-22,296.684418,309.160431,0.000000
1990-07-23,296.535187,309.381805,0.000000
1990-07-24,296.537476,309.628723,0.000000
1990-07-25,296.898224,309.973145,0.000000
1990-07-26,295.813019,309.186218,0.544869
1990-07-27,296.097626,308.909485,0.000000
1990-07-28,295.709167,308.724274,0.000000
1990-07-29,295.145844,307.477234,0.000000
1990-07-30,295.009094,307.166626,0.000000
1990-07-31,295.667755,307.949982,1.869761
1990-08-01,295.247772,310.366394,0.294228
1990-08-02,295.645233,311.618225,0.000000
1990-08-03,298.694855,312.442047,0.000000
1990-08-04,298.931396,312.377045,0.000000
1990-08-05,297.121185,310.423737,0.296352
1990-08-06,295.990051,309.708405,0.000000
1990-08-07,297.365356,310.189545,0.000000
1990-08-08,298.202789,309.494843,0.000000
1990-08-09,296.011505,309.134888,0.477533
1990-08-10,296.571655,306.474579,1.414742
1990-08-11,297.094604,306.595856,5.153228
1990-08-12,295.859100,307.583893,0.000000
1990-08-13,297.111298,308.122345,2.417297
1990-08-14,296.203339,309.136017,0.000000
1990-08-15,295.894531,310.031372,0.000000
1990-08-16,296.534119,310.748352,0.000000
1990-08-17,296.599579,311.121277,0.000000
1990-08-18,296.939789,310.648193,0.000000
1990-08-19,296.196960,309.591064,0.000000
1990-08-20,297.355865,310.467163,0.000000
1990-08-21,296.930969,310.016785,0.000000
1990-08-22,296.965912,309.088745,0.000000
1990-08-23,297.586456,309.178711,0.000000
1990-08-24,296.670776,308.385315,0.000000
1990-08-25,296.405182,306.943207,0.861693
1990-08-26,296.314056,307.448456,0.000000
1990-08-27,296.901459,306.641632,0.000000
1990-08-28,297.219849,307.224182,1.518671
1990-08-29,295.799805,308.481903,1.294693
1990-08-30,295.798248,308.313568,0.766829
1990-08-31,296.503387,307.489655,7.687418
1990-09-01,295.520081,304.969116,19.437391
1990-09-02,294.399414,306.389648,0.000000
1990-09-03,295.900421,309.359528,0.000000
1990-09-04,297.298492,311.114746,0.000000
1990-09-05,296.435883,310.842163,0.000000
1990-09-06,295.996765,310.761169,0.000000
1990-09-07,295.989532,308.581787,1.802471
1990-09-08,295.499847,306.421936,3.617393
1990-09-09,295.508514,306.449371,0.000000
1990-09-10,297.377106,307.937897,0.000000
1990-09-11,297.301605,306.616974,6.982502
1990-09-12,295.547699,305.437500,0.000000
1990-09-13,294.881348,306.158020,0.000000
1990-09-14,295.528961,305.643311,0.000000
1990-09-15,295.944000,308.224335,0.000000
1990-09-16,295.841095,307.615234,0.000000
1990-09-17,296.816772,307.672394,0.000000
1990-09-18,295.246368,307.362854,0.000000
1990-09-19,295.133881,306.475037,1.230681
1990-09-20,294.778625,306.294189,1.329478
1990-09-21,293.995087,303.894470,0.000000
1990-09-22,294.769257,304.842224,0.000000
1990-09-23,295.547241,306.173615,0.000000
1990-09-24,295.692474,306.373474,0.000000
1990-09-25,293.959534,305.641205,0.000000
1990-09-26,293.836395,304.979218,3.905811
1990-09-27,291.024109,302.492584,16.901058
1990-09-28,289.749969,298.570740,13.768600
1990-09-29,289.107483,296.369629,13.873300
1990-09-30,293.758606,300.783447,14.167023
1990-10-01,293.501648,299.295654,40.073078
1990-10-02,291.831390,296.157715,76.418549
1990-10-03,293.118011,302.176392,0.000000
1990-10-04,291.371033,301.812744,3.848089
1990-10-05,290.522217,302.492889,0.000000
1990-10-06,287.033295,300.109802,3.179698
1990-10-07,285.538452,296.558563,0.000000
1990-10-08,286.298767,297.171387,0.000000
1990-10-09,279.767578,295.467224,0.000000
1990-10-10,278.114960,284.672607,0.000000
1990-10-11,277.927948,292.928833,0.000000
1990-10-12,280.111816,296.462158,0.000000
1990-10-13,280.550446,296.217163,0.000000
1990-10-14,282.424652,297.513489,0.000000
1990-10-15,283.260803,298.294159,0.000000
1990-10-16,290.361420,297.514191,37.941532
1990-10-17,288.913239,297.383545,0.000000
1990-10-18,289.883362,296.985260,0.000000
1990-10-19,287.515259,296.107758,0.000000
1990-10-20,284.203003,294.957245,0.000000
1990-10-21,282.974976,297.874481,0.000000
1990-10-22,287.029938,301.892273,0.000000
1990-10-23,284.784851,301.002045,0.000000
1990-10-24,283.562958,300.157898,0.000000
1990-10-25,286.411652,299.925262,0.000000
1990-10-26,282.018799,295.868408,0.000000
1990-10-27,283.403564,300.409149,0.000000
1990-10-28,286.680511,303.880463,0.000000
1990-10-29,287.639526,302.817719,0.000000
1990-10-30,281.556610,294.884491,0.000000
1990-10-31,280.046753,295.900299,0.000000
1990-11-01,285.146729,297.953217,0.000000
1990-11-02,279.552094,296.217041,1.047607
1990-11-03,279.539948,297.222168,0.000000
1990-11-04,284.291443,296.267853,0.000000
1990-11-05,281.668579,294.375031,0.000000
1990-11-06,280.004486,298.044037,0.000000
1990-11-07,284.825134,300.985168,0.000000
1990-11-08,285.720673,302.623749,0.000000
1990-11-09,286.959167,303.414551,0.000000
1990-11-10,286.169403,302.344574,0.000000
1990-11-11,284.872955,297.971497,0.000000
1990-11-12,281.241730,297.769196,0.000000
1990-11-13,286.876740,303.510529,0.000000
1990-11-14,289.170380,303.808929,0.000000
1990-11-15,289.915802,303.453003,0.360508
1990-11-16,287.737915,302.811859,0.000000
1990-11-17,287.591858,303.037170,0.000000
1990-11-18,289.796021,303.239990,0.000000
1990-11-19,286.240082,295.283997,10.688692
1990-11-20,283.219360,293.351288,23.415470
1990-11-21,275.890411,291.966461,0.000000
1990-11-22,276.050293,290.981812,0.000000
1990-11-23,279.446899,293.231567,0.000000
1990-11-24,280.906799,296.127930,0.000000
1990-11-25,280.307404,294.256012,0.000000
1990-11-26,284.252472,295.862579,0.000000
1990-11-27,281.819214,297.141022,0.283319
1990-11-28,279.012848,289.677429,0.000000
1990-11-29,282.381531,293.584076,0.000000
1990-11-30,279.050476,293.062927,0.000000
1990-12-01,277.730591,294.256714,0.000000
1990-12-02,283.196899,293.001495,0.000000
1990-12-03,285.894623,294.514343,0.496291
1990-12-04,288.196808,299.131592,0.746668
1990-12-05,285.150391,298.211792,0.888193
1990-12-06,273.556702,290.580902,0.000000
1990-12-07,270.558502,281.909790,0.000000
1990-12-08,273.216003,284.297180,0.000000
1990-12-09,275.517761,295.812012,0.000000
1990-12-10,282.306610,298.344971,0.000000
1990-12-11,284.527649,298.919525,0.000000
1990-12-12,274.513489,291.988617,0.000000
1990-12-13,278.303345,286.816711,2.512915
1990-12-14,280.505157,289.259857,21.318380
1990-12-15,273.248718,282.053009,0.947075
1990-12-16,274.872375,285.572174,0.000000
1990-12-17,281.501770,296.836304,0.000000
1990-12-18,286.615845,297.464752,1.350157
1990-12-19,282.526154,295.762665,0.000000
1990-12-20,286.523712,298.666748,0.000000
1990-12-21,285.221649,300.360718,0.000000
1990-12-22,286.307068,301.696472,0.000000
1990-12-23,286.083771,301.649200,0.000000
1990-12-24,287.325592,302.201080,0.000000
1990-12-25,288.878723,300.891113,0.000000
1990-12-26,280.302521,297.578369,0.000000
1990-12-27,280.621796,295.811371,0.000000
1990-12-28,280.542511,297.457489,0.000000
1990-12-29,280.667297,298.641205,0.000000
1990-12-30,280.285645,298.069275,0.000000
1990-12-31,281.937714,298.629944,0.000000
1991-01-01,280.182678,298.184143,0.000000
1991-01-02,280.964264,298.602081,0.000000
1991-01-03,281.630035,296.066711,0.000000
1991-01-04,280.642059,294.818573,0.000000
1991-01-05,279.503967,295.873718,0.000000
1991-01-06,282.021851,297.684021,0.000000
1991-01-07,282.306488,296.027924,0.000000
1991-01-08,282.829132,295.703156,0.000000
1991-01-09,281.663300,296.899933,0.000000
1991-01-10,286.316833,296.323029,2.914898
1991-01-11,280.577820,293.287079,1.453679
1991-01-12,272.942780,292.280731,0.409166
1991-01-13,273.754822,290.007050,0.000000
1991-01-14,275.329742,291.668030,0.000000
1991-01-15,278.476776,290.545074,0.000000
1991-01-16,273.707245,285.585266,0.948739
1991-01-17,271.785004,283.150085,0.000000
1991-01-18,272.023438,283.092529,0.000000
1991-01-19,272.122742,288.565063,0.000000
1991-01-20,275.624329,288.883728,0.000000
1991-01-21,278.810883,287.826355,6.197310
1991-01-22,278.763367,288.895294,0.000000
1991-01-23,275.122345,288.661926,0.000000
1991-01-24,277.363464,288.765625,0.000000
1991-01-25,279.433075,292.134247,0.458911
1991-01-26,283.872192,292.452118,5.864004
1991-01-27,281.783600,294.379639,0.000000
1991-01-28,281.212128,294.454773,0.000000
1991-01-29,283.779297,296.756866,0.000000
1991-01-30,282.443848,295.447784,0.726228
1991-01-31,277.810272,290.974579,0.000000
1991-02-01,275.637512,290.201965,0.000000
1991-02-02,275.818817,290.945251,0.000000
1991-02-03,277.739624,289.945709,0.000000
1991-02-04,279.960663,291.913635,0.000000
1991-02-05,279.793060,291.341888,0.781105
1991-02-06,272.283783,286.005768,0.000000
1991-02-07,272.557434,287.780640,0.000000
1991-02-08,278.460846,295.880127,0.000000
1991-02-09,281.748993,299.682495,0.000000
1991-02-10,282.375793,300.091827,0.000000
1991-02-11,285.818665,301.496765,0.000000
1991-02-12,286.778839,300.279938,0.000000
1991-02-13,288.007904,302.054016,1.588890
1991-02-14,276.881866,300.003052,0.893699
1991-02-15,278.022461,287.943237,0.000000
1991-02-16,277.891998,292.224121,0.000000
1991-02-17,279.997375,293.411469,0.728670
1991-02-18,283.470398,291.334167,18.583727
1991-02-19,283.669373,288.653198,16.325916
1991-02-20,283.238312,290.147858,0.000000
1991-02-21,283.268188,294.285645,0.000000
1991-02-22,285.418274,299.029907,0.000000
1991-02-23,283.253723,298.896332,0.000000
1991-02-24,281.218231,297.318817,0.000000
1991-02-25,273.291687,290.849518,0.000000
1991-02-26,271.929413,285.714569,0.000000
1991-02-27,274.883179,291.117035,0.000000
1991-02-28,281.248230,291.573395,0.000000
1991-03-01,280.711548,292.372803,8.864201
1991-03-02,279.491760,287.942810,4.667158
1991-03-03,278.278748,284.949493,12.274672
1991-03-04,277.061432,287.568451,0.000000
1991-03-05,277.175568,286.050171,1.121570
1991-03-06,278.484344,285.109039,7.335793
1991-03-07,273.281952,289.069702,0.000000
1991-03-08,278.250580,293.010345,0.000000
1991-03-09,282.841187,292.119019,1.298367
1991-03-10,282.847534,288.804291,12.015036
1991-03-11,284.104095,289.409668,13.756731
1991-03-12,281.868835,291.498169,0.957223
1991-03-13,281.032562,296.788696,0.000000
1991-03-14,284.096191,296.142151,0.000000
1991-03-15,284.257538,292.768616,11.879854
1991-03-16,280.208862,292.416534,1.877367
1991-03-17,273.232452,282.202820,0.000000
1991-03-18,277.035065,282.540375,0.000000
1991-03-19,278.046204,291.763611,0.000000
1991-03-20,284.783356,291.730927,0.000000
1991-03-21,287.494324,290.262360,2.025575
1991-03-22,288.655670,300.083801,1.900736
1991-03-23,287.713409,298.552368,0.000000
1991-03-24,282.873291,298.993866,0.000000
1991-03-25,285.280426,301.193420,0.000000
1991-03-26,290.013763,300.999786,0.000000
1991-03-27,288.678497,299.906158,0.000000
1991-03-28,283.427551,301.475189,0.000000
1991-03-29,287.752625,302.691315,0.000000
1991-03-30,289.618835,302.909058,0.000000
1991-03-31,285.207672,302.795197,0.000000
1991-04-01,281.869995,293.647400,0.000000
1991-04-02,279.875031,296.861359,0.000000
1991-04-03,280.631165,299.776672,0.000000
1991-04-04,285.369995,299.633881,0.000000
1991-04-05,287.779327,301.597626,0.000000
1991-04-06,285.483246,301.191620,0.000000
1991-04-07,287.603027,304.791687,0.000000
1991-04-08,290.207458,304.297333,0.785983
1991-04-09,288.792328,302.902466,0.000000
1991-04-10,289.592529,301.401459,0.000000
1991-04-11,286.024750,303.251343,0.000000
1991-04-12,287.580444,304.563019,0.000000
1991-04-13,288.653748,308.548676,0.000000
1991-04-14,291.682220,308.650818,0.000000
1991-04-15,287.779877,303.474487,0.000000
1991-04-16,285.139191,292.711151,32.809288
1991-04-17,279.122253,286.208923,1.279999
1991-04-18,278.867920,287.540131,0.000000
1991-04-19,279.150024,292.906860,0.000000
1991-04-20,283.926788,294.860565,0.000000
1991-04-21,281.952087,296.244263,0.000000
1991-04-22,289.208252,293.250488,18.841692
1991-04-23,281.458984,293.075348,3.962749
1991-04-24,279.103485,298.447052,0.000000
1991-04-25,284.613403,303.766296,0.000000
1991-04-26,287.972137,304.384460,0.000000
1991-04-27,288.839325,308.735229,0.000000
1991-04-28,290.882721,307.976196,0.000000
1991-04-29,285.709900,299.882385,0.000000
1991-04-30,285.930389,302.490753,0.000000
1991-05-01,292.480194,301.589996,0.000000
1991-05-02,292.602173,304.308807,1.693852
1991-05-03,292.410889,305.935516,1.551215
1991-05-04,290.611877,306.018494,0.000000
1991-05-05,288.577087,306.286102,0.000000
1991-05-06,292.120514,309.008850,0.000000
1991-05-07,292.778381,309.022583,0.000000
1991-05-08,291.215729,307.719818,0.000000
1991-05-09,290.860962,307.037415,0.000000
1991-05-10,291.003052,306.919373,0.000000
1991-05-11,290.556183,306.077667,0.000000
1991-05-12,289.137909,306.073822,0.000000
1991-05-13,293.974731,305.883057,0.000000
1991-05-14,294.280762,305.521332,0.000000
1991-05-15,294.605804,304.485382,0.000000
1991-05-16,294.572205,298.737762,52.957588
1991-05-17,289.431030,300.424896,0.000000
1991-05-18,288.354492,303.867065,0.000000
1991-05-19,292.289703,304.712463,0.000000
1991-05-20,294.047485,308.256653,0.000000
1991-05-21,294.917328,308.891724,0.000000
1991-05-22,295.244507,308.454285,0.000000
1991-05-23,294.826263,307.486694,0.000000
1991-05-24,295.088409,305.066772,9.237408
1991-05-25,295.312408,306.313263,0.000000
1991-05-26,293.805756,305.799652,0.000000
1991-05-27,295.325928,307.841553,0.000000
1991-05-28,296.074921,310.552826,0.000000
1991-05-29,296.491821,311.189545,0.000000
1991-05-30,297.299957,311.069733,0.000000
1991-05-31,295.897827,311.639679,0.000000
1991-06-01,297.117340,309.577972,0.000000
1991-06-02,297.253723,312.173248,0.000000
1991-06-03,297.726471,313.499329,0.543045
1991-06-04,297.411652,312.913177,0.000000
1991-06-05,295.896698,310.879639,0.000000
1991-06-06,294.593994,309.038147,0.000000
1991-06-07,295.512512,309.423004,0.000000
1991-06-08,296.539825,308.950562,0.000000
1991-06-09,296.790222,307.342072,0.436978
1991-06-10,296.193359,308.737274,0.000000
1991-06-11,296.164398,310.595886,0.000000
1991-06-12,298.589417,312.493591,0.000000
1991-06-13,299.589874,313.357361,0.000000
1991-06-14,299.247192,313.635010,0.000000
1991-06-15,299.357727,311.943542,0.000000
1991-06-16,298.636139,310.693726,0.000000
1991-06-17,299.082214,310.633240,0.000000
1991-06-18,298.947021,310.606018,0.000000
1991-06-19,295.839539,306.821472,16.490391
1991-06-20,293.829193,299.975708,60.832890
1991-06-21,293.482361,302.772095,2.026530
1991-06-22,296.928772,310.390961,0.000000
1991-06-23,298.599091,312.753876,0.000000
1991-06-24,299.452881,312.510040,0.000000
1991-06-25,298.638641,311.109436,0.436136
1991-06-26,296.509094,307.718048,0.795029
1991-06-27,296.180298,306.481628,0.000000
1991-06-28,296.713684,307.588776,1.045230
1991-06-29,296.637939,309.912933,0.000000
1991-06-30,297.464600,309.405151,0.000000
1991-07-01,297.704529,310.200562,3.179055
1991-07-02,297.725677,309.912445,0.000000
1991-07-03,296.991394,309.731934,13.025772
1991-07-04,295.487854,305.723816,2.338525
1991-07-05,296.607300,306.511871,3.137859
1991-07-06,296.979706,305.750458,6.271218
1991-07-07,295.883514,306.084290,0.000000
1991-07-08,295.817596,306.858673,0.000000
1991-07-09,296.524261,307.712952,0.000000
1991-07-10,295.822723,306.850769,0.000000
1991-07-11,296.373596,306.172150,0.361871
1991-07-12,295.720001,305.493652,0.000000
1991-07-13,295.326660,306.842316,0.000000
1991-07-14,297.092499,308.807129,0.000000
1991-07-15,298.473328,311.844757,0.000000
1991-07-16,300.037201,312.998322,0.000000
1991-07-17,300.164886,313.427063,0.000000
1991-07-18,299.974670,313.925964,0.000000
1991-07-19,300.599640,313.697388,0.000000
1991-07-20,298.632568,313.649353,0.000000
1991-07-21,298.441803,311.797638,0.000000
1991-07-22,297.476654,310.271301,0.000000
1991-07-23,297.580933,310.386902,0.000000
1991-07-24,298.227142,311.634003,0.000000
1991-07-25,299.087372,311.856476,0.000000
1991-07-26,298.793304,311.758331,0.000000
1991-07-27,299.127930,311.816650,0.000000
1991-07-28,297.663940,310.873505,0.000000
1991-07-29,296.683960,309.788727,0.000000
1991-07-30,296.601959,311.816559,0.000000
1991-07-31,299.005310,313.762451,0.000000
1991-08-01,299.283142,314.478058,0.000000
1991-08-02,298.563751,313.858826,0.000000
1991-08-03,299.205414,312.640381,0.000000
1991-08-04,299.715698,311.878998,0.000000
1991-08-05,299.778015,311.489929,0.517677
1991-08-06,297.804932,311.110992,0.000000
1991-08-07,297.641144,309.837006,0.000000
1991-08-08,297.814972,311.127838,0.000000
1991-08-09,298.062256,310.791199,0.000000
1991-08-10,298.239929,309.810730,0.000000
1991-08-11,298.122528,309.451477,0.000000
1991-08-12,297.447174,308.705719,0.000000
1991-08-13,297.961670,307.342438,1.441702
1991-08-14,297.865295,306.897400,0.000000
1991-08-15,297.312500,305.537018,0.377605
1991-08-16,297.411499,305.102600,2.441587
1991-08-17,297.582367,304.969513,14.941347
1991-08-18,297.500122,309.403717,5.755125
1991-08-19,296.109802,309.230499,0.000000
1991-08-20,295.527496,308.646393,3.173126
1991-08-21,297.288330,308.750549,0.401042
1991-08-22,297.861511,309.141296,0.000000
1991-08-23,298.057709,308.471313,6.674868
1991-08-24,295.909363,304.702332,5.479925
1991-08-25,296.860016,303.976715,10.998549
1991-08-26,295.178040,303.680389,3.004411
1991-08-27,295.909973,305.742371,2.796853
1991-08-28,295.625183,305.468292,0.000000
1991-08-29,295.546387,305.075195,0.665326
1991-08-30,296.318024,304.754791,2.414878
1991-08-31,296.233978,307.613739,0.000000
1991-09-01,295.984406,308.849731,0.000000
1991-09-02,296.016998,307.168152,1.810817
1991-09-03,295.860535,306.988007,2.675646
1991-09-04,295.459351,306.946838,0.286592
1991-09-05,294.749725,306.646759,1.856728
1991-09-06,294.786835,307.281433,0.000000
1991-09-07,296.411163,308.413544,0.000000
1991-09-08,297.399963,308.561035,0.000000
1991-09-09,296.798462,308.492706,0.000000
1991-09-10,295.945496,307.941010,0.000000
1991-09-11,297.013550,306.116943,0.000000
1991-09-12,296.037842,302.785431,29.416098
1991-09-13,294.316925,303.357666,3.229068
1991-09-14,294.747314,304.477203,0.000000
1991-09-15,293.331543,306.592987,0.000000
1991-09-16,294.850983,307.254089,0.000000
1991-09-17,294.816223,307.133728,0.000000
1991-09-18,295.067871,307.098938,0.000000
1991-09-19,295.254730,307.832886,0.000000
1991-09-20,296.109161,308.144745,0.000000
1991-09-21,294.983124,307.297577,0.000000
1991-09-22,294.089447,306.784271,5.940197
1991-09-23,294.721405,300.941101,2.149055
1991-09-24,294.228149,300.739868,0.000000
1991-09-25,293.805908,300.681091,2.604083
1991-09-26,293.886230,300.245941,1.991809
1991-09-27,292.212646,299.401031,0.000000
1991-09-28,294.130096,303.166962,0.000000
1991-09-29,293.461121,303.014618,0.000000
1991-09-30,291.693909,303.733246,0.000000
1991-10-01,290.280334,304.990967,0.000000
1991-10-02,291.939087,306.459320,0.000000
1991-10-03,294.434082,306.536224,0.000000
1991-10-04,293.308929,308.159943,0.000000
1991-10-05,291.170013,304.936371,37.926811
1991-10-06,288.754272,298.217560,83.164566
1991-10-07,286.058563,298.382935,0.000000
1991-10-08,287.232513,300.530151,0.000000
1991-10-09,288.226593,300.750214,0.000000
1991-10-10,288.369873,302.642609,0.000000
1991-10-11,288.624329,302.485840,2.137123
1991-10-12,285.498810,296.342255,0.993963
1991-10-13,286.459106,295.046936,0.957568
1991-10-14,285.916962,298.655334,0.000000
1991-10-15,288.922485,300.602600,0.000000
1991-10-16,289.602142,302.185242,0.000000
1991-10-17,288.600342,302.513000,0.000000
1991-10-18,289.830414,302.301880,0.000000
1991-10-19,285.215607,301.239868,7.913449
1991-10-20,280.856079,290.214386,0.000000
1991-10-21,280.395233,289.594513,0.000000
1991-10-22,283.337036,292.185913,8.877389
1991-10-23,282.600250,294.278931,0.000000
1991-10-24,280.873993,293.651031,0.000000
1991-10-25,281.621857,294.388885,0.000000
1991-10-26,282.239258,302.113312,0.000000
1991-10-27,286.229309,302.812439,0.000000
1991-10-28,287.355133,302.284393,0.000000
1991-10-29,287.159241,303.353363,0.000000
1991-10-30,290.205841,304.364563,0.000000
1991-10-31,289.683838,304.245697,0.000000
1991-11-01,290.754913,303.586029,1.840537
1991-11-02,289.317291,301.896973,6.334466
1991-11-03,283.239838,298.494446,0.000000
1991-11-04,284.309265,300.334961,0.000000
1991-11-05,284.971802,299.329712,0.000000
1991-11-06,286.369049,298.190155,0.000000
1991-11-07,287.152161,296.399078,0.490277
1991-11-08,280.650177,293.896210,0.000000
1991-11-09,284.744904,292.915466,1.982526
1991-11-10,277.762054,291.768097,0.000000
1991-11-11,277.815979,292.731964,0.000000
1991-11-12,285.780060,293.719574,1.863812
1991-11-13,282.054565,294.161865,0.000000
1991-11-14,277.419769,293.578217,0.000000
1991-11-15,282.294830,290.166138,23.579315
1991-11-16,273.674225,285.746338,9.757409
1991-11-17,272.255981,280.656311,2.657297
1991-11-18,271.320679,286.698700,0.000000
1991-11-19,273.371155,289.271973,0.000000
1991-11-20,275.770325,291.050598,0.000000
1991-11-21,279.053711,289.258270,8.550254
1991-11-22,277.672638,288.094879,33.737370
1991-11-23,270.742950,279.321960,0.680472
1991-11-24,270.819305,280.206024,1.296842
1991-11-25,271.075500,280.731018,0.455052
1991-11-26,274.652039,281.037262,0.000000
1991-11-27,275.010284,281.970673,2.582434
1991-11-28,276.297119,284.644470,0.000000
1991-11-29,277.835571,288.929382,0.000000
1991-11-30,278.917877,288.692230,0.000000
1991-12-01,275.951233,286.212982,0.000000
1991-12-02,276.954590,286.505005,2.135173
1991-12-03,275.432220,285.536255,0.000000
1991-12-04,273.870728,286.731995,0.000000
1991-12-05,274.907379,286.964447,0.000000
1991-12-06,277.399200,281.853149,22.958876
1991-12-07,278.698547,287.879425,0.000000
1991-12-08,277.447266,286.345642,0.813200
1991-12-09,278.018066,290.410553,3.114987
1991-12-10,272.180115,287.960236,0.000000
1991-12-11,274.179932,289.469269,0.000000
1991-12-12,273.559753,287.593140,0.000000
1991-12-13,272.515808,287.962952,0.000000
1991-12-14,274.721100,288.916992,0.000000
1991-12-15,275.935883,290.291870,0.000000
1991-12-16,279.413696,292.861237,0.000000
1991-12-17,283.434875,293.945343,0.293597
1991-12-18,278.942200,296.953430,0.000000
1991-12-19,280.399475,296.227417,0.000000
1991-12-20,282.367157,297.777374,0.000000
1991-12-21,279.929840,296.506744,0.000000
1991-12-22,274.991852,291.961060,0.000000
1991-12-23,276.760193,293.867340,0.000000
1991-12-24,276.960388,293.866669,0.000000
1991-12-25,278.056732,297.391937,0.000000
1991-12-26,278.890869,297.188965,0.000000
1991-12-27,283.123718,297.720947,0.000000
1991-12-28,277.306274,295.282806,0.000000
1991-12-29,272.420105,287.446350,0.000000
1991-12-30,273.563660,285.076263,0.000000
1991-12-31,276.874298,286.761536,0.000000
1992-01-01,278.588226,286.738037,0.537465
1992-01-02,278.856903,285.802155,32.271458
1992-01-03,276.609467,283.496124,39.780571
1992-01-04,273.293793,282.965027,0.361219
1992-01-05,272.549500,286.371857,0.000000
1992-01-06,273.250488,286.515076,0.000000
1992-01-07,273.516174,284.184814,0.000000
1992-01-08,275.081238,282.752014,0.000000
1992-01-09,273.326447,284.291534,0.000000
1992-01-10,273.346161,284.401672,0.000000
1992-01-11,272.913086,283.424377,0.000000
1992-01-12,275.838043,285.309967,2.132494
1992-01-13,275.163300,285.767883,0.000000
1992-01-14,273.990112,285.339050,0.000000
1992-01-15,275.562714,285.926788,0.692487
1992-01-16,276.673126,288.028809,0.611071
1992-01-17,274.349945,289.800812,0.000000
1992-01-18,274.569458,287.890015,0.000000
1992-01-19,274.745911,290.613464,0.000000
1992-01-20,275.456787,290.198792,0.341218
1992-01-21,279.704651,289.876221,2.535748
1992-01-22,284.942810,290.809357,9.433215
1992-01-23,280.149689,293.300903,0.722472
1992-01-24,278.746857,291.665894,0.000000
1992-01-25,275.547791,289.134094,3.708939
1992-01-26,271.091797,282.196716,0.000000
1992-01-27,274.343292,289.266205,0.000000
1992-01-28,273.793610,286.835388,0.000000
1992-01-29,270.529297,290.416595,0.000000
1992-01-30,273.816681,295.079041,0.000000
1992-01-31,277.782043,293.773773,0.000000
1992-02-01,278.622375,291.580353,0.000000
1992-02-02,275.817352,287.552551,0.738012
1992-02-03,276.218414,284.998138,0.974379
1992-02-04,277.268311,283.317444,0.970901
1992-02-05,276.140228,282.780243,0.000000
1992-02-06,272.599213,276.614563,0.000000
1992-02-07,271.246582,279.207733,0.000000
1992-02-08,272.200897,285.634064,0.000000
1992-02-09,274.460327,291.275879,0.000000
1992-02-10,275.336456,290.000641,0.000000
1992-02-11,272.675385,292.014282,0.000000
1992-02-12,277.152130,295.847595,0.741437
1992-02-13,276.803436,293.787811,0.000000
1992-02-14,273.132507,290.285461,0.000000
1992-02-15,278.758026,295.017853,0.000000
1992-02-16,277.765381,294.018494,0.000000
1992-02-17,272.671722,286.850555,0.000000
1992-02-18,270.899933,277.557709,0.000000
1992-02-19,273.261108,284.984650,0.000000
1992-02-20,277.864227,293.511719,3.041723
1992-02-21,284.893188,294.995270,3.183455
1992-02-22,275.693695,294.187256,0.000000
1992-02-23,273.102356,284.840881,0.000000
1992-02-24,276.140289,285.574799,1.622553
1992-02-25,277.857544,287.781860,0.000000
1992-02-26,279.947235,287.294952,0.000000
1992-02-27,276.151062,285.248901,0.000000
1992-02-28,273.273590,288.235657,0.000000
1992-02-29,275.863586,292.566711,0.000000
1992-03-01,278.453552,296.897766,0.000000
1992-03-02,282.420044,301.358276,0.000000
1992-03-03,284.674530,302.366272,0.000000
1992-03-04,288.734039,301.775116,1.454748
1992-03-05,287.538086,295.327484,15.703757
1992-03-06,280.127014,293.309845,6.199089
1992-03-07,261.461578,280.340027,7.629443
1992-03-08,272.956696,291.126984,0.000000
1992-03-09,276.313599,291.320374,0.000000
1992-03-10,276.061249,290.298553,0.280427
1992-03-11,274.317047,290.809692,0.000000
1992-03-12,276.148682,291.975311,0.000000
1992-03-13,277.615387,293.442444,0.000000
1992-03-14,279.780212,294.283508,0.000000
1992-03-15,280.856293,298.340820,0.000000
1992-03-16,283.606354,300.196594,0.000000
1992-03-17,285.445984,299.287384,0.000000
1992-03-18,286.439667,295.107849,0.000000
1992-03-19,285.941742,295.098450,0.000000
1992-03-20,287.591583,297.364594,0.000000
1992-03-21,286.847229,301.256531,0.000000
1992-03-22,279.943939,300.252808,0.000000
1992-03-23,272.094482,291.409760,0.000000
1992-03-24,277.267548,286.119843,0.000000
1992-03-25,283.885071,295.163574,6.839548
1992-03-26,280.517456,300.196136,0.000000
1992-03-27,284.914581,300.588440,3.779465
1992-03-28,283.819855,298.310425,0.000000
1992-03-29,285.389435,300.675598,0.000000
1992-03-30,286.398010,303.684235,0.000000
1992-03-31,288.554413,303.425201,0.000000
1992-04-01,282.526306,299.563629,0.000000
1992-04-02,282.337341,302.132141,0.000000
1992-04-03,290.307007,303.634827,0.000000
1992-04-04,288.171234,306.571014,0.000000
1992-04-05,289.330231,305.529541,0.000000
1992-04-06,289.883301,304.892242,0.000000
1992-04-07,288.548584,298.066925,3.331086
1992-04-08,282.637329,296.824036,0.000000
1992-04-09,287.906830,299.680084,0.844712
1992-04-10,286.810913,300.870789,0.000000
1992-04-11,288.594757,300.592529,0.000000
1992-04-12,285.821503,297.393524,0.000000
1992-04-13,280.939514,296.974701,0.000000
1992-04-14,284.931030,297.691559,0.000000
1992-04-15,286.843292,303.693604,0.000000
1992-04-16,285.656189,302.614502,0.000000
1992-04-17,286.921143,301.601501,0.000000
1992-04-18,288.931732,302.100800,0.000000
1992-04-19,287.435974,301.001587,0.290737
1992-04-20,292.122009,300.346039,0.743923
1992-04-21,291.009949,297.526581,1.396495
1992-04-22,290.426514,297.435364,0.000000
1992-04-23,289.841339,292.220642,23.641069
1992-04-24,291.215546,300.051239,0.000000
1992-04-25,289.294830,304.303711,0.000000
1992-04-26,291.199768,303.678711,0.000000
1992-04-27,290.397522,301.870178,0.000000
1992-04-28,289.436829,295.185883,0.000000
1992-04-29,291.155884,294.833984,8.964415
1992-04-30,290.758179,300.284088,6.322337
1992-05-01,285.886810,302.204041,0.000000
1992-05-02,285.650085,303.823944,0.000000
1992-05-03,290.998993,305.181274,0.000000
1992-05-04,292.931061,305.669403,8.047535
1992-05-05,288.667816,293.920288,8.082840
1992-05-06,286.147156,301.517792,0.000000
1992-05-07,291.226318,301.646667,0.000000
1992-05-08,289.546936,299.839142,0.000000
1992-05-09,286.626709,304.970520,0.000000
1992-05-10,289.737183,306.389435,0.000000
1992-05-11,291.776428,306.397858,0.000000
1992-05-12,293.299866,302.435455,0.000000
1992-05-13,292.648773,301.307343,23.372021
1992-05-14,291.835327,304.361359,0.000000
1992-05-15,293.602173,302.716644,0.000000
1992-05-16,293.246521,304.749390,4.382902
1992-05-17,290.700623,303.683289,20.133989
1992-05-18,286.391296,299.200623,5.192673
1992-05-19,289.682556,302.825287,0.000000
1992-05-20,288.684723,303.215668,0.000000
1992-05-21,289.206329,304.971649,0.000000
1992-05-22,291.434601,307.280701,0.000000
1992-05-23,291.871124,307.655823,0.000000
1992-05-24,291.847107,307.413696,0.000000
1992-05-25,293.016296,307.283722,0.000000
1992-05-26,293.529297,307.634613,0.000000
1992-05-27,294.233185,308.251923,0.000000
1992-05-28,293.366333,308.532013,0.000000
1992-05-29,293.570953,308.954926,0.000000
1992-05-30,294.467987,309.133362,0.000000
1992-05-31,294.170105,308.982788,0.000000
1992-06-01,295.169037,307.542084,0.000000
1992-06-02,294.546143,307.023865,0.000000
1992-06-03,295.519409,306.708008,0.000000
1992-06-04,295.889923,305.871857,7.376560
1992-06-05,296.465210,305.443542,9.885026
1992-06-06,295.648163,303.817749,7.396141
1992-06-07,294.201660,304.506836,0.779989
1992-06-08,291.924408,307.373779,0.000000
1992-06-09,294.502197,310.615509,0.000000
1992-06-10,298.347717,311.767822,0.000000
1992-06-11,300.229767,311.665894,0.000000
1992-06-12,297.433563,311.121918,0.000000
1992-06-13,298.263153,308.847229,0.000000
1992-06-14,297.980164,307.755615,0.000000
1992-06-15,295.975739,306.293365,0.000000
1992-06-16,296.414001,307.120148,0.000000
1992-06-17,297.247589,306.178772,0.000000
1992-06-18,293.627380,304.595551,0.000000
1992-06-19,295.105957,305.485992,0.000000
1992-06-20,297.043335,306.180542,0.000000
1992-06-21,297.858307,306.121552,0.000000
1992-06-22,296.214020,305.960297,0.000000
1992-06-23,294.882843,305.384644,0.000000
1992-06-24,295.861786,302.414581,0.000000
1992-06-25,295.816498,302.925018,3.191297
1992-06-26,295.968781,302.418854,0.806392
1992-06-27,295.964752,303.606781,0.000000
1992-06-28,295.226654,305.218842,0.000000
1992-06-29,294.582550,305.209229,0.000000
1992-06-30,294.428558,303.860321,6.874269
1992-07-01,296.044250,302.532501,21.895205
1992-07-02,294.602356,302.896973,1.386987
1992-07-03,294.656219,302.418823,0.000000
1992-07-04,294.234039,302.553436,0.000000
1992-07-05,293.785645,301.775208,17.055735
1992-07-06,294.372772,300.145203,24.479174
1992-07-07,295.015472,300.921143,13.471603
1992-07-08,295.503174,302.558472,5.447937
1992-07-09,295.473633,305.196655,0.288565
1992-07-10,295.343903,304.167908,3.085274
1992-07-11,295.061707,304.688141,0.827129
1992-07-12,295.203857,306.927429,0.000000
1992-07-13,296.546478,309.966766,0.000000
1992-07-14,298.025177,310.702789,0.000000
1992-07-15,298.123810,310.551941,0.000000
1992-07-16,297.268982,309.949127,0.000000
1992-07-17,297.292053,309.379364,0.000000
1992-07-18,297.438141,310.738525,3.640558
1992-07-19,299.062134,310.732239,0.000000
1992-07-20,299.314484,310.858704,0.000000
1992-07-21,298.478485,310.525116,2.235964
1992-07-22,296.900330,310.300568,0.000000
1992-07-23,297.700531,310.616425,0.000000
1992-07-24,298.717285,311.047272,0.000000
1992-07-25,297.641083,310.818817,0.000000
1992-07-26,297.499603,310.217773,0.000000
1992-07-27,296.954315,308.814941,0.000000
1992-07-28,297.849823,310.065399,0.000000
1992-07-29,297.566803,310.027405,0.000000
1992-07-30,297.483582,311.145325,0.000000
1992-07-31,297.454651,309.449036,0.288917
1992-08-01,297.924469,311.095032,0.000000
1992-08-02,297.291443,310.976440,0.000000
1992-08-03,297.111694,309.838623,0.000000
1992-08-04,297.082092,309.389374,0.000000
1992-08-05,296.986603,310.044769,0.000000
1992-08-06,296.102478,310.045776,0.000000
1992-08-07,296.477448,309.749207,0.000000
1992-08-08,298.639435,309.274078,26.313650
1992-08-09,297.170471,300.683136,31.409496
1992-08-10,296.619965,302.364532,2.426368
1992-08-11,296.602966,304.629028,3.358035
1992-08-12,295.941803,306.759125,1.804791
1992-08-13,295.637329,306.660950,1.941710
1992-08-14,296.307770,308.519836,0.000000
1992-08-15,296.793488,308.032898,0.000000
1992-08-16,296.353516,307.309143,0.000000
1992-08-17,296.054993,305.735657,8.190191
1992-08-18,296.378479,304.596405,2.870461
1992-08-19,294.678833,305.759460,0.000000
1992-08-20,294.502106,305.400574,0.000000
1992-08-21,294.851685,304.803223,0.726435
1992-08-22,296.803101,304.508820,5.374476
1992-08-23,297.328491,302.792145,14.949370
1992-08-24,295.453430,301.090057,0.000000
1992-08-25,295.222168,304.369385,1.146548
1992-08-26,295.889099,307.337952,6.278615
1992-08-27,295.840027,310.017853,0.000000
1992-08-28,295.179474,309.763977,0.000000
1992-08-29,293.720764,308.556976,0.000000
1992-08-30,292.996674,307.417999,5.983243
1992-08-31,292.674713,306.929108,0.000000
1992-09-01,293.695648,306.944061,0.000000
1992-09-02,293.586517,305.793091,0.000000
1992-09-03,292.541962,306.264740,0.618884
1992-09-04,293.112793,306.046112,0.000000
1992-09-05,293.083588,306.121338,0.000000
1992-09-06,294.260315,307.360718,0.000000
1992-09-07,295.090363,307.149506,0.000000
1992-09-08,296.113159,307.559631,0.696185
1992-09-09,295.862518,308.104797,0.000000
1992-09-10,295.020874,308.834198,0.000000
1992-09-11,297.742126,308.322601,0.000000
1992-09-12,297.870941,306.374298,0.000000
1992-09-13,295.789612,307.004364,0.000000
1992-09-14,294.339691,305.442932,23.245520
1992-09-15,287.703369,299.522064,21.363554
1992-09-16,284.841888,293.008392,0.000000
1992-09-17,284.629578,297.586731,0.000000
1992-09-18,287.438416,301.824219,0.000000
1992-09-19,289.462799,302.802856,0.000000
1992-09-20,288.762207,305.468414,0.000000
1992-09-21,291.882629,305.779175,0.000000
1992-09-22,293.501038,304.309723,22.796576
1992-09-23,291.071136,297.332367,30.957870
1992-09-24,287.113190,295.168213,0.000000
1992-09-25,284.408966,299.514526,0.000000
1992-09-26,286.054688,301.520233,0.526829
1992-09-27,286.540131,303.615387,0.000000
1992-09-28,288.331268,304.798767,0.000000
1992-09-29,289.627319,304.446869,0.000000
1992-09-30,291.224823,304.109528,0.000000
1992-10-01,287.886200,303.266815,0.683709
1992-10-02,290.156494,295.523865,26.389404
1992-10-03,287.770050,301.418762,0.000000
1992-10-04,286.942047,302.467438,0.000000
1992-10-05,288.489136,303.778168,2.235440
1992-10-06,290.553467,304.493866,0.000000
1992-10-07,290.407623,303.963074,0.519701
1992-10-08,291.225189,302.304291,2.789892
1992-10-09,291.938019,301.294098,0.000000
1992-10-10,292.355530,301.610382,8.626395
1992-10-11,290.304657,295.249756,29.899683
1992-10-12,292.804932,301.058411,0.460410
1992-10-13,292.585815,301.419159,0.000000
1992-10-14,294.068817,300.878510,2.454537
1992-10-15,292.522827,300.628204,4.034529
1992-10-16,282.783630,297.840546,0.000000
1992-10-17,281.010071,296.018311,0.000000
1992-10-18,284.598846,300.842285,0.000000
1992-10-19,283.050385,299.316345,3.942339
1992-10-20,284.194977,295.132721,0.000000
1992-10-21,284.368805,294.337219,7.278142
1992-10-22,287.284241,295.292633,7.666861
1992-10-23,284.563690,295.745728,6.870516
1992-10-24,280.878815,294.692871,0.000000
1992-10-25,282.408722,301.522644,0.000000
1992-10-26,281.427948,300.951324,0.000000
1992-10-27,278.236603,292.622589,0.000000
1992-10-28,278.237366,293.185181,0.000000
1992-10-29,279.161743,295.373566,0.000000
1992-10-30,283.805939,297.176880,0.000000
1992-10-31,287.119995,298.166168,0.000000
1992-11-01,287.769623,299.485809,0.000000
1992-11-02,288.845428,301.462372,2.755286
1992-11-03,291.746063,301.728333,26.645824
1992-11-04,286.539795,293.804382,11.922076
1992-11-05,286.663483,291.223572,7.089118
1992-11-06,291.104889,297.901154,4.516457
1992-11-07,279.997772,295.938812,0.000000
1992-11-08,275.195862,285.788239,0.000000
1992-11-09,277.597595,284.399811,0.000000
1992-11-10,278.797394,291.365173,6.062548
1992-11-11,285.329559,295.197754,16.222490
1992-11-12,276.690338,288.790558,0.000000
1992-11-13,275.358917,286.142090,0.000000
1992-11-14,273.075317,286.529022,0.000000
1992-11-15,275.032074,286.602875,0.000000
1992-11-16,275.559875,286.227386,0.429875
1992-11-17,275.547089,291.339111,0.000000
1992-11-18,277.359406,296.915222,0.000000
1992-11-19,285.292419,296.439880,0.453531
1992-11-20,279.706696,295.217102,0.000000
1992-11-21,283.000641,295.935760,3.692482
1992-11-22,288.306335,294.914856,35.416393
1992-11-23,286.865234,291.900024,77.800980
1992-11-24,282.565491,287.385712,38.479717
1992-11-25,282.206299,290.754120,13.407094
1992-11-26,283.761108,287.287689,31.380795
1992-11-27,280.031738,293.137421,0.000000
1992-11-28,275.838135,286.582611,0.000000
1992-11-29,277.358307,288.068359,0.000000
1992-11-30,276.603363,287.128235,16.301592
1992-12-01,275.171631,289.825287,0.000000
1992-12-02,275.785767,289.081787,0.000000
1992-12-03,276.617828,289.133881,0.000000
1992-12-04,283.788849,293.954254,2.139830
1992-12-05,277.364777,292.251190,0.000000
1992-12-06,270.213654,286.432922,4.912318
1992-12-07,268.510834,278.482208,0.457681
1992-12-08,268.091431,277.570038,0.000000
1992-12-09,269.118164,278.032715,5.083546
1992-12-10,269.755341,278.323578,8.819623
1992-12-11,266.232117,278.152496,0.000000
1992-12-12,258.912170,279.269073,0.000000
1992-12-13,268.384888,282.373688,0.000000
1992-12-14,272.119690,282.458862,0.000000
1992-12-15,275.186310,283.522034,0.000000
1992-12-16,275.759186,283.978394,9.351142
1992-12-17,282.030121,290.626831,75.222610
1992-12-18,275.834198,284.866516,0.000000
1992-12-19,274.826660,284.227661,0.000000
1992-12-20,275.654968,284.762085,0.000000
1992-12-21,278.126923,286.421387,0.000000
1992-12-22,278.915710,289.607727,1.194733
1992-12-23,273.756714,287.625549,0.000000
1992-12-24,272.461212,287.454285,0.000000
1992-12-25,275.023254,285.976654,0.000000
1992-12-26,279.043396,290.984406,0.992853
1992-12-27,275.990051,288.149536,0.000000
1992-12-28,269.110779,282.796051,0.000000
1992-12-29,269.265228,282.093658,0.000000
1992-12-30,274.102417,281.227570,4.158574
1992-12-31,278.257996,285.129761,19.456333
1993-01-01,271.274628,283.030334,0.000000
1993-01-02,272.024841,288.516693,0.000000
1993-01-03,274.083435,290.577118,0.000000
1993-01-04,276.799286,290.270508,0.000000
1993-01-05,275.894806,288.384827,0.000000
1993-01-06,271.212921,286.196655,8.627081
1993-01-07,269.133118,282.108521,0.000000
1993-01-08,273.216095,283.374359,0.000000
1993-01-09,273.489288,282.458466,0.000000
1993-01-10,273.095276,281.007599,3.317240
1993-01-11,273.776855,288.565430,0.000000
1993-01-12,274.155212,289.594208,0.000000
1993-01-13,275.821655,291.357727,0.000000
1993-01-14,279.139069,289.664825,0.000000
1993-01-15,279.234772,288.889709,0.000000
1993-01-16,276.148132,285.806793,3.165783
1993-01-17,276.572937,284.308319,1.499904
1993-01-18,278.848328,286.084412,4.707484
1993-01-19,282.769104,289.832855,52.193089
1993-01-20,278.602173,288.233612,2.654763
1993-01-21,280.921387,287.339294,11.757616
1993-01-22,272.577667,281.879852,1.196682
1993-01-23,270.489899,278.749634,0.000000
1993-01-24,269.675964,278.268829,0.000000
1993-01-25,270.032654,281.421112,0.000000
1993-01-26,271.447723,283.955414,0.000000
1993-01-27,271.911072,283.824219,0.000000
1993-01-28,272.706329,286.734009,0.000000
1993-01-29,272.546204,285.640503,0.000000
1993-01-30,271.492706,288.487976,0.000000
1993-01-31,275.652069,292.470245,0.000000
1993-02-01,278.911865,295.222900,0.000000
1993-02-02,279.001801,292.386688,0.000000
1993-02-03,272.845825,288.746246,0.000000
1993-02-04,278.103149,293.995087,0.000000
1993-02-05,273.592194,291.938721,0.000000
1993-02-06,268.878540,288.497314,0.000000
1993-02-07,275.299957,293.469147,0.000000
1993-02-08,278.435486,291.856323,0.000000
1993-02-09,271.592896,288.458282,0.000000
1993-02-10,277.523926,293.291565,0.000000
1993-02-11,277.575409,292.216431,0.000000
1993-02-12,275.979523,290.677277,0.000000
1993-02-13,277.645386,296.839264,0.000000
1993-02-14,279.992981,298.588715,0.000000
1993-02-15,282.968079,300.564514,0.000000
1993-02-16,283.773682,299.741058,0.000000
1993-02-17,281.626923,294.494659,0.000000
1993-02-18,284.418488,291.739990,4.144893
1993-02-19,278.763885,290.606720,2.698871
1993-02-20,276.940521,283.820129,0.000000
1993-02-21,276.265961,286.054535,0.000000
1993-02-22,278.386261,286.515778,2.977898
1993-02-23,275.193024,287.168304,0.000000
1993-02-24,274.965027,287.763824,0.000000
1993-02-25,278.353882,286.699921,0.000000
1993-02-26,275.635559,286.232330,0.000000
1993-02-27,273.703491,281.616333,0.541278
1993-02-28,277.390533,283.056183,6.897891
1993-03-01,273.267029,279.867126,2.762497
1993-03-02,273.678558,281.014282,0.306783
1993-03-03,275.997803,283.401459,11.726667
1993-03-04,283.316101,287.409454,20.586363
1993-03-05,274.850067,291.951080,0.000000
1993-03-06,278.416321,292.741028,0.000000
1993-03-07,279.286560,291.964630,0.000000
1993-03-08,274.708801,287.150452,0.000000
1993-03-09,276.158234,290.788513,0.000000
1993-03-10,279.354584,292.298340,0.000000
1993-03-11,282.908600,292.529480,0.000000
1993-03-12,284.444427,295.071869,0.000000
1993-03-13,281.613312,297.954102,0.000000
1993-03-14,282.917480,302.701172,0.000000
1993-03-15,286.470276,302.380829,0.000000
1993-03-16,284.931519,301.070374,0.000000
1993-03-17,280.765625,296.487091,0.000000
1993-03-18,280.785767,292.305634,5.681130
1993-03-19,281.111938,292.152649,25.808405
1993-03-20,275.257233,285.885223,0.000000
1993-03-21,277.200195,287.858002,0.000000
1993-03-22,281.285522,295.083282,0.000000
1993-03-23,279.492249,299.025238,0.000000
1993-03-24,284.329193,300.109192,0.000000
1993-03-25,285.288788,300.712372,0.000000
1993-03-26,286.918518,302.109955,0.000000
1993-03-27,288.411285,302.757965,1.236335
1993-03-28,288.027100,304.832397,0.000000
1993-03-29,289.559753,304.530487,0.000000
1993-03-30,280.847626,300.581909,0.000000
1993-03-31,277.186493,288.427612,0.000000
1993-04-01,278.484161,289.119446,0.000000
1993-04-02,277.891724,291.604950,0.000000
1993-04-03,281.794678,296.002716,0.000000
1993-04-04,283.814728,295.592377,0.000000
1993-04-05,284.018555,295.086639,0.000000
1993-04-06,284.689117,297.097656,0.000000
1993-04-07,286.921478,298.982239,1.304942
1993-04-08,281.471863,302.105499,0.000000
1993-04-09,285.042969,301.424805,0.000000
1993-04-10,281.414062,302.390869,0.000000
1993-04-11,286.930908,304.797852,0.000000
1993-04-12,289.207458,304.293213,0.000000
1993-04-13,285.324646,300.921753,0.000000
1993-04-14,288.123260,303.425232,0.000000
1993-04-15,289.516968,302.934814,0.000000
1993-04-16,288.247223,303.032196,0.864188
1993-04-17,289.938141,300.579803,12.198329
1993-04-18,283.820953,298.684784,0.000000
1993-04-19,283.049377,300.703522,0.000000
1993-04-20,286.599854,305.347504,0.000000
1993-04-21,289.034271,305.942535,0.000000
1993-04-22,288.273651,304.976044,0.000000
1993-04-23,290.266022,302.871216,5.214612
1993-04-24,286.487671,304.845490,0.000000
1993-04-25,287.835785,305.088257,0.000000
1993-04-26,292.613037,302.237091,0.704648
1993-04-27,292.561066,300.347107,0.000000
1993-04-28,292.502319,300.616180,14.374434
1993-04-29,286.670532,297.367767,0.000000
1993-04-30,287.163147,296.481720,0.000000
1993-05-01,290.527893,302.397400,0.372470
1993-05-02,286.877991,302.752472,0.000000
1993-05-03,285.579620,303.493378,0.000000
1993-05-04,288.092316,303.564209,0.000000
1993-05-05,288.178223,303.510864,0.607206
1993-05-06,291.491821,302.280304,0.931547
1993-05-07,291.262451,303.628418,0.000000
1993-05-08,290.080963,303.987396,0.000000
1993-05-09,292.094452,303.752319,0.000000
1993-05-10,291.662750,302.983917,0.000000
1993-05-11,292.230286,303.937439,0.000000
1993-05-12,292.629181,304.278870,0.000000
1993-05-13,293.541748,304.316376,2.492140
1993-05-14,293.689178,302.387726,7.841444
1993-05-15,293.159149,301.922302,16.887482
1993-05-16,293.756622,303.640045,41.190739
1993-05-17,294.079651,302.402100,3.261883
1993-05-18,293.275085,300.536469,1.023377
1993-05-19,292.831085,299.673737,0.384103
1993-05-20,292.477661,299.644165,0.000000
1993-05-21,292.688171,302.962250,0.000000
1993-05-22,293.035675,302.617767,0.000000
1993-05-23,293.311340,301.667358,0.000000
1993-05-24,293.846985,302.141357,9.018095
1993-05-25,293.200562,301.639130,9.857846
1993-05-26,292.269653,302.251312,0.000000
1993-05-27,290.558899,304.395660,0.000000
1993-05-28,292.023682,306.014709,0.000000
1993-05-29,294.557007,308.101898,0.000000
1993-05-30,297.156830,309.038147,0.000000
1993-05-31,295.002686,308.035492,0.000000
1993-06-01,292.699524,306.883728,0.000000
1993-06-02,291.996338,307.912445,0.000000
1993-06-03,293.767029,307.728027,0.000000
1993-06-04,295.204010,307.437134,0.000000
1993-06-05,296.793976,307.238800,6.025663
1993-06-06,295.622070,306.750519,1.264029
1993-06-07,295.291138,305.183136,0.000000
1993-06-08,295.424622,305.099274,0.000000
1993-06-09,296.637482,305.799835,23.543278
1993-06-10,289.065125,305.252411,0.000000
1993-06-11,288.501007,305.751099,0.000000
1993-06-12,292.955322,308.265442,0.000000
1993-06-13,296.391296,310.940125,0.000000
1993-06-14,297.387543,312.592957,0.000000
1993-06-15,297.920197,311.346405,0.000000
1993-06-16,295.868866,311.279938,0.000000
1993-06-17,296.669525,308.789673,0.000000
1993-06-18,295.802582,308.502594,0.000000
1993-06-19,296.467987,308.336060,0.000000
1993-06-20,295.552612,307.546936,0.000000
1993-06-21,295.241699,306.442719,0.000000
1993-06-22,295.084534,307.019043,0.000000
1993-06-23,294.459869,308.496704,0.000000
1993-06-24,294.150238,309.043274,0.000000
1993-06-25,294.158722,308.888000,0.000000
1993-06-26,294.757629,307.909393,0.000000
1993-06-27,295.311096,307.582916,0.000000
1993-06-28,294.961395,307.814575,0.000000
1993-06-29,296.384918,311.034241,0.000000
1993-06-30,295.928192,311.158417,0.000000
1993-07-01,296.495422,310.174896,0.000000
1993-07-02,294.948639,307.345398,0.334331
1993-07-03,297.739075,304.657898,8.531333
1993-07-04,294.894501,309.036713,0.000000
1993-07-05,295.716644,311.042816,0.000000
1993-07-06,296.156830,311.371796,0.000000
1993-07-07,298.306549,311.992493,0.000000
1993-07-08,297.617737,311.368958,0.000000
1993-07-09,296.777649,309.858368,0.480023
1993-07-10,295.486572,308.064026,0.000000
1993-07-11,295.572784,308.058990,0.000000
1993-07-12,295.959747,307.892700,0.000000
1993-07-13,295.993652,306.475708,1.882500
1993-07-14,296.244415,304.541412,2.974707
1993-07-15,296.366394,307.640533,0.000000
1993-07-16,295.662842,306.974670,0.000000
1993-07-17,295.581055,307.527527,0.000000
1993-07-18,295.703125,306.668274,0.000000
1993-07-19,296.428345,307.175812,0.000000
1993-07-20,295.743378,308.540894,3.334310
1993-07-21,295.373993,308.209198,0.000000
1993-07-22,295.344482,305.950195,0.000000
1993-07-23,295.359802,307.127594,1.362373
1993-07-24,295.122894,309.775116,0.671707
1993-07-25,296.985138,311.129395,0.000000
1993-07-26,297.846710,311.372742,0.000000
1993-07-27,298.097534,311.362976,0.000000
1993-07-28,296.956238,311.116119,0.000000
1993-07-29,296.019043,310.474243,0.000000
1993-07-30,297.123230,313.264648,0.000000
1993-07-31,301.035645,314.311646,0.000000
1993-08-01,297.936401,313.504364,0.000000
1993-08-02,297.822662,311.920410,0.000000
1993-08-03,296.392609,311.606995,0.000000
1993-08-04,297.374817,310.228363,0.560784
1993-08-05,296.056213,310.046112,1.925626
1993-08-06,295.275299,309.685974,0.000000
1993-08-07,295.277405,309.161133,0.000000
1993-08-08,296.037933,308.112610,0.000000
1993-08-09,295.201843,307.716736,0.000000
1993-08-10,295.489441,307.053894,1.463693
1993-08-11,295.262634,306.106903,0.443509
1993-08-12,295.960815,305.344391,4.480281
1993-08-13,296.406342,304.979523,3.924130
1993-08-14,296.759979,306.184448,3.924714
1993-08-15,293.965729,305.314026,0.000000
1993-08-16,294.744629,306.021515,0.638778
1993-08-17,296.157471,309.005310,0.000000
1993-08-18,295.001404,309.054657,0.000000
1993-08-19,295.453308,309.331299,0.000000
1993-08-20,295.563782,308.651489,0.000000
1993-08-21,295.272217,307.895569,0.000000
1993-08-22,296.168579,306.690247,0.000000
1993-08-23,296.036133,306.171478,0.000000
1993-08-24,295.898102,307.788361,0.000000
1993-08-25,295.594818,307.036072,0.000000
1993-08-26,295.731964,306.117126,0.000000
1993-08-27,296.249725,306.471100,0.496384
1993-08-28,295.421844,309.823364,0.000000
1993-08-29,297.888397,312.648834,0.000000
1993-08-30,295.997925,313.630280,0.000000
1993-08-31,296.803345,313.915985,0.000000
1993-09-01,297.468018,313.657379,1.333106
1993-09-02,298.454987,312.583099,0.000000
1993-09-03,294.092682,307.892670,0.000000
1993-09-04,292.432800,308.970306,0.000000
1993-09-05,295.099701,308.814728,0.000000
1993-09-06,295.950287,307.072296,3.914815
1993-09-07,294.680786,305.960724,8.681452
1993-09-08,297.296692,306.907837,8.391438
1993-09-09,294.060547,303.766663,3.855513
1993-09-10,295.733124,304.356537,1.673231
1993-09-11,293.879272,305.285706,0.000000
1993-09-12,295.214508,306.115356,0.519333
1993-09-13,293.257874,306.533661,0.000000
1993-09-14,295.734283,308.255920,0.000000
1993-09-15,296.829193,307.969025,2.027540
1993-09-16,295.376862,306.894867,12.652747
1993-09-17,290.823944,301.162323,11.365146
1993-09-18,287.757690,301.451263,0.000000
1993-09-19,288.938385,304.262695,0.000000
1993-09-20,290.027588,304.782898,0.000000
1993-09-21,293.645660,305.094055,10.475983
1993-09-22,293.625488,302.184998,0.000000
1993-09-23,292.373016,303.373077,0.000000
1993-09-24,292.144623,304.727936,1.191110
1993-09-25,292.876160,301.675079,2.292005
1993-09-26,291.099091,301.204163,17.842751
1993-09-27,294.262329,298.952972,10.905690
1993-09-28,292.490875,303.126160,16.673162
1993-09-29,289.369232,301.389801,1.951088
1993-09-30,287.212982,300.422943,0.000000
1993-10-01,287.618561,299.675171,0.000000
1993-10-02,287.539490,296.523590,1.484747
1993-10-03,283.560944,296.584900,1.836911
1993-10-04,281.407623,297.262543,0.000000
1993-10-05,284.029999,297.470398,0.000000
1993-10-06,284.875366,299.818481,0.000000
1993-10-07,287.431427,299.627106,0.000000
1993-10-08,286.355804,299.916351,0.000000
1993-10-09,288.289215,299.927917,0.000000
1993-10-10,286.475311,298.887238,0.946602
1993-10-11,284.373962,300.447205,0.000000
1993-10-12,286.338257,301.134705,0.000000
1993-10-13,288.754242,301.907379,0.000000
1993-10-14,290.993439,302.679871,0.000000
1993-10-15,291.276581,301.524109,0.331386
1993-10-16,291.407562,300.440063,3.430667
1993-10-17,290.631561,301.583130,0.000000
1993-10-18,291.006348,301.295319,0.000000
1993-10-19,291.166168,301.202637,0.810106
1993-10-20,292.033844,301.646515,0.000000
1993-10-21,293.936188,300.483093,8.219447
1993-10-22,283.804565,298.347595,24.656185
1993-10-23,280.565765,289.934631,1.515788
1993-10-24,280.913330,291.973541,0.000000
1993-10-25,280.436615,294.720886,0.000000
1993-10-26,280.904572,297.493958,0.000000
1993-10-27,281.415894,299.156738,0.000000
1993-10-28,284.209076,302.319641,0.000000
1993-10-29,286.137451,302.471283,2.682649
1993-10-30,283.806366,299.335999,0.000000
1993-10-31,282.174072,295.615082,0.000000
1993-11-01,281.824524,297.089966,0.000000
1993-11-02,283.753571,296.647400,0.000000
1993-11-03,281.717010,296.241150,0.000000
1993-11-04,280.377014,296.921173,0.000000
1993-11-05,284.998627,297.764923,0.000000
1993-11-06,283.346680,297.382996,0.000000
1993-11-07,282.977844,298.941437,0.000000
1993-11-08,284.808441,297.903107,0.000000
1993-11-09,280.647827,295.877289,0.000000
1993-11-10,278.077393,284.984772,0.000000
1993-11-11,277.675812,282.788269,2.926006
1993-11-12,277.916809,289.451294,0.000000
1993-11-13,278.502228,295.040558,0.000000
1993-11-14,282.467926,298.198456,0.000000
1993-11-15,283.616821,298.862762,0.000000
1993-11-16,286.510437,297.520996,3.086076
1993-11-17,285.414490,294.382080,10.966596
1993-11-18,277.358246,292.490173,0.000000
1993-11-19,280.118073,291.140289,1.580482
1993-11-20,281.208710,289.661438,0.000000
1993-11-21,285.709869,290.433014,0.606437
1993-11-22,279.053162,290.190369,0.000000
1993-11-23,275.957733,292.977020,0.000000
1993-11-24,276.505737,291.072632,0.000000
1993-11-25,272.260651,289.159668,0.000000
1993-11-26,273.082886,288.796875,0.281553
1993-11-27,275.506073,291.664185,0.000000
1993-11-28,274.870148,290.698975,0.000000
1993-11-29,274.437042,292.547119,0.000000
1993-11-30,275.207642,293.799072,0.000000
1993-12-01,280.947662,288.808716,6.795845
1993-12-02,287.322876,300.767853,0.000000
1993-12-03,288.028473,299.526703,0.000000
1993-12-04,282.922485,293.542297,0.702330
1993-12-05,277.713165,290.215149,0.000000
1993-12-06,284.625092,299.552246,1.732811
1993-12-07,288.141174,301.130432,0.000000
1993-12-08,280.364319,301.766998,0.000000
1993-12-09,273.554810,289.308197,0.000000
1993-12-10,278.779358,298.407990,0.000000
1993-12-11,285.701202,301.123352,0.000000
1993-12-12,285.184082,299.329956,0.000000
1993-12-13,283.413147,300.243835,0.000000
1993-12-14,285.024261,301.664795,0.000000
1993-12-15,286.928101,300.335632,0.000000
1993-12-16,286.212219,297.483948,0.000000
1993-12-17,276.840027,294.891693,1.151715
1993-12-18,274.997681,284.058197,1.054078
1993-12-19,275.906097,286.500397,0.000000
1993-12-20,278.043243,285.845734,0.606588
1993-12-21,279.489929,289.043915,7.645146
1993-12-22,283.434540,291.506287,2.880457
1993-12-23,277.918793,291.090210,2.941351
1993-12-24,281.073761,288.370880,6.160802
1993-12-25,274.828918,284.624390,0.423092
1993-12-26,272.439087,283.510834,0.000000
1993-12-27,271.802551,285.050629,0.000000
1993-12-28,273.657471,288.311066,0.000000
1993-12-29,282.055756,289.380066,7.308736
1993-12-30,283.623688,289.307922,0.000000
1993-12-31,281.698608,288.977753,0.723293
1994-01-01,280.163757,289.666046,1.009688
1994-01-02,275.541626,290.100616,0.000000
1994-01-03,276.373932,292.037842,0.000000
1994-01-04,278.795197,290.983765,0.000000
1994-01-05,276.187408,291.262390,0.000000
1994-01-06,277.535645,295.088104,0.000000
1994-01-07,279.436157,298.986145,0.000000
1994-01-08,282.618896,299.509369,0.000000
1994-01-09,283.653809,300.310883,0.000000
1994-01-10,283.011200,299.105652,0.000000
1994-01-11,283.065735,296.331024,0.000000
1994-01-12,280.762177,295.885437,0.000000
1994-01-13,278.711700,294.154083,0.775865
1994-01-14,277.707886,291.958679,22.400841
1994-01-15,281.167450,294.775146,2.824940
1994-01-16,281.560455,291.300934,0.000000
1994-01-17,279.778381,290.551239,0.000000
1994-01-18,276.733917,289.664825,0.000000
1994-01-19,275.924042,291.921051,0.000000
1994-01-20,277.227020,292.523315,0.000000
1994-01-21,277.868683,291.767273,0.000000
1994-01-22,281.948090,295.926483,0.000000
1994-01-23,283.560181,295.166229,0.000000
1994-01-24,283.648804,294.384491,0.000000
1994-01-25,282.625275,295.594269,0.000000
1994-01-26,281.335480,298.594635,0.000000
1994-01-27,282.979828,297.579285,0.000000
1994-01-28,280.982941,295.971100,0.000000
1994-01-29,280.019165,293.596893,0.000000
1994-01-30,279.964355,293.625763,0.000000
1994-01-31,281.084442,291.819122,0.000000
1994-02-01,280.344116,288.728729,0.000000
1994-02-02,278.748657,295.102570,0.000000
1994-02-03,280.007111,294.012482,0.000000
1994-02-04,277.084106,292.497406,0.000000
1994-02-05,279.269043,295.984619,0.000000
1994-02-06,284.605988,296.643555,0.000000
1994-02-07,283.827271,296.406342,0.000000
1994-02-08,282.846527,300.879639,0.000000
1994-02-09,283.016998,300.525970,0.000000
1994-02-10,280.573486,299.786591,0.000000
1994-02-11,285.331665,299.700653,0.000000
1994-02-12,289.091492,298.772095,0.000000
1994-02-13,289.242737,296.541077,0.598057
1994-02-14,284.460754,295.829773,0.742635
1994-02-15,276.809540,288.851562,0.000000
1994-02-16,277.680023,285.819427,6.017858
1994-02-17,277.851776,287.931427,0.000000
1994-02-18,279.301270,290.638367,0.000000
1994-02-19,283.224823,292.205841,0.000000
1994-02-20,284.812775,299.075439,0.000000
1994-02-21,281.501343,299.977875,0.000000
1994-02-22,284.332062,300.094421,0.000000
1994-02-23,284.350983,299.251068,0.000000
1994-02-24,280.544586,298.793365,0.000000
1994-02-25,281.173248,298.693817,0.000000
1994-02-26,284.148926,300.066498,0.000000
1994-02-27,284.683167,303.726898,0.000000
1994-02-28,288.693237,305.540192,0.000000
1994-03-01,286.554932,301.850708,0.000000
1994-03-02,284.199463,297.501160,0.000000
1994-03-03,284.509216,298.635406,0.000000
1994-03-04,283.887604,300.907715,0.000000
1994-03-05,289.560181,303.593994,0.000000
1994-03-06,289.007050,303.564514,1.174764
1994-03-07,283.609985,295.475739,4.719541
1994-03-08,282.317657,301.860870,0.000000
1994-03-09,286.863708,304.271851,0.000000
1994-03-10,288.658905,303.920135,0.000000
1994-03-11,288.916412,303.704529,1.373534
1994-03-12,285.849243,301.556610,0.000000
1994-03-13,286.848663,300.922546,0.000000
1994-03-14,286.054321,299.681824,0.000000
1994-03-15,284.796753,299.458008,0.000000
1994-03-16,286.528534,301.982391,0.000000
1994-03-17,287.613922,302.433105,0.000000
1994-03-18,289.515198,304.356110,0.000000
1994-03-19,291.685150,304.013702,0.000000
1994-03-20,289.932709,300.514343,0.000000
1994-03-21,289.858704,300.536987,0.000000
1994-03-22,290.585785,302.555328,1.188617
1994-03-23,288.611511,301.807587,3.151949
1994-03-24,279.363373,294.015045,0.000000
1994-03-25,279.606781,297.368591,0.000000
1994-03-26,285.443176,297.321228,0.000000
1994-03-27,284.919220,303.116058,0.000000
1994-03-28,289.504303,304.023499,0.000000
1994-03-29,292.668823,305.409363,0.709011
1994-03-30,290.079956,304.474945,0.614500
1994-03-31,291.914093,303.537781,0.000000
1994-04-01,291.137634,303.990906,0.000000
1994-04-02,287.969147,304.084686,0.000000
1994-04-03,287.268280,305.312622,0.000000
1994-04-04,289.739990,305.289307,0.000000
1994-04-05,285.080017,302.783630,1.545328
1994-04-06,281.323486,290.559509,0.000000
1994-04-07,280.145813,294.254364,0.000000
1994-04-08,280.574127,297.687225,0.000000
1994-04-09,284.017212,302.262787,0.000000
1994-04-10,287.979706,305.431366,0.000000
1994-04-11,291.246704,306.765381,0.000000
1994-04-12,291.327271,307.784088,0.000000
1994-04-13,293.237213,308.782623,0.000000
1994-04-14,294.799408,309.499329,0.000000
1994-04-15,294.565613,308.865936,0.000000
1994-04-16,296.047729,310.952179,0.000000
1994-04-17,296.177002,311.269714,0.000000
1994-04-18,294.280609,309.899628,0.000000
1994-04-19,295.115875,309.909821,0.000000
1994-04-20,295.700012,309.061218,0.000000
1994-04-21,295.430237,304.666168,8.392069
1994-04-22,284.404114,303.726807,0.000000
1994-04-23,285.614258,299.317230,0.000000
1994-04-24,286.835968,302.046265,0.000000
1994-04-25,288.605255,301.276764,0.000000
1994-04-26,291.398529,305.865112,0.000000
1994-04-27,291.674316,305.917542,7.821259
1994-04-28,293.485382,308.825867,0.000000
1994-04-29,291.564911,308.888367,0.000000
1994-04-30,289.456146,304.569489,0.000000
1994-05-01,291.582245,306.112305,0.000000
1994-05-02,291.936676,310.842621,0.000000
1994-05-03,292.452942,312.112396,0.000000
1994-05-04,293.678711,311.389008,0.000000
1994-05-05,297.773926,310.306274,0.000000
1994-05-06,292.962921,308.822357,0.000000
1994-05-07,294.855255,307.997192,0.461404
1994-05-08,293.032288,305.724670,0.000000
1994-05-09,294.704437,309.621521,0.000000
1994-05-10,294.896088,310.559448,0.000000
1994-05-11,288.661316,304.789398,2.066014
1994-05-12,292.579376,303.586487,0.000000
1994-05-13,296.180847,303.648346,0.440109
1994-05-14,294.529419,310.075684,0.000000
1994-05-15,295.152069,309.975433,0.000000
1994-05-16,290.264343,303.274475,15.979954
1994-05-17,290.490540,296.399689,0.000000
1994-05-18,289.911194,301.165100,0.000000
1994-05-19,293.061249,301.906281,0.000000
1994-05-20,294.369476,302.407288,5.573869
1994-05-21,294.888092,300.020599,47.459473
1994-05-22,295.000610,301.434296,1.653009
1994-05-23,294.585358,302.206970,2.205056
1994-05-24,295.984161,304.881104,0.000000
1994-05-25,295.426758,304.177887,0.627823
1994-05-26,294.717926,301.442627,0.880350
1994-05-27,295.812958,300.762756,0.000000
1994-05-28,295.655792,303.648956,0.000000
1994-05-29,295.049591,309.414154,0.000000
1994-05-30,294.905334,310.818665,0.000000
1994-05-31,296.243195,311.646149,0.000000
1994-06-01,296.433136,311.712128,0.000000
1994-06-02,296.347473,310.854370,0.000000
1994-06-03,295.632050,309.374725,0.000000
1994-06-04,295.776123,308.444275,0.000000
1994-06-05,296.165070,307.066772,0.000000
1994-06-06,295.602112,306.984344,0.000000
1994-06-07,294.819946,307.941284,0.000000
1994-06-08,294.497650,307.793243,0.000000
1994-06-09,294.611084,308.621826,0.000000
1994-06-10,295.812958,310.946167,0.000000
1994-06-11,298.105133,312.697601,0.000000
1994-06-12,299.404388,313.771820,0.000000
1994-06-13,300.365326,314.074280,0.000000
1994-06-14,299.961914,314.792786,0.000000
1994-06-15,301.811859,314.979218,0.000000
1994-06-16,297.143433,311.640869,11.400196
1994-06-17,297.176605,305.881683,5.939280
1994-06-18,297.091339,307.219757,0.000000
1994-06-19,296.853760,306.009186,2.840018
1994-06-20,295.954803,300.154694,10.217567
1994-06-21,296.294128,303.321594,2.857435
1994-06-22,296.091217,302.558502,0.518597
1994-06-23,295.422333,305.622375,0.000000
1994-06-24,295.784607,306.756927,0.000000
1994-06-25,296.883850,307.126495,0.000000
1994-06-26,295.733307,306.181732,0.000000
1994-06-27,295.568420,307.094391,0.000000
1994-06-28,295.870514,308.450592,0.000000
1994-06-29,296.108307,309.787506,0.000000
1994-06-30,297.199585,310.401276,0.000000
1994-07-01,298.265564,310.785492,0.000000
1994-07-02,298.068970,310.963684,0.000000
1994-07-03,297.695984,310.300903,0.000000
1994-07-04,296.959167,308.581726,0.000000
1994-07-05,296.741272,309.089325,0.000000
1994-07-06,297.188110,310.182220,0.000000
1994-07-07,297.751343,310.404755,0.000000
1994-07-08,297.100128,310.008453,0.000000
1994-07-09,296.332581,309.472229,0.337686
1994-07-10,296.627472,310.706757,0.000000
1994-07-11,298.520660,310.768036,9.784608
1994-07-12,294.908630,307.358765,0.000000
1994-07-13,297.999481,307.682251,0.000000
1994-07-14,297.990112,307.864868,0.309063
1994-07-15,298.553802,304.805878,6.787340
1994-07-16,295.075989,301.313934,62.055855
1994-07-17,293.909027,299.709778,81.313469
1994-07-18,292.851440,302.822815,13.834814
1994-07-19,295.341339,303.594025,4.504300
1994-07-20,295.251068,303.524536,2.981926
1994-07-21,294.620819,303.553741,5.707268
1994-07-22,294.844971,302.531006,5.175961
1994-07-23,295.376953,299.420013,23.019823
1994-07-24,295.983490,302.368103,10.485261
1994-07-25,295.811798,303.437286,0.812611
1994-07-26,295.242920,307.626770,1.025107
1994-07-27,294.790710,306.730988,0.000000
1994-07-28,295.009064,305.877319,0.533984
1994-07-29,295.286652,305.812744,1.979734
1994-07-30,296.526337,304.371124,4.994130
1994-07-31,295.492828,303.956390,0.331923
1994-08-01,293.955811,305.294128,0.282543
1994-08-02,294.212524,308.793518,0.000000
1994-08-03,296.573181,310.890900,0.000000
1994-08-04,295.816803,311.157104,0.000000
1994-08-05,296.395355,308.178192,0.000000
1994-08-06,296.016785,309.501862,0.000000
1994-08-07,295.965424,310.158844,0.000000
1994-08-08,294.696991,309.884064,0.000000
1994-08-09,294.404022,309.624023,0.000000
1994-08-10,295.984680,309.928833,0.000000
1994-08-11,295.750641,310.752411,0.000000
1994-08-12,295.897308,310.877808,0.000000
1994-08-13,296.457642,310.016815,0.000000
1994-08-14,295.245819,309.973022,0.000000
1994-08-15,295.500061,309.289398,0.643616
1994-08-16,296.246613,309.503571,0.000000
1994-08-17,295.882294,309.517487,0.000000
1994-08-18,296.472565,309.809784,0.000000
1994-08-19,296.548920,309.511536,0.000000
1994-08-20,296.050781,308.658966,0.000000
1994-08-21,296.305573,306.673370,0.000000
1994-08-22,297.227264,305.906494,0.000000
1994-08-23,296.316528,306.784607,0.000000
1994-08-24,295.698761,306.808197,1.144957
1994-08-25,296.502167,307.469208,0.000000
1994-08-26,296.951477,309.158081,1.865141
1994-08-27,295.544250,308.940491,0.294367
1994-08-28,296.546936,310.265686,0.000000
1994-08-29,295.670471,309.979797,2.060889
1994-08-30,295.522949,308.669434,8.921622
1994-08-31,295.044800,306.834534,3.497271
1994-09-01,295.553253,308.066223,0.000000
1994-09-02,296.830048,308.145782,0.000000
1994-09-03,296.386566,307.539734,0.000000
1994-09-04,295.955566,308.478973,18.205198
1994-09-05,295.773529,301.204712,38.138157
1994-09-06,295.914581,301.159332,13.117571
1994-09-07,294.778656,303.338013,7.794712
1994-09-08,294.154541,304.116364,2.535489
1994-09-09,292.312988,303.931915,0.000000
1994-09-10,291.939026,305.900574,3.295266
1994-09-11,293.897186,306.901581,0.000000
1994-09-12,294.800781,306.562317,0.000000
1994-09-13,293.302338,307.888428,0.000000
1994-09-14,294.695068,309.172089,0.000000
1994-09-15,296.476440,309.591248,0.000000
1994-09-16,298.620544,309.902618,0.000000
1994-09-17,298.319000,310.836853,0.000000
1994-09-18,298.435150,312.232971,0.000000
1994-09-19,298.106262,309.995758,0.000000
1994-09-20,298.340210,308.440765,0.000000
1994-09-21,296.033417,308.311768,11.475958
1994-09-22,293.128632,301.851379,32.930355
1994-09-23,287.032227,293.587402,4.719813
1994-09-24,287.063110,297.910919,0.000000
1994-09-25,283.449951,297.516083,0.000000
1994-09-26,280.728485,291.818542,0.000000
1994-09-27,281.623016,297.440155,0.000000
1994-09-28,286.428406,301.241302,0.000000
1994-09-29,287.378662,302.282227,0.000000
1994-09-30,288.346741,304.001007,0.000000
1994-10-01,288.706329,304.282471,0.000000
1994-10-02,288.302155,303.636292,0.000000
1994-10-03,288.755280,300.990723,0.000000
1994-10-04,288.922302,301.676941,0.000000
1994-10-05,290.032715,304.219482,0.000000
1994-10-06,291.631897,305.306671,0.000000
1994-10-07,293.721832,305.157501,0.000000
1994-10-08,290.429199,305.624725,11.029061
1994-10-09,293.860657,307.289703,0.000000
1994-10-10,295.197601,306.461945,0.000000
1994-10-11,296.662872,305.719208,1.417429
1994-10-12,293.217926,303.237976,2.585062
1994-10-13,291.659119,303.891510,0.000000
1994-10-14,292.790680,304.223358,0.795107
1994-10-15,292.103394,305.267883,0.000000
1994-10-16,292.614258,305.971680,0.000000
1994-10-17,292.423615,305.145844,0.000000
1994-10-18,291.684296,305.684479,0.000000
1994-10-19,294.821838,306.309509,0.000000
1994-10-20,293.719330,306.712219,0.000000
1994-10-21,286.905640,304.974792,0.000000
1994-10-22,284.711090,299.897430,0.000000
1994-10-23,285.376984,302.145325,0.000000
1994-10-24,288.229095,305.157196,0.000000
1994-10-25,291.319458,304.822754,0.000000
1994-10-26,293.484650,303.757507,0.282663
1994-10-27,290.692749,301.550079,0.000000
1994-10-28,288.528503,301.792572,0.000000
1994-10-29,292.404938,301.545776,5.031531
1994-10-30,292.043335,300.645325,2.164831
1994-10-31,282.184814,299.916229,0.000000
1994-11-01,280.652435,297.902069,0.000000
1994-11-02,284.194397,300.856384,0.000000
1994-11-03,289.409454,303.119812,0.000000
1994-11-04,292.454407,302.851807,0.000000
1994-11-05,291.525787,302.301514,0.000000
1994-11-06,292.528503,301.389709,0.749355
1994-11-07,291.694672,301.058075,8.885118
1994-11-08,285.197968,299.006927,9.338367
1994-11-09,282.936127,297.223938,0.000000
1994-11-10,284.217041,299.885010,0.000000
1994-11-11,286.444336,299.025757,0.000000
1994-11-12,285.202271,292.044769,2.665091
1994-11-13,286.394684,294.112122,1.156085
1994-11-14,287.472809,294.824677,13.183640
1994-11-15,281.177612,291.700989,0.000000
1994-11-16,278.927124,291.335724,0.000000
1994-11-17,280.354004,293.102478,0.000000
1994-11-18,284.555847,292.590027,0.000000
1994-11-19,283.446472,293.382660,0.000000
1994-11-20,279.796448,291.891113,0.000000
1994-11-21,278.547272,292.201630,0.000000
1994-11-22,277.431946,295.606781,0.000000
1994-11-23,283.394745,299.502106,0.000000
1994-11-24,280.892639,298.032410,0.515733
1994-11-25,282.830353,298.285645,0.000000
1994-11-26,285.906647,299.963013,0.000000
1994-11-27,286.769196,300.066925,0.000000
1994-11-28,288.669281,299.611725,0.000000
1994-11-29,286.750977,298.922485,0.000000
1994-11-30,283.451233,296.769867,0.000000
1994-12-01,285.014893,295.075745,0.000000
1994-12-02,286.277466,294.304047,0.000000
1994-12-03,285.057159,295.626343,0.282847
1994-12-04,277.001770,294.447937,0.000000
1994-12-05,276.298004,297.999176,0.000000
1994-12-06,284.352692,296.166321,0.000000
1994-12-07,275.167206,290.509247,0.475194
1994-12-08,271.940521,287.594421,0.000000
1994-12-09,272.898163,287.277374,0.000000
1994-12-10,271.281097,286.495941,0.904086
1994-12-11,270.815491,280.930573,3.350634
1994-12-12,275.148254,286.945557,0.000000
1994-12-13,275.424164,286.324615,0.000000
1994-12-14,271.383270,284.823669,0.000000
1994-12-15,276.706940,285.990814,9.506855
1994-12-16,280.057922,289.747711,12.595572
1994-12-17,277.693390,284.219940,8.548976
1994-12-18,281.487793,289.370697,24.533451
1994-12-19,281.198456,288.812775,15.964037
1994-12-20,276.732666,284.113983,0.000000
1994-12-21,269.283386,282.861206,0.000000
1994-12-22,268.555695,277.024994,0.000000
1994-12-23,271.240570,281.186920,0.000000
1994-12-24,276.970734,286.601990,5.935657
1994-12-25,276.961975,287.236664,0.000000
1994-12-26,281.548584,289.392151,0.618164
1994-12-27,285.048279,294.073181,1.800799
1994-12-28,286.332397,294.050232,0.000000
1994-12-29,280.542084,290.925232,0.000000
1994-12-30,280.761292,290.994507,23.065474
1994-12-31,278.816010,288.337952,3.608792
1995-01-01,279.178253,291.147644,0.000000
1995-01-02,279.323975,292.030701,0.000000
1995-01-03,279.936981,290.985260,0.000000
1995-01-04,277.971069,289.309937,0.000000
1995-01-05,280.288483,289.610626,0.000000
1995-01-06,279.292633,288.575684,16.320356
1995-01-07,277.587677,285.441467,2.466365
1995-01-08,276.941650,287.571716,0.000000
1995-01-09,274.556519,286.910217,0.000000
1995-01-10,275.700439,288.939484,0.000000
1995-01-11,274.709198,289.029358,0.000000
1995-01-12,278.665588,289.158783,0.000000
1995-01-13,278.783112,288.520020,0.000000
1995-01-14,277.814087,284.938538,1.172302
1995-01-15,279.229645,288.330811,0.516919
1995-01-16,279.924957,290.349487,0.000000
1995-01-17,281.479370,290.105743,0.000000
1995-01-18,276.351898,291.861694,0.000000
1995-01-19,278.903168,293.444733,0.000000
1995-01-20,279.946899,291.159546,0.000000
1995-01-21,275.632263,291.850159,0.000000
1995-01-22,278.019958,294.605865,0.000000
1995-01-23,277.851196,292.393921,0.000000
1995-01-24,276.564117,291.786987,0.000000
1995-01-25,281.471802,290.745972,9.150728
1995-01-26,280.513519,289.955750,2.698812
1995-01-27,281.761169,292.449768,0.000000
1995-01-28,280.563263,296.411896,0.000000
1995-01-29,281.790283,297.170349,0.000000
1995-01-30,284.191376,298.059082,0.000000
1995-01-31,278.595184,295.920502,0.000000
1995-02-01,277.774841,290.966583,0.000000
1995-02-02,274.386414,288.533051,0.000000
1995-02-03,274.716522,290.397034,0.000000
1995-02-04,275.831604,291.180603,0.000000
1995-02-05,278.420837,291.601257,0.000000
1995-02-06,281.310638,298.463776,0.000000
1995-02-07,282.143494,301.368988,0.000000
1995-02-08,288.655945,300.283478,0.414994
1995-02-09,289.348328,296.539154,1.093617
1995-02-10,289.945312,297.089355,0.372720
1995-02-11,287.431122,298.017883,0.280110
1995-02-12,285.605988,296.756073,0.000000
1995-02-13,289.298737,295.291260,1.444171
1995-02-14,283.663025,294.794830,0.761197
1995-02-15,281.983490,291.220520,0.000000
1995-02-16,279.633453,288.802948,22.272461
1995-02-17,275.871826,283.099396,3.436648
1995-02-18,273.010437,282.098633,0.000000
1995-02-19,273.138641,283.855835,0.000000
1995-02-20,277.349091,285.478912,1.766885
1995-02-21,279.315308,287.303101,0.963334
1995-02-22,277.546783,287.115601,0.000000
1995-02-23,278.271301,288.543640,0.000000
1995-02-24,278.635651,288.671509,0.000000
1995-02-25,280.575287,287.603485,2.947873
1995-02-26,279.610474,290.666473,0.000000
1995-02-27,278.976776,291.520935,0.000000
1995-02-28,283.468079,291.656647,0.918883
1995-03-01,284.669006,291.132263,4.930954
1995-03-02,282.061340,291.104218,0.889051
1995-03-03,279.036194,290.190552,0.000000
1995-03-04,277.855255,292.210358,0.000000
1995-03-05,283.681885,294.623444,3.335338
1995-03-06,283.831818,294.713684,0.000000
1995-03-07,281.075500,299.235931,0.000000
1995-03-08,284.604584,303.003815,0.000000
1995-03-09,286.312195,302.184265,0.000000
1995-03-10,285.104034,300.016296,0.000000
1995-03-11,287.991943,302.545044,0.000000
1995-03-12,288.257019,303.415131,1.703966
1995-03-13,288.127319,302.877563,0.000000
1995-03-14,285.900269,301.069855,0.000000
1995-03-15,286.980164,303.094696,0.000000
1995-03-16,288.237335,302.517883,0.000000
1995-03-17,290.367340,296.766815,18.297651
1995-03-18,289.343475,297.472931,19.091743
1995-03-19,288.372650,296.644989,3.068603
1995-03-20,278.724579,295.439850,0.000000
1995-03-21,278.554413,292.411652,0.000000
1995-03-22,280.826233,293.774231,0.000000
1995-03-23,283.497498,294.193909,1.614123
1995-03-24,280.532654,292.366760,0.000000
1995-03-25,284.931549,294.894745,15.581103
1995-03-26,283.906036,292.554382,12.696414
1995-03-27,279.931793,289.051819,0.000000
1995-03-28,279.620392,289.912018,0.000000
1995-03-29,282.291687,289.409271,0.000000
1995-03-30,286.155426,292.540009,0.000000
1995-03-31,287.859375,300.340088,5.991404
1995-04-01,285.524200,298.848114,0.900423
1995-04-02,278.127228,291.379761,0.000000
1995-04-03,278.636688,297.460114,0.000000
1995-04-04,283.142090,297.678436,0.000000
1995-04-05,287.029968,297.295197,0.000000
1995-04-06,288.119568,294.889496,2.075810
1995-04-07,281.178589,298.968597,0.000000
1995-04-08,282.368958,299.838409,0.000000
1995-04-09,286.834686,303.138550,0.000000
1995-04-10,286.840149,303.512360,0.000000
1995-04-11,287.396393,305.160217,0.000000
1995-04-12,289.272614,307.680084,0.000000
1995-04-13,291.713440,307.254272,0.000000
1995-04-14,292.874054,306.073853,0.000000
1995-04-15,291.472595,304.015076,0.000000
1995-04-16,291.627991,303.088989,0.000000
1995-04-17,287.231445,302.136475,0.000000
1995-04-18,287.713562,303.236053,0.000000
1995-04-19,287.807098,304.861328,0.000000
1995-04-20,289.089600,304.460693,0.000000
1995-04-21,289.919769,301.689606,0.000000
1995-04-22,288.176697,300.208984,9.910280
1995-04-23,290.031128,304.468475,10.032109
1995-04-24,289.300385,304.541870,0.000000
1995-04-25,283.811920,298.116394,0.000000
1995-04-26,286.387543,298.974060,0.000000
1995-04-27,286.104034,302.248810,0.000000
1995-04-28,287.967499,301.859070,0.000000
1995-04-29,288.595123,302.668579,0.000000
1995-04-30,288.017181,304.794159,0.000000
1995-05-01,288.627197,305.894836,0.000000
1995-05-02,289.906738,305.217712,0.000000
1995-05-03,292.038940,304.575500,0.000000
1995-05-04,292.511292,307.768158,9.412734
1995-05-05,293.170837,306.298370,1.671977
1995-05-06,292.921967,300.951569,0.286171
1995-05-07,291.198059,299.613617,0.000000
1995-05-08,290.385406,303.023346,0.000000
1995-05-09,290.095825,304.388641,0.000000
1995-05-10,291.311188,304.766754,0.634878
1995-05-11,290.277374,306.440308,0.000000
1995-05-12,291.757812,306.720612,0.000000
1995-05-13,293.568146,306.182739,0.512148
1995-05-14,294.363586,301.127960,8.897235
1995-05-15,295.624176,301.885376,0.984560
1995-05-16,294.931824,302.298920,10.743808
1995-05-17,293.726349,303.058960,1.365667
1995-05-18,293.459442,301.459076,0.000000
1995-05-19,295.049042,304.614471,0.000000
1995-05-20,295.727661,304.867371,0.000000
1995-05-21,295.201294,304.686737,42.566181
1995-05-22,294.161102,299.039490,31.592770
1995-05-23,290.012573,300.255829,24.940298
1995-05-24,292.441101,300.692902,10.521934
1995-05-25,292.498505,300.590576,2.672546
1995-05-26,292.455933,300.821808,9.662269
1995-05-27,292.701111,300.508209,10.605310
1995-05-28,292.919586,300.657471,0.404315
1995-05-29,294.756073,302.397614,0.000000
1995-05-30,294.183319,301.904297,26.602642
1995-05-31,293.698242,300.659119,12.509688
1995-06-01,294.474884,299.635895,24.100027
1995-06-02,292.680206,301.180237,4.486526
1995-06-03,290.635590,302.985535,0.000000
1995-06-04,293.241547,304.956818,0.000000
1995-06-05,292.870270,307.135223,0.000000
1995-06-06,292.585236,307.279266,0.000000
1995-06-07,295.423096,308.050140,4.889469
1995-06-08,295.283569,307.090668,0.697861
1995-06-09,296.781311,308.530975,0.000000
1995-06-10,296.596039,311.745483,2.692896
1995-06-11,295.662079,310.964874,0.000000
1995-06-12,294.869446,309.929840,0.000000
1995-06-13,295.171570,311.670990,0.000000
1995-06-14,297.490845,312.033936,0.000000
1995-06-15,297.861359,311.283356,0.000000
1995-06-16,297.241425,311.001129,0.000000
1995-06-17,296.860748,309.558014,0.408938
1995-06-18,296.924164,308.232422,6.113096
1995-06-19,296.004852,304.240967,13.959198
1995-06-20,296.801758,307.839600,3.718029
1995-06-21,296.863373,308.571228,0.000000
1995-06-22,295.680420,307.612610,0.000000
1995-06-23,295.077057,305.913849,0.000000
1995-06-24,295.917053,304.957458,0.000000
1995-06-25,296.008240,303.883575,18.223257
1995-06-26,295.285156,306.086670,4.385025
1995-06-27,295.899200,305.353271,0.000000
1995-06-28,295.526001,302.682404,43.450981
1995-06-29,296.182617,307.208984,7.619761
1995-06-30,296.075195,306.059143,0.000000
1995-07-01,297.095947,308.371429,0.331398
1995-07-02,297.534607,310.383759,0.000000
1995-07-03,296.033936,309.672119,2.244418
1995-07-04,294.745392,307.910828,0.000000
1995-07-05,294.025543,309.422516,0.000000
1995-07-06,294.957611,310.441498,0.000000
1995-07-07,296.671509,310.925903,0.000000
1995-07-08,297.128601,310.504608,0.000000
1995-07-09,297.848755,308.672760,0.000000
1995-07-10,297.624329,306.873169,0.000000
1995-07-11,295.671448,305.532898,0.690882
1995-07-12,296.496887,305.870758,0.000000
1995-07-13,296.367157,304.480072,3.962117
1995-07-14,297.348785,304.428589,8.194307
1995-07-15,296.486938,305.642456,17.902416
1995-07-16,295.774963,302.722534,37.376427
1995-07-17,296.265259,301.138794,47.927509
1995-07-18,297.782288,301.216858,44.750950
1995-07-19,295.483398,302.551941,14.651173
1995-07-20,295.334473,305.763794,0.000000
1995-07-21,294.570679,307.246948,0.000000
1995-07-22,294.492462,306.505829,1.387003
1995-07-23,296.102173,303.089508,15.163049
1995-07-24,295.753540,303.973328,0.313785
1995-07-25,293.905243,305.361084,0.000000
1995-07-26,293.707428,309.446564,0.000000
1995-07-27,296.295593,310.286469,0.000000
1995-07-28,295.917206,309.800415,0.000000
1995-07-29,294.780487,308.283752,1.459122
1995-07-30,294.069336,307.658142,0.000000
1995-07-31,294.292755,309.061157,0.000000
1995-08-01,295.781952,311.063019,0.000000
1995-08-02,297.212799,312.085602,0.000000
1995-08-03,297.703033,311.960876,0.000000
1995-08-04,297.047943,311.487732,0.299538
1995-08-05,297.361267,311.553467,0.000000
1995-08-06,294.693726,310.960327,0.000000
1995-08-07,295.290131,309.056244,0.000000
1995-08-08,295.742950,306.577332,0.000000
1995-08-09,295.693726,308.574371,0.000000
1995-08-10,295.833130,312.287659,0.798840
1995-08-11,298.137665,311.968018,0.662481
1995-08-12,295.961578,304.908264,2.643822
1995-08-13,295.815552,306.181549,0.831577
1995-08-14,295.936462,310.293060,0.000000
1995-08-15,296.371552,310.677490,0.486776
1995-08-16,296.811218,309.826538,0.000000
1995-08-17,295.826843,308.330261,0.401815
1995-08-18,296.681061,308.666473,0.000000
1995-08-19,296.250854,310.075531,0.000000
1995-08-20,296.042938,311.209961,1.508380
1995-08-21,296.245850,311.948975,0.000000
1995-08-22,295.928680,311.715118,0.398974
1995-08-23,296.590759,310.527557,11.235838
1995-08-24,296.384918,309.624054,1.944682
1995-08-25,297.268250,308.232880,0.000000
1995-08-26,297.331268,308.989197,0.000000
1995-08-27,296.360809,308.541199,0.765108
1995-08-28,296.059143,307.420258,0.312059
1995-08-29,295.247498,306.601776,4.420580
1995-08-30,291.842834,308.307892,0.000000
1995-08-31,294.909760,310.873077,0.000000
1995-09-01,296.344330,311.654510,0.000000
1995-09-02,294.611450,313.000183,0.000000
1995-09-03,295.963867,312.718018,0.000000
1995-09-04,296.553955,311.360535,0.000000
1995-09-05,297.304016,310.914642,0.000000
1995-09-06,297.202179,309.740723,0.000000
1995-09-07,297.037506,305.579651,0.000000
1995-09-08,294.618561,302.595123,21.964689
1995-09-09,289.987488,298.245880,0.000000
1995-09-10,287.698608,297.887970,0.000000
1995-09-11,288.694336,303.027313,0.000000
1995-09-12,291.121582,304.983887,0.000000
1995-09-13,289.164673,308.340607,0.000000
1995-09-14,290.709259,307.913361,0.000000
1995-09-15,293.120575,308.229797,0.000000
1995-09-16,291.515869,307.444244,0.000000
1995-09-17,292.327759,306.016266,0.000000
1995-09-18,295.650909,305.076965,21.284159
1995-09-19,293.721161,300.843231,59.383717
1995-09-20,291.623718,300.303375,21.131422
1995-09-21,289.862061,301.219269,0.000000
1995-09-22,289.105255,303.196136,0.000000
1995-09-23,288.948608,302.956879,0.357239
1995-09-24,289.034698,302.275879,0.000000
1995-09-25,289.049683,302.124725,0.000000
1995-09-26,287.351776,300.262939,0.000000
1995-09-27,287.220917,302.750671,0.000000
1995-09-28,290.824432,304.125641,0.000000
1995-09-29,291.683472,306.972076,0.000000
1995-09-30,292.817657,307.385284,0.000000
1995-10-01,293.474335,306.302338,14.561510
1995-10-02,290.092926,304.182281,0.000000
1995-10-03,291.087158,305.045044,0.000000
1995-10-04,292.765167,305.372833,0.000000
1995-10-05,294.469696,304.745880,0.000000
1995-10-06,293.670685,304.269592,0.000000
1995-10-07,292.425842,304.254761,0.500402
1995-10-08,291.558258,303.531677,3.002095
1995-10-09,291.939911,305.188690,0.000000
1995-10-10,292.890411,306.038574,0.000000
1995-10-11,293.711792,305.824402,0.000000
1995-10-12,291.988220,305.723572,0.000000
1995-10-13,292.843140,305.127716,0.000000
1995-10-14,294.212555,305.044037,0.000000
1995-10-15,294.102203,304.284485,0.000000
1995-10-16,293.552765,306.039581,0.712192
1995-10-17,292.600128,306.184753,2.725020
1995-10-18,288.609070,298.498077,23.273052
1995-10-19,287.016998,294.101288,0.000000
1995-10-20,290.012085,298.967926,1.230866
1995-10-21,291.991241,298.044281,1.265040
1995-10-22,293.250702,299.156006,9.008914
1995-10-23,292.697418,297.381622,18.749981
1995-10-24,288.167938,295.170227,1.423000
1995-10-25,288.463684,295.238678,0.000000
1995-10-26,289.187683,295.609589,0.743923
1995-10-27,287.241394,295.935669,0.000000
1995-10-28,288.821014,296.116577,2.352684
1995-10-29,287.435791,296.223450,1.048521
1995-10-30,279.742584,294.499908,0.000000
1995-10-31,276.599915,293.612671,0.000000
1995-11-01,278.244629,296.901245,0.000000
1995-11-02,280.856567,299.593475,0.000000
1995-11-03,289.823914,302.003204,0.000000
1995-11-04,286.461334,301.490051,0.000000
1995-11-05,281.827728,298.473328,0.000000
1995-11-06,284.692535,300.447479,0.000000
1995-11-07,284.975586,300.778564,0.000000
1995-11-08,285.250244,301.914581,0.000000
1995-11-09,288.416473,301.869629,0.000000
1995-11-10,287.857391,299.809479,4.808901
1995-11-11,283.218353,294.002472,0.000000
1995-11-12,279.039124,291.000153,0.000000
1995-11-13,277.259338,293.138184,0.000000
1995-11-14,279.688782,296.025116,0.000000
1995-11-15,280.063812,296.242218,0.000000
1995-11-16,282.579437,295.623932,0.000000
1995-11-17,278.774719,292.498352,0.000000
1995-11-18,281.069122,294.199493,0.000000
1995-11-19,285.326508,293.615997,0.362432
1995-11-20,282.607666,292.119751,4.581087
1995-11-21,280.134674,292.994354,0.000000
1995-11-22,279.606201,294.758636,0.000000
1995-11-23,280.834625,297.712128,0.351236
1995-11-24,284.759979,300.770813,0.000000
1995-11-25,286.673218,301.591888,0.000000
1995-11-26,287.321899,299.941681,0.000000
1995-11-27,277.890900,296.876251,0.000000
1995-11-28,273.963318,289.675781,0.000000
1995-11-29,278.923553,292.746552,0.000000
1995-11-30,278.636597,291.617676,0.000000
1995-12-01,276.559174,290.649689,0.000000
1995-12-02,273.591583,288.099457,0.000000
1995-12-03,274.243652,287.739807,0.000000
1995-12-04,271.322784,288.659637,0.000000
1995-12-05,274.662415,291.454407,0.000000
1995-12-06,276.970367,290.602081,0.000000
1995-12-07,277.296112,292.450104,1.439125
1995-12-08,275.966431,290.841339,0.000000
1995-12-09,275.426239,291.304138,0.000000
1995-12-10,276.635315,297.222107,0.000000
1995-12-11,282.546417,298.872375,0.387737
1995-12-12,286.065643,297.669281,0.000000
1995-12-13,286.720825,298.639343,1.070292
1995-12-14,284.271667,298.047302,0.770466
1995-12-15,280.621826,295.500458,0.000000
1995-12-16,285.054047,300.798187,0.000000
1995-12-17,283.640076,299.282684,0.000000
1995-12-18,270.928223,289.305756,0.000000
1995-12-19,270.951782,289.739563,0.000000
1995-12-20,275.828949,290.926208,0.000000
1995-12-21,280.548126,290.578339,0.403474
1995-12-22,282.213501,289.611450,0.000000
1995-12-23,279.374176,293.355743,0.000000
1995-12-24,276.032318,294.717010,0.000000
1995-12-25,281.393158,299.692200,0.000000
1995-12-26,282.470673,297.682922,0.000000
1995-12-27,278.891846,294.219452,0.000000
1995-12-28,284.351196,296.124756,4.922984
1995-12-29,282.049561,293.512177,0.000000
1995-12-30,278.517059,295.561005,0.000000
1995-12-31,282.522369,290.910797,13.132228
1996-01-01,269.229919,290.447235,42.606743
1996-01-02,268.555664,275.139893,18.101032
1996-01-03,259.382385,271.538300,4.450654
1996-01-04,267.241486,278.388367,0.000000
1996-01-05,266.612122,279.225067,0.000000
1996-01-06,267.860687,277.757843,0.000000
1996-01-07,267.417511,282.302063,0.000000
1996-01-08,271.243317,283.340881,0.000000
1996-01-09,277.048584,287.972717,4.981871
1996-01-10,280.048706,285.194580,14.285247
1996-01-11,281.736969,287.245148,36.852158
1996-01-12,278.972107,288.538452,0.000000
1996-01-13,276.860840,289.310577,0.000000
1996-01-14,278.496857,288.668365,0.000000
1996-01-15,278.963470,288.427704,0.000000
1996-01-16,277.349579,284.584656,0.000000
1996-01-17,277.389465,283.440826,0.000000
1996-01-18,277.116241,283.200836,0.000000
1996-01-19,276.467255,282.873199,0.000000
1996-01-20,275.656464,282.745636,0.000000
1996-01-21,275.586334,282.160645,4.730983
1996-01-22,275.435608,283.249054,5.660404
1996-01-23,274.902588,283.127747,0.000000
1996-01-24,274.251862,283.224670,0.000000
1996-01-25,274.487946,283.864471,0.000000
1996-01-26,273.830109,283.619019,0.000000
1996-01-27,278.864105,285.422424,21.319960
1996-01-28,276.399475,283.382324,11.545677
1996-01-29,274.837280,283.491608,0.000000
1996-01-30,274.965027,290.467773,0.000000
1996-01-31,278.934998,293.192078,0.000000
1996-02-01,280.120239,295.755981,0.624704
1996-02-02,270.756592,293.086273,0.000000
1996-02-03,276.274933,283.885834,2.437332
1996-02-04,280.841095,291.898071,19.314497
1996-02-05,278.450165,290.734650,7.798762
1996-02-06,269.296387,280.746185,2.924908
1996-02-07,265.166840,271.868988,0.717459
1996-02-08,267.220764,281.584045,0.000000
1996-02-09,269.215942,284.939484,0.000000
1996-02-10,271.712799,288.249420,0.000000
1996-02-11,274.311035,287.606476,0.000000
1996-02-12,274.910431,288.945465,0.000000
1996-02-13,276.264252,287.930450,0.000000
1996-02-14,279.973969,298.080719,0.000000
1996-02-15,284.517303,297.398590,0.000000
1996-02-16,283.883789,294.664001,10.077208
1996-02-17,284.099457,292.949371,16.884848
1996-02-18,285.690338,292.092072,19.299303
1996-02-19,283.452850,292.234222,14.367348
1996-02-20,280.170105,294.622772,0.000000
1996-02-21,279.338989,290.894409,2.687057
1996-02-22,276.533722,285.087921,1.607543
1996-02-23,273.578857,283.500916,0.867446
1996-02-24,273.781006,286.743896,0.000000
1996-02-25,274.784210,289.032013,0.000000
1996-02-26,275.133911,288.495209,0.000000
1996-02-27,275.874664,287.167664,0.000000
1996-02-28,276.606964,286.362610,10.702502
1996-02-29,278.227936,287.009308,17.944534
1996-03-01,279.848907,287.656006,25.186565
1996-03-02,283.373230,288.095978,31.436090
1996-03-03,280.721375,284.936951,0.000000
1996-03-04,279.965851,287.382324,0.000000
1996-03-05,282.221344,292.367981,0.000000
1996-03-06,283.236847,295.277313,0.000000
1996-03-07,279.831573,293.354431,0.000000
1996-03-08,283.191895,291.264587,0.000000
1996-03-09,285.824677,293.849121,15.404220
1996-03-10,281.289856,292.680878,0.000000
1996-03-11,281.213531,293.645966,1.308312
1996-03-12,280.028442,291.186218,0.404576
1996-03-13,271.135590,286.719757,0.000000
1996-03-14,272.448181,293.464722,0.000000
1996-03-15,279.643280,296.884155,0.431298
1996-03-16,276.837860,296.291443,0.000000
1996-03-17,276.759155,295.931732,0.000000
1996-03-18,281.308441,298.900421,0.000000
1996-03-19,282.807220,300.739746,0.000000
1996-03-20,284.809784,300.761292,0.000000
1996-03-21,287.543427,301.192261,0.000000
1996-03-22,289.314850,301.275909,0.372830
1996-03-23,279.227997,293.767120,0.000000
1996-03-24,277.564117,285.144287,0.461946
1996-03-25,281.422394,287.350647,3.963761
1996-03-26,282.096130,290.848907,6.174922
1996-03-27,282.038025,296.668396,0.307534
1996-03-28,280.792419,300.490387,0.000000
1996-03-29,287.402161,301.263580,0.000000
1996-03-30,289.540833,301.094788,0.000000
1996-03-31,290.790344,301.992340,2.219050
1996-04-01,288.069946,303.534485,2.245642
1996-04-02,286.112122,302.394562,0.000000
1996-04-03,286.039581,297.299164,1.290104
1996-04-04,290.070465,297.516235,4.156371
1996-04-05,284.771179,297.462494,0.000000
1996-04-06,288.272308,299.507080,0.334614
1996-04-07,290.732941,299.311981,0.356432
1996-04-08,290.323517,298.724426,9.249665
1996-04-09,281.369202,297.996155,0.000000
1996-04-10,282.362793,298.218658,0.000000
1996-04-11,291.547516,297.113373,0.691316
1996-04-12,290.630341,295.776428,1.169700
1996-04-13,289.190002,295.081146,1.451345
1996-04-14,289.525391,294.726013,0.000000
1996-04-15,289.700378,295.588440,0.897635
1996-04-16,291.518494,297.194244,0.282560
1996-04-17,291.596954,302.968903,2.753490
1996-04-18,289.910980,303.980042,0.000000
1996-04-19,283.140472,302.432831,1.025269
1996-04-20,281.038208,292.343994,0.000000
1996-04-21,284.456055,292.105743,0.000000
1996-04-22,282.617981,302.245850,0.000000
1996-04-23,285.591156,302.328308,0.000000
1996-04-24,288.661194,300.942444,0.000000
1996-04-25,292.083771,295.023743,66.280281
1996-04-26,291.496735,295.070374,31.781597
1996-04-27,288.380188,298.310699,0.000000
1996-04-28,287.968689,299.886871,0.000000
1996-04-29,289.698639,299.495941,0.000000
1996-04-30,290.898987,303.637939,0.000000
1996-05-01,289.248077,302.669617,4.007997
1996-05-02,286.678436,298.388794,0.000000
1996-05-03,287.924072,296.972168,0.000000
1996-05-04,291.546661,294.849030,4.786911
1996-05-05,293.016815,300.099365,13.603239
1996-05-06,293.261353,299.056915,33.778683
1996-05-07,288.686523,302.617096,4.741659
1996-05-08,290.953339,303.678070,0.000000
1996-05-09,293.899017,305.017090,3.939511
1996-05-10,294.286163,304.578827,15.954040
1996-05-11,288.909393,304.351105,0.000000
1996-05-12,295.139465,300.354248,15.244637
1996-05-13,293.869507,306.774750,4.439653
1996-05-14,291.871399,306.953644,3.424526
1996-05-15,293.138855,310.755859,0.000000
1996-05-16,292.761017,308.820679,0.000000
1996-05-17,293.138153,305.840942,8.557642
1996-05-18,286.647217,304.173920,0.000000
1996-05-19,289.702911,305.711731,0.000000
1996-05-20,291.220886,305.532318,1.311691
1996-05-21,293.350311,305.346405,2.313348
1996-05-22,291.012054,304.318054,0.000000
1996-05-23,295.429565,302.986023,2.884057
1996-05-24,294.982025,301.796600,0.000000
1996-05-25,294.702209,304.623474,0.961048
1996-05-26,295.371765,303.922546,1.479202
1996-05-27,295.449371,304.619751,2.401821
1996-05-28,293.109711,305.321686,0.000000
1996-05-29,292.439972,305.554260,0.000000
1996-05-30,291.737671,307.323181,0.000000
1996-05-31,291.589539,307.540009,0.000000
1996-06-01,292.230286,307.882751,0.000000
1996-06-02,295.135864,307.026062,0.000000
1996-06-03,295.457581,305.237579,0.000000
1996-06-04,294.782379,305.352692,0.000000
1996-06-05,291.900909,308.482697,0.000000
1996-06-06,292.358032,311.336914,0.000000
1996-06-07,295.443481,312.007629,0.000000
1996-06-08,293.530273,310.860535,0.000000
1996-06-09,292.929199,306.790009,5.479686
1996-06-10,291.225922,308.254395,0.360155
1996-06-11,290.839264,307.961334,0.000000
1996-06-12,292.472015,307.938202,0.000000
1996-06-13,293.576782,309.552490,0.000000
1996-06-14,294.822906,309.969635,0.000000
1996-06-15,295.891052,307.298584,0.000000
1996-06-16,295.841675,309.460724,0.000000
1996-06-17,296.164795,309.078308,0.000000
1996-06-18,296.984467,306.070343,0.000000
1996-06-19,296.652344,306.821960,0.909855
1996-06-20,297.254486,306.685181,0.000000
1996-06-21,297.032654,310.230896,0.000000
1996-06-22,296.336578,313.332642,1.659177
1996-06-23,297.931396,312.938568,0.000000
1996-06-24,296.213470,309.554688,0.000000
1996-06-25,297.036560,312.000824,0.000000
1996-06-26,297.044983,313.529266,0.000000
1996-06-27,299.372192,312.784851,0.000000
1996-06-28,296.943695,311.765594,0.000000
1996-06-29,294.783081,309.607513,0.000000
1996-06-30,295.219513,307.932526,0.000000
1996-07-01,296.304047,308.033875,3.025989
1996-07-02,295.485535,309.631226,0.000000
1996-07-03,295.816498,310.497589,0.000000
1996-07-04,295.947815,311.471161,0.000000
1996-07-05,297.784790,312.506561,0.901274
1996-07-06,298.091370,313.742065,0.000000
1996-07-07,298.213837,313.324585,0.000000
1996-07-08,298.956604,313.656677,0.000000
1996-07-09,298.523224,312.877594,0.000000
1996-07-10,298.718231,312.056671,0.000000
1996-07-11,296.417328,308.234467,0.322509
1996-07-12,296.480957,307.185638,3.498703
1996-07-13,296.637299,306.199219,1.619308
1996-07-14,296.194550,306.266632,0.000000
1996-07-15,296.648682,309.963684,4.482960
1996-07-16,297.020447,310.658417,0.000000
1996-07-17,297.186127,310.262085,0.000000
1996-07-18,296.709503,309.365997,0.000000
1996-07-19,296.554352,310.499023,0.000000
1996-07-20,297.126129,310.941589,0.000000
1996-07-21,297.532196,310.485535,0.000000
1996-07-22,296.804138,310.171722,0.000000
1996-07-23,296.184082,309.452148,2.781607
1996-07-24,296.078522,309.032227,0.000000
1996-07-25,295.580719,309.641602,0.000000
1996-07-26,294.826508,308.961578,0.000000
1996-07-27,295.583160,308.937195,0.000000
1996-07-28,295.802460,310.748077,0.000000
1996-07-29,296.144257,310.630951,0.000000
1996-07-30,295.234558,311.400696,0.000000
1996-07-31,295.630859,311.884552,0.000000
1996-08-01,296.921204,311.666718,0.000000
1996-08-02,297.410370,311.496033,0.000000
1996-08-03,294.685638,310.807648,0.000000
1996-08-04,294.756439,310.874817,0.302725
1996-08-05,298.900360,312.576050,0.000000
1996-08-06,296.316345,312.403442,0.452915
1996-08-07,295.875854,309.088348,0.000000
1996-08-08,295.805878,307.490509,0.549620
1996-08-09,295.502472,308.672028,0.000000
1996-08-10,296.157135,308.438080,0.000000
1996-08-11,296.498260,306.684662,5.610485
1996-08-12,298.121460,305.551910,20.954441
1996-08-13,295.371399,305.806549,7.062108
1996-08-14,295.405609,310.654907,0.000000
1996-08-15,298.524536,314.118835,0.000000
1996-08-16,299.908905,313.747284,0.000000
1996-08-17,296.132019,313.269867,0.000000
1996-08-18,296.640839,311.435944,0.000000
1996-08-19,295.714905,310.087341,0.000000
1996-08-20,296.244080,309.157043,0.000000
1996-08-21,298.120697,308.865997,0.000000
1996-08-22,297.508362,309.911499,0.000000
1996-08-23,298.698120,310.055359,0.000000
1996-08-24,298.803802,310.554382,0.000000
1996-08-25,298.122559,310.669434,0.795882
1996-08-26,296.720367,311.433380,0.000000
1996-08-27,296.501678,310.671967,0.000000
1996-08-28,296.057220,308.461731,0.961057
1996-08-29,296.065887,308.746674,0.000000
1996-08-30,294.538757,309.638397,0.000000
1996-08-31,295.362793,309.551483,0.000000
1996-09-01,294.542725,307.403870,6.563544
1996-09-02,292.723755,307.215668,4.399464
1996-09-03,294.985931,303.337189,9.026304
1996-09-04,293.180298,304.556152,0.000000
1996-09-05,294.068512,306.038239,0.000000
1996-09-06,294.376190,307.935547,0.000000
1996-09-07,293.728607,307.827209,0.676468
1996-09-08,295.195068,309.699188,0.000000
1996-09-09,296.004608,309.993805,0.000000
1996-09-10,296.574402,310.322662,0.000000
1996-09-11,298.116150,309.668488,0.000000
1996-09-12,296.307495,307.591522,0.000000
1996-09-13,289.638306,306.080017,0.000000
1996-09-14,288.933350,306.274475,0.000000
1996-09-15,293.198853,307.239136,0.000000
1996-09-16,294.558350,307.709656,0.000000
1996-09-17,288.804199,307.083893,0.000000
1996-09-18,287.075928,299.614685,0.000000
1996-09-19,285.545898,303.571045,0.000000
1996-09-20,287.579346,305.422607,0.000000
1996-09-21,290.423737,305.159576,0.537791
1996-09-22,290.610748,303.818268,2.772551
1996-09-23,287.608734,303.449005,0.000000
1996-09-24,289.879333,305.638000,0.000000
1996-09-25,289.266205,307.285645,0.000000
1996-09-26,292.163422,310.234985,0.000000
1996-09-27,292.759491,310.217865,0.000000
1996-09-28,293.731506,310.661896,0.000000
1996-09-29,294.549835,309.031952,0.000000
1996-09-30,296.271393,308.393738,0.000000
1996-10-01,294.949738,310.570129,0.000000
1996-10-02,295.943787,309.634827,0.000000
1996-10-03,293.888367,308.313721,0.000000
1996-10-04,293.079315,307.253662,0.000000
1996-10-05,293.305511,307.855560,0.000000
1996-10-06,290.235413,306.808075,0.000000
1996-10-07,288.240021,303.216614,0.000000
1996-10-08,287.920563,303.424927,0.000000
1996-10-09,287.751373,304.292694,0.000000
1996-10-10,288.552734,304.547455,0.000000
1996-10-11,291.572662,303.631592,0.000000
1996-10-12,288.382446,305.928253,0.000000
1996-10-13,290.512848,305.901825,0.000000
1996-10-14,291.034210,306.305450,0.000000
1996-10-15,291.820435,305.661469,0.000000
1996-10-16,292.458221,306.606415,0.000000
1996-10-17,291.382629,306.003937,0.000000
1996-10-18,291.693939,305.138458,0.000000
1996-10-19,291.763123,301.684204,34.057621
1996-10-20,284.665619,296.969238,5.075544
1996-10-21,283.339081,296.405151,0.000000
1996-10-22,285.718079,304.658264,0.000000
1996-10-23,291.615204,304.498962,0.000000
1996-10-24,292.905792,301.926819,0.393168
1996-10-25,292.889374,303.414886,5.001307
1996-10-26,290.745819,301.580841,3.257231
1996-10-27,288.481079,295.470367,5.341782
1996-10-28,290.164825,295.302521,5.945641
1996-10-29,289.100037,295.458252,0.000000
1996-10-30,289.780518,295.981171,0.000000
1996-10-31,286.839264,295.404785,0.000000
1996-11-01,284.649414,298.393524,0.000000
1996-11-02,285.433990,300.976227,0.524471
1996-11-03,287.709015,303.054382,0.000000
1996-11-04,289.586823,302.806763,0.000000
1996-11-05,283.096222,297.199402,0.000000
1996-11-06,284.874695,299.497528,0.000000
1996-11-07,286.601898,300.249542,0.000000
1996-11-08,285.925079,300.327454,0.000000
1996-11-09,285.848816,301.531494,0.000000
1996-11-10,289.142090,302.554352,0.487276
1996-11-11,287.009094,301.873505,0.000000
1996-11-12,287.755463,303.306763,0.000000
1996-11-13,293.247925,302.623260,23.756226
1996-11-14,284.979095,299.176971,0.000000
1996-11-15,281.946442,288.711273,0.000000
1996-11-16,284.306519,295.322571,0.292331
1996-11-17,276.303528,295.381012,6.234272
1996-11-18,270.394409,280.699951,0.000000
1996-11-19,270.774414,284.830139,0.000000
1996-11-20,273.367706,284.293518,0.000000
1996-11-21,274.789856,283.985809,4.975634
1996-11-22,272.563751,284.275757,0.000000
1996-11-23,274.994873,288.787811,0.000000
1996-11-24,276.302246,289.789246,0.000000
1996-11-25,275.113525,290.743011,0.000000
1996-11-26,277.206451,290.336273,0.000000
1996-11-27,286.351501,296.962952,0.000000
1996-11-28,288.750153,298.539978,0.401260
1996-11-29,289.828064,298.701843,0.000000
1996-11-30,278.154633,295.515442,2.702574
1996-12-01,277.016846,287.257568,0.000000
1996-12-02,274.430267,286.420654,1.840357
1996-12-03,272.923218,280.970398,0.000000
1996-12-04,274.365387,283.390808,0.000000
1996-12-05,272.426392,282.900024,0.000000
1996-12-06,270.755707,284.401398,0.000000
1996-12-07,275.499695,286.056274,12.403818
1996-12-08,281.407745,294.154297,0.376530
1996-12-09,279.904907,292.965210,0.000000
1996-12-10,278.499847,290.235596,0.000000
1996-12-11,279.622742,290.628693,0.304173
1996-12-12,274.973206,287.380646,0.000000
1996-12-13,275.653656,285.368073,0.000000
1996-12-14,278.703766,295.480469,0.000000
1996-12-15,282.387939,293.849854,0.000000
1996-12-16,279.939148,295.939331,0.000000
1996-12-17,282.136749,298.713989,0.000000
1996-12-18,282.644470,298.345886,0.000000
1996-12-19,285.732361,300.965820,0.000000
1996-12-20,288.235046,301.648529,0.000000
1996-12-21,287.502594,300.611572,0.000000
1996-12-22,282.551453,296.990814,0.000000
1996-12-23,272.053650,295.710602,0.882288
1996-12-24,271.609741,286.874329,0.000000
1996-12-25,276.099060,285.770020,0.000000
1996-12-26,276.154114,293.299164,0.000000
1996-12-27,279.466034,299.139801,0.000000
1996-12-28,288.529449,298.156799,4.875869
1996-12-29,276.084473,297.551392,2.632460
1996-12-30,266.289398,281.541412,0.000000
1996-12-31,267.152039,268.904877,0.000000
1997-01-01,270.192474,277.576691,2.243402
1997-01-02,268.181396,277.735931,0.540115
1997-01-03,267.518311,274.949860,0.000000
1997-01-04,268.449921,278.634735,0.000000
1997-01-05,269.330170,283.937775,0.000000
1997-01-06,274.077362,288.864868,2.258170
1997-01-07,278.248627,293.271179,0.000000
1997-01-08,268.953949,292.558685,0.000000
1997-01-09,268.698761,277.219604,0.675242
1997-01-10,272.425507,280.138306,1.467541
1997-01-11,274.902557,285.977173,1.924754
1997-01-12,278.963684,290.685303,1.876177
1997-01-13,283.096222,290.903473,4.227712
1997-01-14,283.898743,293.587006,0.000000
1997-01-15,286.769318,293.476196,0.000000
1997-01-16,285.907990,294.426758,0.000000
1997-01-17,285.773224,294.695007,0.000000
1997-01-18,286.366058,294.370728,1.286522
1997-01-19,286.615723,294.944183,0.000000
1997-01-20,287.512970,296.017853,5.324051
1997-01-21,287.741119,297.545776,3.768100
1997-01-22,286.774963,297.338379,0.298401
1997-01-23,287.286835,295.005737,3.032345
1997-01-24,285.805603,297.677429,6.785219
1997-01-25,276.614807,292.454346,0.000000
1997-01-26,277.445496,286.764038,2.009499
1997-01-27,282.842468,296.699707,0.000000
1997-01-28,281.263702,293.728271,0.000000
1997-01-29,276.104980,287.072784,0.000000
1997-01-30,275.480927,288.116913,0.000000
1997-01-31,279.528107,289.651306,0.000000
1997-02-01,281.112183,289.110138,0.000000
1997-02-02,280.581818,288.426941,7.307375
1997-02-03,279.579132,286.518494,0.693729
1997-02-04,279.816254,288.581177,0.000000
1997-02-05,280.242645,296.782532,0.000000
1997-02-06,278.300171,293.974487,0.000000
1997-02-07,277.934570,289.995453,0.000000
1997-02-08,280.479156,291.087402,0.000000
1997-02-09,284.782532,293.537201,0.501591
1997-02-10,274.333893,290.568207,1.550387
1997-02-11,274.493103,280.461700,0.000000
1997-02-12,275.588867,286.547180,0.000000
1997-02-13,277.538086,285.316620,7.227996
1997-02-14,276.027771,291.118439,0.000000
1997-02-15,282.491791,294.593903,0.000000
1997-02-16,287.157867,298.369965,0.563653
1997-02-17,286.429962,301.197357,1.635129
1997-02-18,283.892883,299.929840,1.156555
1997-02-19,277.187073,288.397583,4.882227
1997-02-20,277.815613,283.470673,0.549754
1997-02-21,278.269287,287.065826,0.000000
1997-02-22,280.177979,289.702850,3.354786
1997-02-23,273.792297,284.168854,0.000000
1997-02-24,275.697449,290.052979,2.064229
1997-02-25,284.949890,298.960358,0.000000
1997-02-26,283.086487,298.496582,0.000000
1997-02-27,283.438080,297.733643,0.387194
1997-02-28,285.929901,295.924164,13.294326
1997-03-01,282.457703,295.849182,0.288277
1997-03-02,280.986267,288.116516,5.766330
1997-03-03,284.286713,293.873108,41.258366
1997-03-04,288.794037,296.377441,30.947109
1997-03-05,287.401337,296.101990,57.645111
1997-03-06,281.439117,294.349060,1.818336
1997-03-07,286.306244,295.580902,0.563272
1997-03-08,286.845398,298.077576,0.000000
1997-03-09,286.786377,296.174408,4.012002
1997-03-10,283.385376,288.405121,13.830958
1997-03-11,288.041351,298.481049,4.097720
1997-03-12,282.965668,298.569153,2.843920
1997-03-13,275.349182,285.387817,0.000000
1997-03-14,271.215088,286.834930,0.000000
1997-03-15,273.129089,291.907684,0.000000
1997-03-16,277.721802,295.142273,0.000000
1997-03-17,279.688599,292.575745,0.000000
1997-03-18,285.143036,293.616150,1.573886
1997-03-19,286.049683,296.631866,0.000000
1997-03-20,289.144165,296.015564,0.000000
1997-03-21,289.453369,296.611023,2.262511
1997-03-22,288.114197,300.358398,9.903390
1997-03-23,284.200653,297.238953,0.366364
1997-03-24,282.339233,296.111847,0.000000
1997-03-25,283.858063,299.242249,0.000000
1997-03-26,288.512268,300.203339,0.000000
1997-03-27,289.698120,301.756714,0.000000
1997-03-28,287.531067,301.103638,0.000000
1997-03-29,285.180542,299.988556,0.000000
1997-03-30,287.172150,303.401550,0.000000
1997-03-31,288.806244,304.553223,0.000000
1997-04-01,290.090332,304.176727,0.000000
1997-04-02,290.635498,304.106171,0.000000
1997-04-03,291.530975,303.457214,0.000000
1997-04-04,291.094513,302.663483,0.000000
1997-04-05,289.738342,302.557037,0.316360
1997-04-06,290.664917,303.026459,0.000000
1997-04-07,292.598846,303.804535,0.000000
1997-04-08,292.787933,303.954742,0.000000
1997-04-09,293.335510,303.774139,0.000000
1997-04-10,291.496582,303.327179,0.000000
1997-04-11,290.881653,300.343811,3.152671
1997-04-12,282.038116,290.174683,22.387028
1997-04-13,281.406006,287.511047,5.637618
1997-04-14,284.417145,289.538422,2.128102
1997-04-15,284.794830,288.201630,0.532218
1997-04-16,287.306549,293.809418,16.738117
1997-04-17,285.169739,295.707916,1.773420
1997-04-18,285.925354,296.425507,4.128823
1997-04-19,283.569641,297.856354,0.000000
1997-04-20,285.445862,302.793091,0.000000
1997-04-21,288.995483,301.888824,0.000000
1997-04-22,291.399719,298.446655,4.147930
1997-04-23,289.124146,305.168640,12.333733
1997-04-24,291.000366,305.325256,3.633066
1997-04-25,290.260406,304.555817,0.708861
1997-04-26,290.822266,302.259308,1.301800
1997-04-27,290.651581,301.671570,0.000000
1997-04-28,293.195923,302.375916,0.753180
1997-04-29,294.606232,303.445679,1.811427
1997-04-30,293.762604,302.737640,2.466130
1997-05-01,293.419556,302.369293,11.335670
1997-05-02,291.069061,302.917114,0.688760
1997-05-03,293.919922,302.337128,0.366331
1997-05-04,291.065308,298.351379,0.000000
1997-05-05,289.643677,301.199677,0.000000
1997-05-06,290.295776,301.473267,0.000000
1997-05-07,292.344666,301.669525,0.320187
1997-05-08,293.629974,301.220367,0.000000
1997-05-09,292.287964,300.656555,0.890902
1997-05-10,293.391785,302.012573,0.000000
1997-05-11,291.662323,302.560913,0.845698
1997-05-12,292.672760,302.793854,0.000000
1997-05-13,292.552338,302.641296,0.000000
1997-05-14,293.516907,303.427948,0.299759
1997-05-15,295.922180,303.693024,2.234724
1997-05-16,295.762573,300.967346,0.000000
1997-05-17,295.274200,302.289795,0.000000
1997-05-18,294.349823,302.958069,1.153902
1997-05-19,293.974121,302.830017,2.359166
1997-05-20,293.566254,303.678772,0.000000
1997-05-21,293.627869,304.905121,0.000000
1997-05-22,294.396301,304.389923,0.000000
1997-05-23,295.005157,303.529144,0.000000
1997-05-24,295.635864,307.962006,0.000000
1997-05-25,292.581421,310.079895,0.000000
1997-05-26,295.188202,310.158600,0.000000
1997-05-27,295.895111,310.524658,0.000000
1997-05-28,293.740601,310.108276,1.788307
1997-05-29,294.907227,305.006744,0.000000
1997-05-30,294.932983,307.141083,0.474889
1997-05-31,294.452515,306.562805,9.598866
1997-06-01,294.122650,306.994110,8.617917
1997-06-02,294.091675,307.009186,12.212473
1997-06-03,294.942902,307.128815,10.032438
1997-06-04,294.627014,307.348389,0.000000
1997-06-05,296.084747,309.393372,0.000000
1997-06-06,291.711945,308.873688,22.320488
1997-06-07,291.056000,306.624664,0.000000
1997-06-08,293.388000,308.078125,0.000000
1997-06-09,297.045990,307.432404,0.000000
1997-06-10,295.423553,304.837036,3.148892
1997-06-11,295.474152,304.017395,30.489742
1997-06-12,296.675690,305.602966,27.207535
1997-06-13,296.175568,309.018555,0.000000
1997-06-14,296.073944,309.850922,0.000000
1997-06-15,295.947021,308.713165,0.547776
1997-06-16,294.886902,309.887817,0.000000
1997-06-17,295.321289,308.898987,1.272896
1997-06-18,294.839508,308.532562,0.000000
1997-06-19,295.744141,306.856018,0.000000
1997-06-20,296.519958,306.430573,0.000000
1997-06-21,295.460724,307.308624,0.000000
1997-06-22,295.864227,308.617401,0.000000
1997-06-23,295.419495,308.643707,0.000000
1997-06-24,294.915161,307.193634,0.000000
1997-06-25,295.569550,306.725189,0.000000
1997-06-26,297.056641,309.065796,0.000000
1997-06-27,297.671661,308.602417,0.000000
1997-06-28,296.035919,305.926422,16.257315
1997-06-29,296.074188,305.071960,1.217294
1997-06-30,295.953644,301.786285,15.347898
1997-07-01,294.760986,302.688416,18.381924
1997-07-02,295.502228,303.386047,13.940484
1997-07-03,294.775879,301.381805,10.536699
1997-07-04,294.765717,306.723938,0.433096
1997-07-05,295.462708,307.264069,0.000000
1997-07-06,295.710266,307.233398,5.608154
1997-07-07,296.173706,302.691315,47.570213
1997-07-08,296.133057,303.346954,38.886341
1997-07-09,294.050842,301.195160,36.802200
1997-07-10,294.282288,300.549225,19.515163
1997-07-11,291.377930,297.483368,53.645817
1997-07-12,295.500488,300.099091,92.710457
1997-07-13,295.832428,299.681763,53.675644
1997-07-14,295.200989,299.830963,40.901630
1997-07-15,296.052490,300.679657,0.000000
1997-07-16,296.280640,304.590881,0.000000
1997-07-17,295.589325,304.712982,0.312078
1997-07-18,295.667053,306.124542,0.000000
1997-07-19,295.742401,306.251129,8.179249
1997-07-20,294.797333,306.470428,5.329594
1997-07-21,294.183899,308.645264,0.000000
1997-07-22,294.988983,310.326752,0.000000
1997-07-23,296.571411,311.264191,0.000000
1997-07-24,297.079773,311.821167,0.000000
1997-07-25,297.199310,311.608582,0.000000
1997-07-26,297.584869,311.817749,0.000000
1997-07-27,297.372498,311.382172,0.000000
1997-07-28,296.190002,311.192719,0.000000
1997-07-29,296.510345,312.239563,0.000000
1997-07-30,297.739349,313.798157,0.000000
1997-07-31,297.628571,313.276520,0.000000
1997-08-01,297.463196,311.720642,0.000000
1997-08-02,296.312012,310.300201,0.000000
1997-08-03,296.043915,310.324036,1.569991
1997-08-04,296.260529,308.381958,0.921661
1997-08-05,296.318085,306.768738,0.000000
1997-08-06,295.981812,308.675873,0.000000
1997-08-07,295.149384,310.174194,0.000000
1997-08-08,294.741089,310.020752,0.000000
1997-08-09,295.840088,309.335327,0.000000
1997-08-10,296.872742,305.950897,5.807340
1997-08-11,296.244232,308.789795,5.384347
1997-08-12,294.183838,308.319397,0.572650
1997-08-13,294.931152,307.305878,0.000000
1997-08-14,294.803802,308.843292,0.000000
1997-08-15,295.371338,309.208893,0.000000
1997-08-16,295.386871,309.447784,0.452038
1997-08-17,294.510803,308.170593,2.755916
1997-08-18,294.976318,306.381348,5.921509
1997-08-19,295.146027,305.646912,6.215821
1997-08-20,295.446808,309.292328,0.000000
1997-08-21,296.571716,311.591522,0.000000
1997-08-22,298.717712,311.652039,0.000000
1997-08-23,298.344208,312.095459,1.421040
1997-08-24,296.406494,311.957611,0.000000
1997-08-25,295.935455,311.540283,0.000000
1997-08-26,296.122803,312.507416,0.000000
1997-08-27,296.054413,312.825623,0.000000
1997-08-28,296.323334,312.647522,0.414951
1997-08-29,293.648193,310.536865,2.496407
1997-08-30,291.519592,302.706573,28.537302
1997-08-31,292.538574,303.968353,9.378305
1997-09-01,295.116913,304.672424,6.897371
1997-09-02,295.715240,306.178864,0.463715
1997-09-03,295.715515,305.725433,3.779505
1997-09-04,294.979614,306.079620,0.997763
1997-09-05,291.765656,306.606781,0.000000
1997-09-06,293.066772,307.360016,0.000000
1997-09-07,294.481293,306.994843,0.000000
1997-09-08,294.868835,306.533325,0.815588
1997-09-09,296.618805,306.720245,0.000000
1997-09-10,297.425446,306.353638,0.000000
1997-09-11,297.329163,306.716125,0.689133
1997-09-12,295.867340,306.232574,2.856577
1997-09-13,292.114716,306.514191,0.000000
1997-09-14,291.052246,305.856873,0.703329
1997-09-15,292.547241,305.078857,5.159129
1997-09-16,294.296967,304.656342,0.000000
1997-09-17,294.457214,306.264435,0.000000
1997-09-18,293.771942,307.418427,0.000000
1997-09-19,294.098724,307.382050,0.000000
1997-09-20,295.519348,307.315704,0.000000
1997-09-21,295.404266,307.245331,3.267034
1997-09-22,295.108368,305.155853,2.762462
1997-09-23,295.649597,304.522400,1.011108
1997-09-24,293.416107,304.982819,0.000000
1997-09-25,294.964569,305.092529,4.263505
1997-09-26,290.062958,305.906921,0.000000
1997-09-27,289.875153,306.378204,0.000000
1997-09-28,291.983032,306.471680,0.000000
1997-09-29,294.244385,306.032776,0.000000
1997-09-30,293.850250,304.981689,0.000000
1997-10-01,294.185883,306.623901,0.000000
1997-10-02,295.294220,306.679840,0.000000
1997-10-03,294.670258,306.565277,0.000000
1997-10-04,295.362640,307.557312,0.000000
1997-10-05,297.291565,308.871338,0.000000
1997-10-06,297.338501,311.141113,0.000000
1997-10-07,291.757019,309.972290,0.000000
1997-10-08,290.490448,304.409393,0.000000
1997-10-09,290.516693,306.827637,0.000000
1997-10-10,292.146118,306.378357,0.000000
1997-10-11,292.199890,306.242615,1.391661
1997-10-12,287.704529,302.304382,0.000000
1997-10-13,286.315186,300.695312,0.000000
1997-10-14,286.006348,304.447266,0.000000
1997-10-15,288.111450,305.084747,0.000000
1997-10-16,289.101807,304.670563,0.000000
1997-10-17,289.517181,303.079163,0.000000
1997-10-18,289.650604,302.356598,0.000000
1997-10-19,289.158051,303.251740,0.000000
1997-10-20,289.360168,304.637756,0.000000
1997-10-21,288.468536,304.036652,0.000000
1997-10-22,290.927704,305.332977,0.000000
1997-10-23,290.940552,306.334412,0.000000
1997-10-24,291.583496,306.028290,0.000000
1997-10-25,287.313293,302.946716,0.000000
1997-10-26,286.566254,303.383362,0.000000
1997-10-27,287.842468,303.435547,0.000000
1997-10-28,288.752350,302.835968,0.000000
1997-10-29,289.714600,301.264832,0.000000
1997-10-30,289.375641,301.024200,0.785971
1997-10-31,290.110687,301.050598,0.916363
1997-11-01,289.999359,299.592407,11.017423
1997-11-02,286.955109,297.049255,0.000000
1997-11-03,287.864441,299.337921,0.000000
1997-11-04,283.542603,298.577148,0.000000
1997-11-05,281.410095,293.330597,0.000000
1997-11-06,282.458344,294.484283,0.000000
1997-11-07,284.151520,298.185150,0.000000
1997-11-08,286.091644,299.930664,0.000000
1997-11-09,287.423157,300.466797,0.000000
1997-11-10,289.716125,304.001160,0.000000
1997-11-11,291.472992,304.196930,0.000000
1997-11-12,288.704559,303.225586,0.000000
1997-11-13,290.187134,302.436279,0.000000
1997-11-14,288.929535,302.249146,0.497584
1997-11-15,285.561127,302.141357,0.000000
1997-11-16,288.061615,301.727356,0.000000
1997-11-17,281.170197,295.566132,0.000000
1997-11-18,283.401733,298.441345,0.000000
1997-11-19,285.167236,301.647491,0.000000
1997-11-20,286.812927,300.956482,0.000000
1997-11-21,288.826660,301.472870,0.000000
1997-11-22,288.694763,303.020355,0.000000
1997-11-23,289.616882,303.014038,0.000000
1997-11-24,289.985443,302.296997,6.315443
1997-11-25,289.400055,301.870026,0.512791
1997-11-26,287.593292,301.606995,0.000000
1997-11-27,284.415863,301.793030,0.000000
1997-11-28,286.501587,300.891754,0.000000
1997-11-29,277.387360,298.770447,0.280019
1997-11-30,273.830872,284.395996,10.042583
1997-12-01,268.038452,279.922211,0.000000
1997-12-02,270.728577,283.450867,0.000000
1997-12-03,275.637512,287.766968,0.000000
1997-12-04,277.084320,287.426910,0.000000
1997-12-05,276.425507,287.932312,0.000000
1997-12-06,277.066406,287.940857,0.404256
1997-12-07,277.120789,286.501801,0.000000
1997-12-08,276.976013,287.190918,0.000000
1997-12-09,279.162811,291.809082,0.000000
1997-12-10,277.939026,290.469940,0.000000
1997-12-11,277.275574,287.645874,1.752738
1997-12-12,281.239807,288.203430,2.973125
1997-12-13,282.626953,293.679291,0.000000
1997-12-14,285.660736,293.722656,0.000000
1997-12-15,283.661377,296.395813,0.000000
1997-12-16,284.184875,295.447357,0.000000
1997-12-17,286.966248,295.218475,0.000000
1997-12-18,284.178528,297.334137,0.000000
1997-12-19,282.427673,298.162323,0.000000
1997-12-20,281.696899,296.686188,0.000000
1997-12-21,285.102478,294.011230,0.485983
1997-12-22,278.382172,294.428528,0.000000
1997-12-23,281.064423,298.786407,0.000000
1997-12-24,285.127594,299.440857,0.000000
1997-12-25,282.818665,298.022919,0.000000
1997-12-26,284.520691,299.959137,0.000000
1997-12-27,285.646515,298.903412,0.000000
1997-12-28,281.053619,297.078461,0.000000
1997-12-29,283.570862,297.461212,0.000000
1997-12-30,285.430420,296.217499,0.000000
1997-12-31,282.868652,299.465424,0.000000
1998-01-01,283.498444,297.855621,0.488686
1998-01-02,285.470886,299.564789,0.000000
1998-01-03,287.599487,300.720215,0.332809
1998-01-04,285.884796,299.966278,0.000000
1998-01-05,277.203064,295.543091,0.000000
1998-01-06,271.535919,283.240540,0.000000
1998-01-07,272.120392,292.745209,0.000000
1998-01-08,279.185822,298.254883,0.000000
1998-01-09,280.973969,298.919830,0.000000
1998-01-10,281.646149,299.293610,0.000000
1998-01-11,281.763794,298.528564,0.000000
1998-01-12,283.436523,297.439758,0.000000
1998-01-13,275.407227,293.045502,0.000000
1998-01-14,279.433624,295.075012,0.000000
1998-01-15,278.873413,294.129333,0.000000
1998-01-16,281.350159,298.083435,0.000000
1998-01-17,283.653870,297.838287,0.000000
1998-01-18,278.287659,289.843323,0.000000
1998-01-19,282.108490,288.873627,34.154709
1998-01-20,279.973938,286.371765,8.030148
1998-01-21,280.738922,286.696411,0.000000
1998-01-22,275.361359,285.844666,0.000000
1998-01-23,276.266907,291.152405,0.000000
1998-01-24,278.305176,295.278839,0.000000
1998-01-25,283.543945,295.877441,0.292690
1998-01-26,277.270203,294.467438,10.126082
1998-01-27,277.346527,285.684418,33.285686
1998-01-28,272.687103,288.381622,1.315175
1998-01-29,277.557312,287.754395,0.000000
1998-01-30,272.154480,285.713806,0.000000
1998-01-31,276.727539,294.845581,0.509435
1998-02-01,286.478149,294.958862,2.374665
1998-02-02,280.701996,295.616058,0.947180
1998-02-03,264.934723,293.240204,3.731820
1998-02-04,269.477905,281.089722,0.000000
1998-02-05,271.416595,279.228271,5.075693
1998-02-06,267.393311,282.048462,0.000000
1998-02-07,274.873138,282.767120,0.615708
1998-02-08,278.392426,286.987122,1.051428
1998-02-09,280.760376,290.370575,0.585256
1998-02-10,285.087708,292.788422,5.375973
1998-02-11,288.247040,296.477478,0.342837
1998-02-12,283.841675,296.344238,0.000000
1998-02-13,283.290771,298.404510,0.000000
1998-02-14,278.375061,297.728851,0.000000
1998-02-15,278.875885,294.970459,0.000000
1998-02-16,283.951294,300.910980,0.000000
1998-02-17,287.173584,300.974182,0.000000
1998-02-18,283.406219,298.942841,0.883696
1998-02-19,280.449097,289.806152,12.941607
1998-02-20,280.254883,292.548096,0.000000
1998-02-21,280.828796,294.499207,0.000000
1998-02-22,283.515625,295.106720,0.000000
1998-02-23,286.701385,304.411835,0.000000
1998-02-24,282.817657,303.142578,0.000000
1998-02-25,278.596344,294.429962,0.000000
1998-02-26,284.539825,299.385864,0.459693
1998-02-27,284.491241,299.189850,0.000000
1998-02-28,276.493195,294.750702,0.000000
1998-03-01,277.148834,289.372833,0.000000
1998-03-02,278.809479,295.196930,0.000000
1998-03-03,281.762909,295.622375,0.000000
1998-03-04,285.698303,291.829315,16.270079
1998-03-05,287.177155,295.816589,26.903870
1998-03-06,286.646423,295.351105,50.886997
1998-03-07,283.287201,287.504608,8.262534
1998-03-08,285.092285,289.354248,3.969411
1998-03-09,285.601898,294.014893,0.000000
1998-03-10,286.590790,293.837036,0.000000
1998-03-11,282.518036,291.604645,8.296532
1998-03-12,282.898193,292.493347,0.000000
1998-03-13,286.051514,292.986053,0.000000
1998-03-14,286.928680,295.102509,0.000000
1998-03-15,286.580597,297.895874,0.000000
1998-03-16,287.776855,302.986816,0.000000
1998-03-17,289.994843,305.494171,0.000000
1998-03-18,290.489868,305.176056,0.000000
1998-03-19,286.051056,299.835968,0.000000
1998-03-20,279.733582,292.915527,2.734732
1998-03-21,281.627960,296.651337,0.000000
1998-03-22,280.662140,298.241486,0.000000
1998-03-23,284.754364,304.288239,0.000000
1998-03-24,287.321228,305.170380,0.000000
1998-03-25,290.238403,307.408447,0.000000
1998-03-26,290.456970,305.007019,0.563918
1998-03-27,291.689026,298.677002,0.000000
1998-03-28,290.704956,300.061066,0.331350
1998-03-29,292.131989,299.899353,0.803830
1998-03-30,291.452301,300.370850,0.000000
1998-03-31,291.287750,300.397919,1.376050
1998-04-01,291.218719,299.041321,0.000000
1998-04-02,287.757874,294.515961,0.000000
1998-04-03,288.490997,297.634064,0.000000
1998-04-04,288.738220,301.016510,0.000000
1998-04-05,290.683167,301.008118,0.000000
1998-04-06,291.743805,300.087708,0.850933
1998-04-07,293.018005,301.609406,2.746476
1998-04-08,293.649506,302.788574,1.773383
1998-04-09,287.695923,302.928345,0.746909
1998-04-10,284.916565,298.782227,0.000000
1998-04-11,287.474548,298.005737,0.000000
1998-04-12,282.809601,299.156738,0.000000
1998-04-13,284.972595,301.361877,0.000000
1998-04-14,286.920807,302.660553,0.000000
1998-04-15,288.969086,302.307434,0.487066
1998-04-16,289.504486,300.411224,0.559386
1998-04-17,291.785065,296.383270,19.865870
1998-04-18,286.978455,300.665436,0.000000
1998-04-19,287.600250,303.427338,0.000000
1998-04-20,290.967010,305.445068,0.000000
1998-04-21,292.107910,304.305695,1.654976
1998-04-22,292.175201,307.076813,0.288196
1998-04-23,293.414246,306.680817,9.950556
1998-04-24,294.523773,303.339569,13.177500
1998-04-25,285.482727,300.640289,1.794496
1998-04-26,286.059570,299.375214,0.000000
1998-04-27,287.327362,302.734131,0.000000
1998-04-28,291.120117,304.548309,0.000000
1998-04-29,293.001495,303.886963,0.000000
1998-04-30,293.866211,304.313263,0.000000
1998-05-01,294.472351,303.341125,17.848980
1998-05-02,292.011230,302.317719,4.517458
1998-05-03,291.890869,303.639587,0.000000
1998-05-04,294.029510,305.428375,0.000000
1998-05-05,292.702881,307.451324,0.000000
1998-05-06,293.461975,307.223999,0.000000
1998-05-07,293.710083,307.686310,0.000000
1998-05-08,292.674347,307.690460,0.000000
1998-05-09,293.684204,307.025421,0.000000
1998-05-10,293.981842,306.395721,0.000000
1998-05-11,295.787811,305.959351,0.000000
1998-05-12,296.164825,305.445251,0.000000
1998-05-13,295.913086,309.939819,11.768270
1998-05-14,292.580719,309.688141,0.000000
1998-05-15,294.419067,302.663483,67.301666
1998-05-16,294.893738,300.012878,10.565271
1998-05-17,294.998077,299.851898,1.214688
1998-05-18,296.595825,304.002167,27.994452
1998-05-19,295.229492,303.892090,0.000000
1998-05-20,295.217194,303.325317,10.642826
1998-05-21,295.454834,303.351379,15.776205
1998-05-22,296.345795,299.960968,1.501318
1998-05-23,295.861511,301.521942,0.000000
1998-05-24,295.298859,301.583496,0.000000
1998-05-25,295.207977,301.638367,0.000000
1998-05-26,294.420654,302.586029,0.325704
1998-05-27,294.479431,303.870056,1.162781
1998-05-28,292.227051,305.435394,0.000000
1998-05-29,293.613739,307.228058,0.000000
1998-05-30,295.396118,307.753296,0.000000
1998-05-31,295.155212,308.103607,0.000000
1998-06-01,293.701233,307.202484,0.000000
1998-06-02,295.044464,308.044983,0.000000
1998-06-03,295.420868,308.467163,0.000000
1998-06-04,294.237457,308.433289,0.000000
1998-06-05,294.472778,307.995056,0.000000
1998-06-06,294.562286,305.554474,3.512775
1998-06-07,296.954895,306.288574,0.000000
1998-06-08,296.515228,308.414337,0.000000
1998-06-09,297.241058,310.823700,0.000000
1998-06-10,296.314209,310.554382,0.000000
1998-06-11,296.181305,312.125824,0.000000
1998-06-12,298.866943,313.841675,0.000000
1998-06-13,300.020569,314.331177,0.000000
1998-06-14,299.196136,314.547699,0.000000
1998-06-15,298.563934,312.218079,0.000000
1998-06-16,297.888794,307.362091,8.839924
1998-06-17,296.690826,305.989349,4.983456
1998-06-18,295.289062,305.811890,0.000000
1998-06-19,295.678284,306.913574,2.657236
1998-06-20,296.988922,305.123932,2.573556
1998-06-21,297.052185,309.112793,3.383110
1998-06-22,297.119446,310.071045,0.000000
1998-06-23,298.656250,309.510040,0.563378
1998-06-24,297.666382,305.975769,6.134582
1998-06-25,297.726715,305.286987,24.365206
1998-06-26,297.368958,304.248444,12.330768
1998-06-27,295.916260,307.381531,0.000000
1998-06-28,295.417236,307.484131,0.000000
1998-06-29,295.985321,307.663788,0.000000
1998-06-30,296.700226,308.788025,0.000000
1998-07-01,298.023407,311.627930,3.004383
1998-07-02,297.563660,311.370087,0.000000
1998-07-03,297.365631,309.605225,0.000000
1998-07-04,297.381775,309.998169,0.000000
1998-07-05,296.799591,310.694946,0.000000
1998-07-06,296.476746,310.615082,0.000000
1998-07-07,296.465210,309.964600,0.000000
1998-07-08,296.865295,308.532196,0.000000
1998-07-09,297.231964,307.709717,0.000000
1998-07-10,296.808960,307.796661,0.000000
1998-07-11,296.650452,306.773926,0.000000
1998-07-12,296.382660,307.505402,0.000000
1998-07-13,296.547180,308.824982,0.000000
1998-07-14,296.986115,310.245422,0.000000
1998-07-15,297.464783,310.192413,0.000000
1998-07-16,297.073975,309.915161,0.000000
1998-07-17,297.553467,308.570831,0.000000
1998-07-18,297.339691,308.850677,0.000000
1998-07-19,296.921356,310.106781,0.000000
1998-07-20,297.278778,311.088196,0.000000
1998-07-21,298.904816,311.624023,0.000000
1998-07-22,299.023224,313.062256,0.000000
1998-07-23,300.298737,313.506897,0.000000
1998-07-24,299.277618,312.959564,0.000000
1998-07-25,298.197876,311.301270,0.861176
1998-07-26,297.971252,308.641541,4.606785
1998-07-27,297.898010,309.259827,0.000000
1998-07-28,297.549896,308.839691,0.000000
1998-07-29,297.583405,308.086517,0.000000
1998-07-30,297.389679,308.796173,0.000000
1998-07-31,297.357544,308.370789,1.863499
1998-08-01,296.701660,307.176697,1.056026
1998-08-02,298.344391,311.205109,0.000000
1998-08-03,297.680939,310.518951,0.000000
1998-08-04,295.184937,308.540680,0.000000
1998-08-05,296.078247,309.180511,0.000000
1998-08-06,297.698303,310.865906,0.000000
1998-08-07,297.424133,311.159485,0.000000
1998-08-08,296.721619,311.185730,2.965261
1998-08-09,296.798004,310.083313,0.000000
1998-08-10,295.958160,310.055115,0.000000
1998-08-11,296.354095,310.620575,0.000000
1998-08-12,296.379974,311.768005,0.279888
1998-08-13,298.807526,312.332672,0.000000
1998-08-14,300.232635,312.437927,0.000000
1998-08-15,301.347778,312.568329,0.000000
1998-08-16,299.555542,312.352570,0.000000
1998-08-17,297.545258,311.281921,0.401928
1998-08-18,297.594269,308.696289,0.000000
1998-08-19,298.230652,309.710083,0.000000
1998-08-20,297.291168,310.667358,0.915577
1998-08-21,296.783234,311.796509,0.000000
1998-08-22,298.168304,312.249817,0.000000
1998-08-23,298.677094,308.191589,3.609244
1998-08-24,297.739502,306.252258,65.043091
1998-08-25,296.708252,302.135193,46.699661
1998-08-26,295.926392,303.524719,0.403076
1998-08-27,296.259003,304.939697,0.000000
1998-08-28,296.418488,305.895874,0.000000
1998-08-29,295.353912,306.942383,1.080166
1998-08-30,294.632355,310.459747,0.000000
1998-08-31,295.453308,311.071136,0.000000
1998-09-01,296.111511,310.951111,0.000000
1998-09-02,296.259644,310.861267,0.419241
1998-09-03,297.295776,311.108978,0.000000
1998-09-04,298.231812,312.346954,0.000000
1998-09-05,298.531769,311.871735,2.052960
1998-09-06,298.650330,308.715240,0.578257
1998-09-07,296.640594,308.186401,0.404129
1998-09-08,297.067108,307.209534,2.791259
1998-09-09,297.333435,304.551819,5.838438
1998-09-10,295.279022,302.938873,0.283679
1998-09-11,295.042358,309.083710,0.000000
1998-09-12,297.995026,312.258453,0.000000
1998-09-13,296.621307,310.825806,0.000000
1998-09-14,294.931091,309.172638,0.000000
1998-09-15,295.079895,306.763947,0.000000
1998-09-16,295.422791,307.204926,0.000000
1998-09-17,296.684998,307.161896,0.000000
1998-09-18,296.761475,307.559479,0.000000
1998-09-19,297.127899,307.670074,7.181232
1998-09-20,295.020477,306.461334,2.142965
1998-09-21,292.462555,303.937439,2.866143
1998-09-22,286.617981,299.684845,0.000000
1998-09-23,288.623016,302.863098,0.000000
1998-09-24,292.450531,303.879944,0.000000
1998-09-25,294.811218,305.399536,0.000000
1998-09-26,294.603241,305.365814,0.000000
1998-09-27,287.240112,303.118347,0.815311
1998-09-28,293.802917,305.395844,0.000000
1998-09-29,294.877075,305.310089,3.763197
1998-09-30,290.223480,299.083618,18.042799
1998-10-01,287.349243,293.904175,65.050392
1998-10-02,289.754700,299.897522,8.108953
1998-10-03,290.965851,300.993134,0.957821
1998-10-04,293.502838,301.964264,1.542885
1998-10-05,294.723877,299.672485,1.490937
1998-10-06,294.091278,302.016815,3.515597
1998-10-07,294.908325,301.028351,5.606463
1998-10-08,285.334534,296.267151,15.023511
1998-10-09,281.287262,281.287262,0.000000
1998-10-10,284.193817,291.386627,0.000000
1998-10-11,290.024689,295.609528,10.918715
1998-10-12,285.129120,294.873993,0.000000
1998-10-13,284.354675,292.486725,0.675695
1998-10-14,284.892639,295.120850,2.391073
1998-10-15,286.816620,297.777527,0.000000
1998-10-16,284.687286,302.994019,0.000000
1998-10-17,285.264771,301.773926,0.000000
1998-10-18,283.681976,300.063354,0.000000
1998-10-19,285.471283,301.812836,0.000000
1998-10-20,286.458832,300.859650,0.000000
1998-10-21,287.133728,299.740051,0.000000
1998-10-22,287.307220,299.107147,0.000000
1998-10-23,288.252808,297.804993,0.000000
1998-10-24,283.122650,297.587585,0.000000
1998-10-25,282.209991,298.516388,0.000000
1998-10-26,283.056213,298.257812,0.000000
1998-10-27,286.962433,298.572510,0.000000
1998-10-28,287.163879,300.440674,0.000000
1998-10-29,287.558136,302.503479,0.000000
1998-10-30,287.381195,303.165619,0.000000
1998-10-31,289.385010,305.317230,0.000000
1998-11-01,290.622498,304.500885,0.000000
1998-11-02,283.347443,297.606354,0.000000
1998-11-03,284.137024,299.871307,0.000000
1998-11-04,288.233215,303.421082,0.526544
1998-11-05,281.468933,302.269745,1.022511
1998-11-06,280.848969,293.630707,0.000000
1998-11-07,283.016998,294.123535,0.000000
1998-11-08,283.894440,293.379608,0.000000
1998-11-09,285.324371,290.574341,43.527374
1998-11-10,286.332306,295.564484,39.150871
1998-11-11,287.431915,297.029083,0.000000
1998-11-12,287.057007,298.593201,0.000000
1998-11-13,287.752136,298.707611,0.000000
1998-11-14,285.167267,297.383087,0.000000
1998-11-15,284.638367,293.595459,53.761173
1998-11-16,280.247070,290.060516,2.550120
1998-11-17,277.358856,290.461304,0.000000
1998-11-18,278.835602,289.294189,0.000000
1998-11-19,279.150787,292.537415,0.000000
1998-11-20,281.804169,290.467133,2.651740
1998-11-21,276.407562,285.795990,0.307938
1998-11-22,276.616760,286.181580,0.000000
1998-11-23,276.670807,286.838409,0.000000
1998-11-24,283.735168,294.454407,7.596683
1998-11-25,289.035614,299.953339,1.804300
1998-11-26,287.207916,297.880157,4.176149
1998-11-27,281.527771,294.143066,0.000000
1998-11-28,281.190094,290.573730,0.000000
1998-11-29,277.978638,291.092468,0.000000
1998-11-30,278.928131,290.440338,1.214558
1998-12-01,277.438721,287.320343,10.504157
1998-12-02,276.849304,291.656647,0.000000
1998-12-03,275.178009,284.743042,0.000000
1998-12-04,274.714447,282.672760,0.000000
1998-12-05,275.045166,285.139435,0.000000
1998-12-06,278.643860,287.258545,0.000000
1998-12-07,281.263214,290.062134,1.462147
1998-12-08,283.399231,295.650208,3.518100
1998-12-09,280.591431,294.761627,0.000000
1998-12-10,278.696716,291.579010,0.000000
1998-12-11,282.823914,299.511261,0.000000
1998-12-12,288.495148,297.686523,0.000000
1998-12-13,281.647400,293.913452,1.323798
1998-12-14,284.383453,292.103760,5.346863
1998-12-15,280.049774,290.809875,0.000000
1998-12-16,277.183960,286.935059,0.000000
1998-12-17,276.583435,287.031342,0.000000
1998-12-18,276.908997,286.518738,0.000000
1998-12-19,280.146606,285.974670,55.800900
1998-12-20,275.699127,285.978424,2.315455
1998-12-21,272.848755,286.484131,0.000000
1998-12-22,276.897217,289.361664,0.000000
1998-12-23,275.334564,287.259033,0.000000
1998-12-24,276.421326,289.126038,0.000000
1998-12-25,278.331177,287.269531,0.000000
1998-12-26,280.036316,288.584290,0.000000
1998-12-27,272.332428,290.143280,0.000000
1998-12-28,277.582062,288.327271,0.000000
1998-12-29,272.912933,290.698212,0.000000
1998-12-30,269.799713,288.066803,0.545413
1998-12-31,267.600159,277.199982,12.227965
1999-01-01,267.906525,279.501251,0.000000
1999-01-02,271.553436,283.255066,0.000000
1999-01-03,276.109375,286.088135,0.000000
1999-01-04,276.610321,292.106232,0.000000
1999-01-05,278.594513,290.388611,0.000000
1999-01-06,275.945953,290.065430,0.000000
1999-01-07,274.330872,292.112946,0.000000
1999-01-08,275.754913,291.730377,0.000000
1999-01-09,278.071045,293.908783,0.000000
1999-01-10,280.131439,296.545624,0.000000
1999-01-11,283.063873,298.457275,0.358072
1999-01-12,280.814819,296.396362,1.898942
1999-01-13,279.307617,294.057098,0.000000
1999-01-14,278.251984,296.705536,0.000000
1999-01-15,280.353363,296.746979,0.000000
1999-01-16,277.639832,294.369202,0.000000
1999-01-17,274.786285,290.670013,0.000000
1999-01-18,277.352478,290.658203,0.000000
1999-01-19,282.058624,295.838104,0.000000
1999-01-20,278.044617,295.265533,0.000000
1999-01-21,278.593811,295.071289,0.000000
1999-01-22,279.495972,297.070221,0.000000
1999-01-23,281.322449,299.515198,0.000000
1999-01-24,284.234375,300.905060,0.000000
1999-01-25,284.910675,300.215485,0.000000
1999-01-26,278.686066,293.339996,0.000000
1999-01-27,280.858002,298.704224,0.000000
1999-01-28,285.707642,299.201874,0.000000
1999-01-29,286.767639,300.233124,0.000000
1999-01-30,284.920654,298.790771,0.000000
1999-01-31,279.998413,295.494629,0.000000
1999-02-01,280.905365,294.320709,0.000000
1999-02-02,277.363525,293.217834,0.000000
1999-02-03,283.868744,296.318909,1.488218
1999-02-04,271.544891,294.167206,0.000000
1999-02-05,272.375061,285.246368,0.000000
1999-02-06,273.277863,291.978302,0.000000
1999-02-07,277.256653,296.964478,0.000000
1999-02-08,279.631989,296.111328,0.000000
1999-02-09,274.414337,288.375305,0.000000
1999-02-10,272.777283,283.250061,0.000000
1999-02-11,272.942902,286.269379,3.012654
1999-02-12,274.421539,291.189270,0.000000
1999-02-13,276.036774,291.859070,0.000000
1999-02-14,277.272858,291.990204,0.000000
1999-02-15,276.005920,291.035767,14.053374
1999-02-16,275.865997,285.324951,15.768012
1999-02-17,281.014557,286.738373,27.602209
1999-02-18,281.744049,286.869751,32.976101
1999-02-19,282.187592,286.418304,26.369411
1999-02-20,278.652344,287.928040,2.313632
1999-02-21,280.745941,291.160461,0.000000
1999-02-22,277.369385,290.371094,0.000000
1999-02-23,275.539001,288.468384,0.000000
1999-02-24,277.104492,291.893707,0.000000
1999-02-25,281.003906,290.492035,13.897776
1999-02-26,280.531433,297.321167,6.078692
1999-02-27,282.087341,296.190247,0.000000
1999-02-28,275.644897,289.038025,0.000000
1999-03-01,273.708130,289.754578,0.000000
1999-03-02,277.852661,288.647736,0.000000
1999-03-03,273.098785,287.542206,4.094100
1999-03-04,268.873596,283.968353,0.000000
1999-03-05,277.039001,283.633423,1.681762
1999-03-06,272.964783,279.153839,1.186760
1999-03-07,273.089935,276.996155,7.359291
1999-03-08,275.616669,280.527069,0.000000
1999-03-09,274.626587,285.340546,0.000000
1999-03-10,276.052643,291.753418,0.000000
1999-03-11,278.232758,294.692017,0.000000
1999-03-12,280.370026,295.842133,0.000000
1999-03-13,284.221802,297.270996,0.000000
1999-03-14,284.831573,298.371216,0.000000
1999-03-15,285.688873,298.299133,2.135097
1999-03-16,285.683563,291.646179,15.571569
1999-03-17,284.473969,293.829926,33.366085
1999-03-18,283.004974,288.561493,39.986843
1999-03-19,280.639801,294.666962,0.000000
1999-03-20,282.108704,296.191010,0.000000
1999-03-21,285.927948,296.633179,0.000000
1999-03-22,285.824402,297.082306,0.000000
1999-03-23,284.321808,296.167328,3.877569
1999-03-24,277.072327,290.942139,0.000000
1999-03-25,280.236023,300.571564,0.000000
1999-03-26,282.035828,302.548187,0.000000
1999-03-27,284.609497,302.341858,0.000000
1999-03-28,288.172852,299.903961,0.000000
1999-03-29,289.533447,300.546326,8.041438
1999-03-30,288.316040,300.090820,19.999018
1999-03-31,285.403107,299.838837,1.835385
1999-04-01,284.355255,296.979492,0.000000
1999-04-02,282.354645,292.714783,0.000000
1999-04-03,281.398743,294.949951,0.000000
1999-04-04,281.710968,296.946075,0.000000
1999-04-05,287.022247,296.722076,2.185723
1999-04-06,279.894226,295.071808,0.823915
1999-04-07,281.585724,289.376129,5.615082
1999-04-08,284.447693,289.990540,34.068527
1999-04-09,285.649414,291.681183,16.237743
1999-04-10,282.326538,299.507568,0.000000
1999-04-11,287.173920,301.068146,0.000000
1999-04-12,289.120789,300.643402,0.000000
1999-04-13,289.732452,298.495361,3.539710
1999-04-14,290.417511,299.032959,0.332396
1999-04-15,292.311981,298.943665,11.087017
1999-04-16,291.819244,302.371979,1.013440
1999-04-17,287.082428,303.716217,0.000000
1999-04-18,288.921051,303.248199,0.000000
1999-04-19,290.692139,302.214355,0.000000
1999-04-20,291.396729,301.373016,0.000000
1999-04-21,290.730438,301.309174,6.164380
1999-04-22,284.796204,298.489319,0.000000
1999-04-23,283.864105,299.323883,0.000000
1999-04-24,287.289642,298.004333,0.000000
1999-04-25,291.740784,299.423767,0.000000
1999-04-26,292.619110,298.981171,0.000000
1999-04-27,292.925690,301.348053,4.716115
1999-04-28,292.101227,301.370880,0.000000
1999-04-29,293.608856,305.835571,4.237687
1999-04-30,290.133118,305.713654,4.034834
1999-05-01,291.959045,296.891174,8.994149
1999-05-02,293.694031,300.290100,4.065494
1999-05-03,294.096741,299.449646,0.000000
1999-05-04,294.616150,302.651703,9.588067
1999-05-05,283.234924,302.377350,7.620377
1999-05-06,282.233765,294.683350,0.000000
1999-05-07,283.142029,296.380707,0.000000
1999-05-08,290.196381,301.821686,0.000000
1999-05-09,294.885223,303.866730,0.000000
1999-05-10,293.864288,303.143372,0.000000
1999-05-11,287.244934,301.441711,0.000000
1999-05-12,286.528992,303.227570,0.000000
1999-05-13,293.441772,304.556366,0.738382
1999-05-14,290.268463,303.326447,1.384364
1999-05-15,284.800751,298.985260,1.349181
1999-05-16,284.624908,302.061249,0.000000
1999-05-17,288.649261,301.808990,0.000000
1999-05-18,292.711151,306.094269,0.000000
1999-05-19,293.839111,310.541565,0.000000
1999-05-20,294.549347,309.890015,0.000000
1999-05-21,294.339142,304.357147,4.146557
1999-05-22,294.327118,307.196259,0.000000
1999-05-23,293.159454,305.733337,0.499266
1999-05-24,290.078094,303.726562,0.000000
1999-05-25,287.686920,304.844574,0.000000
1999-05-26,291.115753,306.456635,0.000000
1999-05-27,293.568512,305.847382,0.000000
1999-05-28,294.316132,304.890442,11.941747
1999-05-29,295.893799,307.194366,2.689695
1999-05-30,293.064423,306.579163,3.544682
1999-05-31,294.500458,307.156464,15.596764
1999-06-01,293.417358,306.723053,0.000000
1999-06-02,295.678680,304.900635,0.000000
1999-06-03,294.801575,304.732483,0.599907
1999-06-04,294.447388,305.353943,0.000000
1999-06-05,294.193146,305.428650,0.000000
1999-06-06,293.253998,303.586334,15.656984
1999-06-07,294.035278,304.322174,5.065337
1999-06-08,294.102692,305.909729,0.000000
1999-06-09,291.717468,306.745575,0.000000
1999-06-10,292.476074,305.952057,3.996296
1999-06-11,295.942993,307.482391,7.300580
1999-06-12,294.903564,306.998444,0.554325
1999-06-13,295.343323,308.056427,0.000000
1999-06-14,295.812164,309.448486,0.000000
1999-06-15,294.963287,305.958832,5.176156
1999-06-16,294.728485,308.307404,4.533250
1999-06-17,295.386078,308.308624,0.000000
1999-06-18,295.852295,307.418640,0.487048
1999-06-19,296.025787,304.387421,1.672662
1999-06-20,296.465302,305.932556,9.985538
1999-06-21,296.096558,306.488464,3.856164
1999-06-22,295.888153,307.914734,2.388268
1999-06-23,295.891418,308.825531,0.281015
1999-06-24,295.768524,309.113037,2.349636
1999-06-25,296.046234,309.647552,0.000000
1999-06-26,295.025177,309.144379,0.000000
1999-06-27,294.875610,307.338196,0.000000
1999-06-28,294.169556,307.656311,0.000000
1999-06-29,294.255676,307.409637,0.000000
1999-06-30,295.226349,306.865845,0.000000
1999-07-01,294.768066,307.069061,3.346439
1999-07-02,293.825867,307.979889,0.000000
1999-07-03,293.969360,307.373260,1.722849
1999-07-04,295.025208,306.750427,2.710248
1999-07-05,295.152405,307.206268,1.265338
1999-07-06,295.347260,309.413910,0.000000
1999-07-07,296.317719,311.714630,0.000000
1999-07-08,295.994415,311.844818,0.000000
1999-07-09,295.972260,310.896179,0.000000
1999-07-10,294.962494,307.770477,0.000000
1999-07-11,295.617737,307.330322,0.617380
1999-07-12,295.195312,306.942413,0.000000
1999-07-13,294.549927,306.070984,0.722786
1999-07-14,294.848358,306.386505,1.990305
1999-07-15,294.608887,305.241913,0.000000
1999-07-16,294.614197,306.444214,0.504454
1999-07-17,295.191010,308.836304,0.000000
1999-07-18,296.493530,308.980621,0.000000
1999-07-19,296.563019,310.019836,0.000000
1999-07-20,295.895447,309.694427,0.297737
1999-07-21,296.451904,308.514526,5.398301
1999-07-22,296.207428,307.574890,6.761115
1999-07-23,296.391205,307.791260,0.000000
1999-07-24,297.249420,308.007629,1.084642
1999-07-25,295.398895,309.827362,0.000000
1999-07-26,296.084167,309.755096,3.729700
1999-07-27,296.987671,311.146332,0.000000
1999-07-28,296.087830,310.976349,0.000000
1999-07-29,295.819702,310.733398,0.000000
1999-07-30,295.350189,311.322083,1.323122
1999-07-31,295.089386,307.702667,0.000000
1999-08-01,295.470642,308.397217,0.000000
1999-08-02,295.508423,308.552673,0.000000
1999-08-03,293.822327,307.895447,1.614676
1999-08-04,293.399841,306.422882,1.249752
1999-08-05,294.205414,307.965302,0.000000
1999-08-06,294.844421,308.348297,0.000000
1999-08-07,295.647858,308.708221,0.000000
1999-08-08,294.965393,308.586792,0.000000
1999-08-09,295.888458,307.762299,0.285730
1999-08-10,296.051056,306.779449,11.872551
1999-08-11,296.156982,304.555511,23.428057
1999-08-12,297.492249,306.675415,4.677481
1999-08-13,294.892273,308.569427,0.000000
1999-08-14,295.354126,309.206146,0.000000
1999-08-15,297.181732,310.096283,0.602032
1999-08-16,297.690308,311.431061,1.864841
1999-08-17,297.589417,310.924347,2.055133
1999-08-18,297.621368,309.772858,0.895175
1999-08-19,296.829987,308.961304,0.000000
1999-08-20,296.448792,308.349335,0.449519
1999-08-21,296.406799,308.773651,0.000000
1999-08-22,295.285675,310.510620,0.000000
1999-08-23,295.917297,311.871277,0.439085
1999-08-24,297.000977,310.117737,0.000000
1999-08-25,292.327606,312.541473,0.000000
1999-08-26,297.266815,312.330048,0.000000
1999-08-27,297.195496,310.156982,4.187417
1999-08-28,298.135315,305.884125,2.089038
1999-08-29,295.036102,307.444946,0.903293
1999-08-30,293.732178,307.003387,0.492859
1999-08-31,293.233795,309.799957,0.000000
1999-09-01,293.491486,310.025787,0.000000
1999-09-02,293.733185,310.747803,0.000000
1999-09-03,296.621429,311.346497,0.000000
1999-09-04,297.519287,312.324371,0.000000
1999-09-05,295.998535,311.667236,0.000000
1999-09-06,297.289062,311.134399,0.000000
1999-09-07,295.076324,310.307556,0.000000
1999-09-08,292.872009,308.696503,0.000000
1999-09-09,296.614319,305.401398,1.553000
1999-09-10,295.688751,305.218384,7.424602
1999-09-11,295.662079,305.282227,0.000000
1999-09-12,296.068481,305.921997,0.000000
1999-09-13,295.948547,307.039825,0.000000
1999-09-14,289.117493,303.795715,0.000000
1999-09-15,289.977997,303.931549,0.000000
1999-09-16,289.441467,305.916046,0.000000
1999-09-17,288.780762,306.093658,0.000000
1999-09-18,288.585632,306.039856,0.000000
1999-09-19,288.361511,306.388855,0.000000
1999-09-20,290.642792,306.776978,1.343277
1999-09-21,291.747925,301.964233,16.750217
1999-09-22,288.692627,305.979156,6.413907
1999-09-23,294.130035,305.534668,0.000000
1999-09-24,293.958679,305.442139,1.268675
1999-09-25,292.703644,306.694366,0.000000
1999-09-26,292.802338,306.231384,6.640635
1999-09-27,292.331909,304.644379,10.565342
1999-09-28,292.722046,305.523682,0.000000
1999-09-29,293.099762,305.013947,0.000000
1999-09-30,295.397736,305.537994,0.000000
1999-10-01,294.252747,305.467651,0.000000
1999-10-02,293.667084,305.772156,0.000000
1999-10-03,294.452484,305.834290,1.447649
1999-10-04,295.828003,304.660950,0.000000
1999-10-05,295.396851,304.433075,0.813305
1999-10-06,293.712128,303.377319,1.771673
1999-10-07,292.393463,304.356903,0.000000
1999-10-08,292.140320,305.408081,0.000000
1999-10-09,296.039215,306.085876,2.976915
1999-10-10,285.284424,303.334625,9.315417
1999-10-11,284.143097,288.625458,2.045058
1999-10-12,284.191498,288.655731,3.224236
1999-10-13,281.974274,292.041107,0.530196
1999-10-14,283.587616,296.912994,4.118650
1999-10-15,287.061279,296.609039,1.238975
1999-10-16,286.619293,293.599915,55.120193
1999-10-17,284.574554,292.828644,0.000000
1999-10-18,283.186554,293.015594,0.000000
1999-10-19,282.352997,294.830444,0.000000
1999-10-20,283.218048,297.890442,0.000000
1999-10-21,284.794647,298.079865,0.000000
1999-10-22,286.562347,300.108124,0.000000
1999-10-23,289.975952,299.149384,0.906542
1999-10-24,287.332550,302.797668,0.000000
1999-10-25,288.467468,302.859528,0.000000
1999-10-26,293.307617,301.917145,4.248372
1999-10-27,292.710114,299.154053,1.082733
1999-10-28,292.103577,302.477112,1.627904
1999-10-29,288.473602,302.434845,0.000000
1999-10-30,287.726746,301.126678,0.000000
1999-10-31,286.191620,300.981628,0.000000
1999-11-01,287.749176,303.395905,0.000000
1999-11-02,288.709412,303.277924,0.000000
1999-11-03,290.081818,302.821686,0.000000
1999-11-04,293.121460,302.158905,2.629688
1999-11-05,284.660889,298.376740,0.000000
1999-11-06,283.213043,298.155426,0.000000
1999-11-07,284.401428,298.503571,0.000000
1999-11-08,286.855347,299.250397,0.000000
1999-11-09,287.977295,301.151245,0.000000
1999-11-10,289.311005,300.743774,0.000000
1999-11-11,284.109375,299.972748,0.000000
1999-11-12,287.309052,301.149933,0.000000
1999-11-13,286.244934,300.121307,0.000000
1999-11-14,291.057556,299.983459,2.246139
1999-11-15,292.097382,299.979645,3.144914
1999-11-16,292.036713,299.953979,10.324143
1999-11-17,285.436737,296.130859,5.039813
1999-11-18,274.971436,294.810425,0.000000
1999-11-19,274.497864,283.344513,0.000000
1999-11-20,277.136841,287.497040,0.000000
1999-11-21,281.273895,289.931915,0.000000
1999-11-22,278.003082,294.378418,0.000000
1999-11-23,282.087372,294.479767,0.000000
1999-11-24,279.039398,294.520935,0.000000
1999-11-25,279.449310,296.222626,0.000000
1999-11-26,284.498322,299.963562,0.000000
1999-11-27,276.982391,295.853455,29.946863
1999-11-28,277.218170,282.291168,21.843294
1999-11-29,278.934082,287.576721,0.000000
1999-11-30,276.063934,286.061310,0.000000
1999-12-01,274.449188,284.515381,0.000000
1999-12-02,273.738831,285.787628,0.000000
1999-12-03,272.944824,289.380890,0.000000
1999-12-04,273.913483,291.759064,0.000000
1999-12-05,276.121857,292.014679,0.000000
1999-12-06,276.689789,294.750885,0.000000
1999-12-07,284.525055,293.971191,0.000000
1999-12-08,286.583771,293.614685,3.545010
1999-12-09,285.999908,294.984131,1.013877
1999-12-10,286.761230,297.954620,0.000000
1999-12-11,286.687347,292.490692,9.714132
1999-12-12,281.011902,295.054901,1.627199
1999-12-13,281.720001,290.624634,0.000000
1999-12-14,277.302551,287.215424,0.000000
1999-12-15,275.813019,290.673279,0.000000
1999-12-16,278.882721,292.677582,0.000000
1999-12-17,281.908661,294.245026,0.000000
1999-12-18,284.878601,293.012299,0.000000
1999-12-19,281.186157,289.444305,0.000000
1999-12-20,276.376434,288.216705,0.000000
1999-12-21,275.367462,290.688690,0.000000
1999-12-22,276.848999,294.341400,0.000000
1999-12-23,279.523804,296.400330,0.000000
1999-12-24,282.307800,297.300873,0.000000
1999-12-25,288.136627,295.431335,0.402117
1999-12-26,288.760956,296.024902,0.000000
1999-12-27,288.063782,295.298004,0.469281
1999-12-28,288.361298,295.766388,0.500021
1999-12-29,289.128021,297.083221,0.000000
1999-12-30,289.475525,296.576843,0.923478
1999-12-31,288.389862,296.245605,3.974764
2000-01-01,281.252625,292.479370,10.078406
2000-01-02,278.511780,289.126251,0.000000
2000-01-03,276.399567,286.111572,0.000000
2000-01-04,274.317444,283.962860,0.000000
2000-01-05,276.255981,286.894135,0.000000
2000-01-06,277.651062,286.907288,0.000000
2000-01-07,277.224365,289.305542,0.000000
2000-01-08,282.082062,295.953369,0.000000
2000-01-09,282.523987,294.424622,0.662723
2000-01-10,284.512604,294.553680,0.000000
2000-01-11,277.782379,292.181274,0.000000
2000-01-12,273.945190,290.306396,0.000000
2000-01-13,275.760162,289.695068,0.000000
2000-01-14,277.541199,290.987701,0.000000
2000-01-15,277.457001,290.028442,0.000000
2000-01-16,277.677612,289.658752,0.000000
2000-01-17,275.758942,291.599335,0.000000
2000-01-18,278.078522,291.985870,0.000000
2000-01-19,276.091461,294.861908,0.000000
2000-01-20,279.985626,297.484558,0.000000
2000-01-21,278.770874,296.398315,0.000000
2000-01-22,277.688171,289.020538,3.078257
2000-01-23,284.958069,295.590790,5.382641
2000-01-24,287.419525,297.571686,1.467829
2000-01-25,287.860382,297.707184,5.228766
2000-01-26,288.524902,297.265503,4.862606
2000-01-27,285.864929,292.980377,6.666127
2000-01-28,285.474030,293.677826,4.366556
2000-01-29,283.350800,291.855988,1.561805
2000-01-30,280.144531,286.906586,0.000000
2000-01-31,277.372131,288.116760,0.000000
2000-02-01,282.792297,292.638092,1.638955
2000-02-02,286.830017,297.407349,0.000000
2000-02-03,283.447327,297.257904,0.000000
2000-02-04,284.648010,299.508209,0.000000
2000-02-05,285.973267,297.982880,0.000000
2000-02-06,283.812866,291.211884,35.341824
2000-02-07,278.989777,288.975983,0.419063
2000-02-08,278.654999,293.483734,0.308250
2000-02-09,280.317078,293.828888,0.000000
2000-02-10,282.109467,293.627411,0.000000
2000-02-11,285.201874,295.295837,0.000000
2000-02-12,286.511444,293.472473,0.000000
2000-02-13,286.110077,292.230896,1.613558
2000-02-14,285.910431,292.296936,0.000000
2000-02-15,283.404541,294.217590,0.000000
2000-02-16,286.403625,294.072388,0.000000
2000-02-17,287.996063,294.550568,2.699865
2000-02-18,286.372864,295.596222,9.306664
2000-02-19,284.530487,296.545593,0.000000
2000-02-20,282.585266,296.507385,0.000000
2000-02-21,282.298248,300.639954,0.000000
2000-02-22,287.764252,303.502594,0.000000
2000-02-23,288.397064,306.421600,0.000000
2000-02-24,289.977905,306.241394,0.778402
2000-02-25,282.381073,302.404816,1.403394
2000-02-26,275.609161,286.992645,0.000000
2000-02-27,275.648926,291.984131,0.000000
2000-02-28,281.556610,295.652130,0.000000
2000-02-29,279.804749,295.128052,0.000000
2000-03-01,278.052856,294.604004,0.000000
2000-03-02,283.030212,293.435486,0.000000
2000-03-03,275.061279,289.907196,0.000000
2000-03-04,275.923553,288.356293,0.000000
2000-03-05,278.024384,291.229462,0.000000
2000-03-06,280.394928,292.177399,0.000000
2000-03-07,283.131470,291.818695,0.933648
2000-03-08,284.384674,292.623383,1.857186
2000-03-09,282.342194,298.687439,0.000000
2000-03-10,283.474945,298.681824,0.000000
2000-03-11,287.367920,298.219818,5.146575
2000-03-12,289.723419,300.926575,3.990341
2000-03-13,285.787079,299.903168,0.000000
2000-03-14,280.134064,298.916168,0.000000
2000-03-15,281.747467,297.583191,0.000000
2000-03-16,286.465912,298.393372,0.000000
2000-03-17,289.282135,295.965271,0.000000
2000-03-18,290.006989,297.428833,0.000000
2000-03-19,291.040527,302.385132,0.000000
2000-03-20,288.251312,301.123901,6.511389
2000-03-21,283.483948,301.082703,0.359077
2000-03-22,281.456421,299.505096,0.749943
2000-03-23,283.258301,297.180725,0.000000
2000-03-24,285.070374,297.298584,1.591110
2000-03-25,280.731171,300.320251,0.000000
2000-03-26,289.196411,302.294312,0.000000
2000-03-27,284.978943,302.624756,0.000000
2000-03-28,287.096100,304.331604,0.000000
2000-03-29,289.620941,304.827393,0.000000
2000-03-30,290.070923,305.259338,0.000000
2000-03-31,291.544098,304.691864,3.739176
2000-04-01,289.030060,299.682251,10.719255
2000-04-02,281.433594,298.472168,0.000000
2000-04-03,279.197510,296.385620,0.000000
2000-04-04,284.483490,301.796387,0.000000
2000-04-05,287.312042,301.449768,0.000000
2000-04-06,290.224243,302.466461,0.525877
2000-04-07,285.014954,303.355988,0.000000
2000-04-08,288.749847,305.169342,0.000000
2000-04-09,289.018158,304.731842,0.000000
2000-04-10,291.543610,305.381104,0.000000
2000-04-11,289.810852,305.341675,0.000000
2000-04-12,291.462219,308.603149,0.000000
2000-04-13,293.058350,308.141510,0.000000
2000-04-14,285.781525,301.789551,0.000000
2000-04-15,287.602234,301.599915,0.000000
2000-04-16,287.933868,301.880341,0.000000
2000-04-17,285.543182,297.467682,0.000000
2000-04-18,284.477448,300.033844,0.000000
2000-04-19,286.380890,305.548065,0.000000
2000-04-20,289.461761,307.786316,0.000000
2000-04-21,290.040955,307.503815,0.000000
2000-04-22,291.150330,306.635010,0.000000
2000-04-23,292.462219,304.721558,0.000000
2000-04-24,291.710205,302.393555,0.000000
2000-04-25,290.342712,304.294952,0.000000
2000-04-26,290.668976,305.060913,0.000000
2000-04-27,290.486206,307.790131,0.000000
2000-04-28,292.248322,307.661133,0.000000
2000-04-29,291.562256,298.461456,3.264533
2000-04-30,293.188843,296.754608,7.007710
2000-05-01,293.044250,296.081940,2.356327
2000-05-02,293.092316,298.952271,29.841543
2000-05-03,286.949860,298.846130,0.000000
2000-05-04,289.740906,299.371063,0.000000
2000-05-05,290.551727,300.755829,0.000000
2000-05-06,292.245972,302.627289,1.553946
2000-05-07,290.379608,303.649750,0.000000
2000-05-08,290.806580,303.010712,0.000000
2000-05-09,293.062836,303.496124,0.000000
2000-05-10,294.087860,303.946716,0.000000
2000-05-11,295.358978,302.390381,0.980536
2000-05-12,295.645294,302.523224,0.000000
2000-05-13,295.661499,301.503265,26.680851
2000-05-14,296.742706,301.650055,6.512239
2000-05-15,296.078003,300.820312,0.310738
2000-05-16,294.652618,303.846375,2.979894
2000-05-17,292.155975,303.048035,11.641748
2000-05-18,284.299988,301.576599,0.000000
2000-05-19,287.731445,304.174011,0.000000
2000-05-20,287.794281,304.826599,0.000000
2000-05-21,289.739594,305.988556,0.000000
2000-05-22,291.732941,306.713623,0.000000
2000-05-23,293.122589,307.760742,0.000000
2000-05-24,292.229736,307.024292,0.000000
2000-05-25,292.468872,307.907440,0.000000
2000-05-26,294.674103,307.197510,1.748851
2000-05-27,295.516144,305.898529,0.000000
2000-05-28,294.442108,306.082855,16.049641
2000-05-29,293.575500,306.352112,3.474503
2000-05-30,294.628662,307.662140,0.000000
2000-05-31,293.371979,306.670410,0.419251
2000-06-01,295.140594,306.477112,1.362428
2000-06-02,296.888428,307.905304,0.000000
2000-06-03,296.822540,308.169739,1.279869
2000-06-04,295.201263,306.905884,21.280479
2000-06-05,295.605530,305.946777,1.152199
2000-06-06,294.470764,307.783356,0.000000
2000-06-07,296.778168,310.323486,0.000000
2000-06-08,295.540375,310.932251,0.000000
2000-06-09,296.826385,310.700623,0.374141
2000-06-10,297.790771,311.327271,0.675588
2000-06-11,297.956177,311.001038,0.000000
2000-06-12,297.324280,311.625031,0.554876
2000-06-13,297.716370,312.828156,0.000000
2000-06-14,298.582855,313.746765,0.000000
2000-06-15,299.445221,312.135132,0.000000
2000-06-16,298.605530,312.484741,0.000000
2000-06-17,298.127655,312.152588,0.000000
2000-06-18,296.995270,311.143585,0.000000
2000-06-19,295.636261,308.147583,0.000000
2000-06-20,296.264832,308.618286,0.000000
2000-06-21,296.793976,308.641510,0.000000
2000-06-22,296.289093,307.433289,0.000000
2000-06-23,297.489838,308.198517,0.000000
2000-06-24,297.662872,308.873474,0.000000
2000-06-25,296.284241,308.500061,0.000000
2000-06-26,296.043793,308.029907,0.000000
2000-06-27,296.059998,309.075623,0.000000
2000-06-28,296.645416,310.248596,0.000000
2000-06-29,296.829315,309.682617,0.000000
2000-06-30,296.049042,306.408264,6.062371
2000-07-01,296.659332,307.946930,0.000000
2000-07-02,297.417542,310.830902,0.000000
2000-07-03,297.408997,311.416046,0.000000
2000-07-04,296.692749,311.504578,0.000000
2000-07-05,297.119446,311.238312,0.000000
2000-07-06,296.921143,309.489227,0.000000
2000-07-07,296.250854,309.454834,0.000000
2000-07-08,297.389160,311.728302,0.000000
2000-07-09,300.148560,313.863831,0.000000
2000-07-10,300.006042,314.431885,0.000000
2000-07-11,299.594849,313.894318,3.565366
2000-07-12,296.790741,306.363617,1.025758
2000-07-13,296.931641,307.205078,0.000000
2000-07-14,296.696960,307.024567,0.000000
2000-07-15,297.490540,308.547272,0.000000
2000-07-16,296.467285,308.166626,0.000000
2000-07-17,296.037659,309.528839,0.000000
2000-07-18,297.457123,311.756683,0.000000
2000-07-19,297.828522,312.397339,0.000000
2000-07-20,297.355499,312.100311,0.000000
2000-07-21,297.136658,311.120880,0.000000
2000-07-22,297.976990,311.290039,0.000000
2000-07-23,298.211517,312.990448,0.000000
2000-07-24,299.762512,313.723938,0.000000
2000-07-25,299.111786,313.682129,0.000000
2000-07-26,298.622528,311.152893,0.000000
2000-07-27,297.878143,309.378082,0.000000
2000-07-28,297.043091,309.061157,0.000000
2000-07-29,297.639740,309.072449,0.000000
2000-07-30,297.140839,309.267792,0.000000
2000-07-31,296.700378,307.405975,0.000000
2000-08-01,297.151215,309.962585,0.000000
2000-08-02,296.366364,310.409760,0.000000
2000-08-03,295.434692,310.786102,0.000000
2000-08-04,296.360748,312.803925,0.000000
2000-08-05,299.260132,313.625092,0.000000
2000-08-06,298.248596,313.421631,0.000000
2000-08-07,298.600433,313.440277,0.000000
2000-08-08,299.813324,314.467163,0.000000
2000-08-09,299.639282,316.023132,0.000000
2000-08-10,298.210022,313.904663,0.000000
2000-08-11,297.953522,310.474457,0.000000
2000-08-12,297.409790,309.978668,0.000000
2000-08-13,298.392975,310.149628,0.000000
2000-08-14,299.305511,312.086487,0.000000
2000-08-15,299.401245,312.099731,0.000000
2000-08-16,297.596252,312.070099,0.000000
2000-08-17,297.210205,313.328857,0.000000
2000-08-18,300.181152,314.477692,0.000000
2000-08-19,300.017242,314.355804,0.000000
2000-08-20,299.891541,314.009735,0.000000
2000-08-21,299.531403,312.545166,0.000000
2000-08-22,298.804138,313.241974,0.000000
2000-08-23,299.091217,314.471466,0.000000
2000-08-24,300.098785,314.491791,0.000000
2000-08-25,299.200073,314.333862,0.000000
2000-08-26,298.104706,310.490173,0.000000
2000-08-27,297.295349,308.650543,0.000000
2000-08-28,297.640930,309.886688,0.000000
2000-08-29,298.729675,310.119110,0.000000
2000-08-30,297.906555,309.536530,0.000000
2000-08-31,297.692047,307.728912,0.000000
2000-09-01,297.332581,307.844299,2.453835
2000-09-02,296.758148,306.856842,0.000000
2000-09-03,296.540680,306.025330,1.409549
2000-09-04,296.475098,306.253967,0.000000
2000-09-05,296.509766,309.196259,0.000000
2000-09-06,298.442963,313.759583,0.000000
2000-09-07,300.764313,314.542969,0.000000
2000-09-08,300.509064,313.624908,0.000000
2000-09-09,298.673920,311.063049,9.872280
2000-09-10,297.713165,307.914734,11.630407
2000-09-11,296.396606,307.483856,0.000000
2000-09-12,298.460785,308.969299,0.000000
2000-09-13,298.116760,309.603729,0.000000
2000-09-14,295.282837,308.860199,0.000000
2000-09-15,296.630310,308.428345,10.526259
2000-09-16,295.501648,303.771698,10.596456
2000-09-17,296.177460,303.270203,6.295316
2000-09-18,294.212677,304.611694,0.000000
2000-09-19,295.186096,304.891083,3.262628
2000-09-20,295.976562,304.968353,1.284222
2000-09-21,294.822083,308.630066,0.318518
2000-09-22,297.472137,308.620880,0.612725
2000-09-23,295.493439,306.575043,1.905903
2000-09-24,296.432648,306.339905,4.732428
2000-09-25,295.710114,304.712769,0.000000
2000-09-26,294.907776,301.618042,0.000000
2000-09-27,292.959290,300.957520,2.453361
2000-09-28,292.099609,305.314148,0.000000
2000-09-29,292.474457,306.412231,0.000000
2000-09-30,294.172791,307.256470,0.000000
2000-10-01,294.375519,307.279175,0.000000
2000-10-02,293.358704,306.953339,0.000000
2000-10-03,292.850891,304.007080,0.537250
2000-10-04,293.278412,305.423370,0.000000
2000-10-05,292.588074,305.758575,0.386329
2000-10-06,291.345520,306.039276,0.327678
2000-10-07,293.325165,304.525269,0.000000
2000-10-08,287.863525,303.144806,0.000000
2000-10-09,287.115967,302.166809,0.000000
2000-10-10,286.945190,303.099030,0.000000
2000-10-11,289.008392,302.799103,0.000000
2000-10-12,290.418274,297.782410,28.268421
2000-10-13,283.364838,294.153442,0.000000
2000-10-14,283.254669,299.506073,0.000000
2000-10-15,285.698059,300.816071,0.000000
2000-10-16,286.134216,302.229889,0.000000
2000-10-17,287.520142,302.390472,0.000000
2000-10-18,289.625000,305.737091,0.000000
2000-10-19,293.458801,301.591064,7.997424
2000-10-20,291.135498,301.550507,1.492172
2000-10-21,290.102814,299.598877,0.668007
2000-10-22,291.778717,298.048370,0.000000
2000-10-23,292.543701,296.773987,7.747612
2000-10-24,293.127075,295.461792,4.994418
2000-10-25,292.946075,298.477020,3.980412
2000-10-26,292.405396,298.907379,0.479926
2000-10-27,292.512604,299.973236,2.641792
2000-10-28,293.903259,300.117157,2.827120
2000-10-29,292.437195,298.924011,5.082720
2000-10-30,292.724304,299.340729,18.641945
2000-10-31,293.807831,299.438141,6.422310
2000-11-01,286.737793,299.172241,25.627153
2000-11-02,288.082214,294.721436,35.903652
2000-11-03,286.129028,293.542389,0.883862
2000-11-04,287.495911,293.381409,0.000000
2000-11-05,284.314148,293.891907,14.229897
2000-11-06,276.685547,286.409424,0.000000
2000-11-07,271.717163,282.605408,0.000000
2000-11-08,270.358398,286.760010,0.000000
2000-11-09,274.541779,294.130554,0.000000
2000-11-10,279.684692,294.567535,0.000000
2000-11-11,280.835968,297.216492,0.000000
2000-11-12,284.040558,300.895172,0.000000
2000-11-13,285.214935,301.808624,0.000000
2000-11-14,286.962952,300.548889,0.000000
2000-11-15,284.155365,297.875061,0.000000
2000-11-16,283.356445,298.293365,0.000000
2000-11-17,284.924072,295.410675,0.950581
2000-11-18,288.485352,297.578766,0.000000
2000-11-19,287.147888,297.955017,0.000000
2000-11-20,285.937714,298.647003,0.000000
2000-11-21,289.648499,298.077057,0.000000
2000-11-22,286.323792,296.110413,1.643234
2000-11-23,280.778839,293.630035,0.000000
2000-11-24,282.408295,297.403442,0.000000
2000-11-25,288.587616,297.221375,0.328589
2000-11-26,290.474487,297.398346,2.806937
2000-11-27,288.923340,298.139435,5.792837
2000-11-28,289.341949,298.816589,0.000000
2000-11-29,289.021729,298.479828,0.000000
2000-11-30,288.656952,298.576721,0.000000
2000-12-01,288.231781,297.856689,0.000000
2000-12-02,288.727417,299.597473,0.000000
2000-12-03,288.871918,300.702026,0.000000
2000-12-04,290.545990,300.647644,2.127469
2000-12-05,291.095825,299.784424,0.000000
2000-12-06,290.177887,299.077667,3.016300
2000-12-07,285.379700,299.181458,0.377686
2000-12-08,276.699127,291.252808,0.847051
2000-12-09,279.011810,289.087463,0.000000
2000-12-10,283.224396,289.309814,0.000000
2000-12-11,283.195465,289.233856,0.000000
2000-12-12,284.796570,291.655090,0.667124
2000-12-13,285.483795,292.335876,0.000000
2000-12-14,287.497559,296.587494,2.945314
2000-12-15,286.949158,294.591736,12.462221
2000-12-16,286.489380,296.580566,0.000000
2000-12-17,282.444611,292.989136,0.000000
2000-12-18,279.539734,293.822327,0.000000
2000-12-19,279.642548,293.538361,0.000000
2000-12-20,282.552917,292.153931,0.000000
2000-12-21,279.180389,288.388550,0.000000
2000-12-22,280.792694,289.377930,0.000000
2000-12-23,282.653839,290.653931,0.000000
2000-12-24,283.625275,290.279327,0.000000
2000-12-25,285.160461,295.416107,0.000000
2000-12-26,281.280823,296.969879,0.000000
2000-12-27,284.376984,299.912689,0.000000
2000-12-28,286.194092,298.654572,0.000000
2000-12-29,282.469604,298.802490,0.000000
2000-12-30,284.050629,300.526947,0.000000
2000-12-31,285.421143,300.426025,0.000000
2001-01-01,286.767395,298.653229,1.385315
2001-01-02,287.276581,295.512329,3.833868
2001-01-03,286.260803,298.680267,0.351933
2001-01-04,275.719238,291.524353,3.503169
2001-01-05,275.392029,282.520538,7.789189
2001-01-06,273.332153,281.819580,5.391653
2001-01-07,274.345825,281.492493,0.000000
2001-01-08,272.984344,281.435486,0.000000
2001-01-09,273.002869,280.624847,0.000000
2001-01-10,272.604156,279.918884,3.637155
2001-01-11,271.209808,278.251770,8.714236
2001-01-12,269.813599,283.505005,0.000000
2001-01-13,273.303925,286.974579,0.000000
2001-01-14,276.313843,290.811462,0.682671
2001-01-15,276.272705,291.619629,0.000000
2001-01-16,278.755280,292.056549,0.973646
2001-01-17,266.586060,290.693451,2.747816
2001-01-18,268.990265,278.549622,0.000000
2001-01-19,270.917664,280.441956,0.000000
2001-01-20,270.144867,281.760742,0.000000
2001-01-21,272.307678,289.308533,0.000000
2001-01-22,275.504333,289.943665,0.000000
2001-01-23,276.768951,291.315765,0.000000
2001-01-24,277.200134,289.827454,0.000000
2001-01-25,272.494965,286.580536,0.000000
2001-01-26,277.302216,288.898041,0.000000
2001-01-27,284.039246,298.297668,0.341821
2001-01-28,281.825500,298.051941,0.759401
2001-01-29,276.327179,289.857361,0.000000
2001-01-30,273.791962,286.990845,0.000000
2001-01-31,270.513641,284.528748,0.000000
2001-02-01,272.260040,289.620911,0.000000
2001-02-02,275.868378,292.755615,0.000000
2001-02-03,266.819794,292.926331,12.762339
2001-02-04,264.621307,270.313629,0.000000
2001-02-05,265.851105,281.020630,0.000000
2001-02-06,270.719299,288.121643,0.000000
2001-02-07,271.018585,285.354645,0.000000
2001-02-08,271.574310,292.777527,0.000000
2001-02-09,277.114136,293.539856,0.000000
2001-02-10,276.517792,297.895264,0.000000
2001-02-11,280.163513,296.673798,0.000000
2001-02-12,275.685760,291.364166,0.000000
2001-02-13,278.153961,293.200287,0.000000
2001-02-14,281.016022,297.464569,0.000000
2001-02-15,284.675262,297.160065,0.000000
2001-02-16,287.414490,295.138184,0.579747
2001-02-17,282.347412,298.591583,0.572838
2001-02-18,284.759796,297.908875,1.491767
2001-02-19,284.685913,296.464752,1.701544
2001-02-20,280.203735,290.769623,0.000000
2001-02-21,276.892059,291.882080,0.000000
2001-02-22,281.007660,290.735046,8.552279
2001-02-23,277.622528,285.843689,2.209466
2001-02-24,277.830383,293.754639,0.000000
2001-02-25,278.953217,296.195648,0.000000
2001-02-26,283.912048,300.914673,0.447495
2001-02-27,283.150391,300.256470,0.000000
2001-02-28,280.904297,292.756012,9.073547
2001-03-01,280.264648,291.918335,0.000000
2001-03-02,274.400208,291.671875,0.000000
2001-03-03,277.145172,281.924072,1.540212
2001-03-04,278.166199,288.832214,0.633776
2001-03-05,279.980682,289.098572,0.000000
2001-03-06,284.481262,295.976898,0.000000
2001-03-07,280.821014,295.299072,0.000000
2001-03-08,280.864258,297.127045,0.000000
2001-03-09,282.325226,300.135132,0.000000
2001-03-10,286.839203,301.447235,0.000000
2001-03-11,288.031158,301.554535,0.000000
2001-03-12,287.770538,301.966522,0.478165
2001-03-13,281.283600,298.587952,0.552842
2001-03-14,281.184509,299.708801,0.000000
2001-03-15,286.286530,302.976959,0.984081
2001-03-16,277.287811,301.578369,0.000000
2001-03-17,273.524292,286.724487,0.000000
2001-03-18,275.801636,291.900238,0.000000
2001-03-19,278.865387,295.839264,0.000000
2001-03-20,283.328949,298.377777,0.000000
2001-03-21,287.529449,297.576721,0.000000
2001-03-22,288.467499,294.927124,0.956132
2001-03-23,280.592010,295.332214,23.089981
2001-03-24,275.223267,284.956268,6.835536
2001-03-25,273.128052,288.092773,0.000000
2001-03-26,277.100677,294.200989,0.000000
2001-03-27,280.385315,294.185211,0.000000
2001-03-28,277.804871,294.441528,0.000000
2001-03-29,282.169159,299.897156,0.000000
2001-03-30,285.952576,301.096832,0.000000
2001-03-31,287.779022,303.755463,0.000000
2001-04-01,285.745667,303.373657,0.000000
2001-04-02,289.461243,304.956940,0.000000
2001-04-03,289.987793,304.571045,0.000000
2001-04-04,285.391174,299.609497,0.000000
2001-04-05,287.747437,298.657043,0.000000
2001-04-06,289.031372,296.377625,0.000000
2001-04-07,289.619873,300.927032,4.401251
2001-04-08,287.845978,299.825684,1.581934
2001-04-09,282.311981,288.739136,24.619200
2001-04-10,279.561951,289.756256,0.000000
2001-04-11,279.754669,295.807617,0.000000
2001-04-12,282.262360,297.366302,0.000000
2001-04-13,280.790039,299.377167,0.000000
2001-04-14,284.334045,303.016571,0.000000
2001-04-15,287.528259,302.724121,0.000000
2001-04-16,286.835144,303.229401,0.000000
2001-04-17,287.606079,304.073669,0.000000
2001-04-18,288.601868,304.841797,0.000000
2001-04-19,288.510895,304.304626,0.000000
2001-04-20,290.039215,304.009644,0.000000
2001-04-21,290.246063,305.343445,0.000000
2001-04-22,289.306793,309.137604,0.000000
2001-04-23,292.388275,309.074890,0.000000
2001-04-24,293.118256,309.060394,0.000000
2001-04-25,292.018188,301.751221,0.000000
2001-04-26,288.205383,300.465118,0.000000
2001-04-27,289.689667,302.510742,0.652368
2001-04-28,292.568542,303.116211,2.993509
2001-04-29,285.485199,301.339172,3.199466
2001-04-30,286.006226,302.971863,0.000000
2001-05-01,286.684784,304.328552,0.000000
2001-05-02,288.928223,304.538177,0.000000
2001-05-03,289.831696,305.384033,0.000000
2001-05-04,290.832031,306.571716,0.000000
2001-05-05,292.315491,307.880280,0.000000
2001-05-06,292.894012,307.977936,0.000000
2001-05-07,294.295013,308.263641,0.000000
2001-05-08,293.571869,308.779755,0.000000
2001-05-09,293.970856,307.740417,0.000000
2001-05-10,294.839783,306.901520,0.000000
2001-05-11,294.165344,305.326691,0.000000
2001-05-12,293.747253,306.446411,0.000000
2001-05-13,293.853302,304.763794,0.000000
2001-05-14,293.404419,307.022461,0.582300
2001-05-15,292.761475,308.279114,0.000000
2001-05-16,294.006134,310.163239,0.000000
2001-05-17,295.241943,310.600098,0.000000
2001-05-18,295.136017,310.111847,0.000000
2001-05-19,294.854980,304.183533,26.163450
2001-05-20,294.999054,298.899170,45.300945
2001-05-21,294.546936,299.226227,8.665296
2001-05-22,295.391815,300.391327,0.000000
2001-05-23,294.813660,302.558441,0.503277
2001-05-24,293.414032,301.818512,34.409672
2001-05-25,291.748108,296.467133,7.427946
2001-05-26,294.097534,301.217804,0.000000
2001-05-27,294.030640,301.777740,0.000000
2001-05-28,293.839539,300.776062,0.000000
2001-05-29,293.772095,302.489624,0.371841
2001-05-30,292.018982,302.961609,5.798694
2001-05-31,289.264893,301.558502,0.000000
2001-06-01,290.273071,305.219482,0.000000
2001-06-02,292.643127,306.311951,0.000000
2001-06-03,293.462860,305.517303,14.005286
2001-06-04,294.015381,305.479767,0.000000
2001-06-05,293.703949,307.960205,0.000000
2001-06-06,295.109863,307.282410,0.000000
2001-06-07,295.000336,305.780304,5.214706
2001-06-08,294.219116,305.558411,11.761533
2001-06-09,292.093140,300.953461,29.760225
2001-06-10,290.850983,296.225311,39.719391
2001-06-11,289.139709,301.646881,0.000000
2001-06-12,293.525360,304.454742,0.000000
2001-06-13,295.884735,304.048279,0.000000
2001-06-14,294.793182,307.321075,0.444499
2001-06-15,295.354126,305.667755,0.000000
2001-06-16,295.600647,304.984192,0.287273
2001-06-17,295.350189,302.068024,5.895094
2001-06-18,296.336426,302.693268,5.520146
2001-06-19,296.710419,301.745941,30.402786
2001-06-20,294.873779,296.297180,31.815855
2001-06-21,293.663452,299.452423,72.578423
2001-06-22,294.603790,298.861877,34.343582
2001-06-23,294.650146,300.034943,29.009781
2001-06-24,295.294220,303.346039,5.408211
2001-06-25,293.833557,302.824188,0.000000
2001-06-26,295.477081,303.357422,0.000000
2001-06-27,295.860138,309.535065,0.000000
2001-06-28,296.865906,310.251373,0.000000
2001-06-29,296.599945,308.710876,0.000000
2001-06-30,295.335541,306.589264,2.453730
2001-07-01,296.222260,307.666473,2.880942
2001-07-02,295.948456,307.716736,1.669468
2001-07-03,295.856049,303.829987,0.000000
2001-07-04,295.073792,304.055481,0.000000
2001-07-05,296.040771,305.458801,0.000000
2001-07-06,295.524017,304.909271,0.000000
2001-07-07,296.075897,305.605011,0.000000
2001-07-08,295.333313,307.501770,0.639416
2001-07-09,295.609253,309.346680,0.000000
2001-07-10,294.993958,308.997406,0.000000
2001-07-11,295.373993,309.646240,0.000000
2001-07-12,297.883087,311.167694,0.000000
2001-07-13,298.134003,311.155670,0.000000
2001-07-14,297.212524,311.766907,0.000000
2001-07-15,297.561157,311.369629,0.000000
2001-07-16,296.977478,309.753296,0.000000
2001-07-17,296.332550,307.751160,0.000000
2001-07-18,296.516449,308.887054,0.000000
2001-07-19,296.539734,308.810577,0.000000
2001-07-20,297.111145,309.357635,0.000000
2001-07-21,297.135254,309.828766,0.307672
2001-07-22,296.796661,308.981567,0.356849
2001-07-23,296.318756,307.521393,16.291073
2001-07-24,295.100098,308.437988,0.000000
2001-07-25,294.757111,307.785004,0.680803
2001-07-26,295.261017,308.228363,0.000000
2001-07-27,295.704224,309.382507,0.000000
2001-07-28,294.714050,308.939331,0.000000
2001-07-29,294.940247,307.434601,0.000000
2001-07-30,294.335419,308.078094,0.000000
2001-07-31,296.121552,310.598602,0.000000
2001-08-01,295.983307,310.117950,0.000000
2001-08-02,295.338104,309.502655,0.000000
2001-08-03,295.384186,309.271667,0.000000
2001-08-04,296.046661,309.936554,0.000000
2001-08-05,297.130219,310.010406,0.000000
2001-08-06,298.186310,309.794006,0.000000
2001-08-07,297.712585,306.573730,1.110746
2001-08-08,297.174561,305.378845,4.599678
2001-08-09,295.929901,308.554749,2.245776
2001-08-10,294.619293,309.415649,0.000000
2001-08-11,295.921478,311.168518,0.000000
2001-08-12,296.242065,311.840302,0.000000
2001-08-13,298.016418,312.689911,0.000000
2001-08-14,299.553497,312.532104,0.000000
2001-08-15,297.246765,311.492950,0.000000
2001-08-16,296.657562,310.248627,0.000000
2001-08-17,296.532135,308.960724,0.000000
2001-08-18,297.324402,308.491852,0.000000
2001-08-19,297.614288,309.645508,0.000000
2001-08-20,296.653046,310.947021,0.000000
2001-08-21,297.340759,312.253510,0.000000
2001-08-22,295.342285,311.869720,0.000000
2001-08-23,295.960022,311.832611,0.000000
2001-08-24,296.354065,312.348724,0.000000
2001-08-25,298.104767,312.304321,0.000000
2001-08-26,298.460938,312.251709,0.000000
2001-08-27,297.014893,312.549011,0.000000
2001-08-28,296.634918,310.770630,0.000000
2001-08-29,296.476685,309.590668,0.000000
2001-08-30,296.596161,309.589508,0.000000
2001-08-31,295.010742,308.194824,3.383248
2001-09-01,295.273315,306.074371,4.373804
2001-09-02,295.260498,307.839050,0.000000
2001-09-03,295.492493,307.372559,0.000000
2001-09-04,295.550110,305.488037,0.000000
2001-09-05,295.895477,305.623779,2.118686
2001-09-06,295.415558,307.190491,0.000000
2001-09-07,297.076569,307.917816,0.000000
2001-09-08,297.343384,307.628845,0.000000
2001-09-09,296.252747,307.376495,0.298531
2001-09-10,295.351044,306.514252,6.947409
2001-09-11,295.916656,306.299896,1.065442
2001-09-12,296.242950,306.980896,0.000000
2001-09-13,295.138885,308.214203,0.000000
2001-09-14,295.630554,307.893646,0.000000
2001-09-15,294.913361,306.659515,0.000000
2001-09-16,294.013794,307.061096,1.477485
2001-09-17,295.385162,307.337311,2.358961
2001-09-18,294.985229,307.517761,5.327957
2001-09-19,292.153961,302.817261,0.416707
2001-09-20,291.821564,304.954529,0.673903
2001-09-21,294.607086,306.756805,0.000000
2001-09-22,295.346039,307.791290,0.000000
2001-09-23,295.283722,307.752747,0.000000
2001-09-24,295.210571,307.342682,0.000000
2001-09-25,294.485535,306.712708,0.000000
2001-09-26,296.133148,305.471069,3.126703
2001-09-27,292.819550,305.748840,0.000000
2001-09-28,291.975433,306.057892,0.000000
2001-09-29,291.870880,306.103271,0.000000
2001-09-30,292.120087,303.138184,96.310120
2001-10-01,290.852570,300.332336,25.679146
2001-10-02,293.810577,303.532288,0.000000
2001-10-03,292.150696,303.277222,0.000000
2001-10-04,293.096863,302.876740,3.218458
2001-10-05,292.050049,302.349487,0.668295
2001-10-06,291.241180,302.852875,0.000000
2001-10-07,294.035370,301.299805,4.039289
2001-10-08,292.898651,302.165649,0.000000
2001-10-09,292.299835,302.470917,5.908441
2001-10-10,291.303741,301.541687,4.709198
2001-10-11,285.227844,300.535828,6.403222
2001-10-12,284.341888,298.589325,0.000000
2001-10-13,286.363007,299.867523,0.000000
2001-10-14,281.880402,298.566254,0.000000
2001-10-15,283.806030,298.169495,0.000000
2001-10-16,287.750916,300.129181,0.565041
2001-10-17,285.247223,299.794922,0.000000
2001-10-18,288.590454,303.543396,0.000000
2001-10-19,284.178040,299.101135,0.000000
2001-10-20,282.374847,292.997131,0.000000
2001-10-21,284.669800,299.293793,0.000000
2001-10-22,291.347687,300.094696,9.497359
2001-10-23,284.874481,297.174255,0.000000
2001-10-24,289.366028,297.637268,28.194572
2001-10-25,290.628876,302.818268,0.000000
2001-10-26,290.685669,301.992432,3.332823
2001-10-27,292.609497,302.889618,0.621584
2001-10-28,284.272583,300.374023,0.000000
2001-10-29,287.408661,297.891357,0.000000
2001-10-30,281.136017,297.597046,0.000000
2001-10-31,282.037598,297.180878,0.000000
2001-11-01,283.204956,298.929443,0.000000
2001-11-02,290.409515,300.361908,0.724862
2001-11-03,287.593628,300.558777,3.595306
2001-11-04,284.704132,295.216309,0.000000
2001-11-05,286.799316,298.551758,0.000000
2001-11-06,272.412872,293.428436,0.000000
2001-11-07,271.884949,287.367828,0.000000
2001-11-08,275.987640,291.820953,0.000000
2001-11-09,280.148651,290.902985,0.000000
2001-11-10,279.449677,290.708282,0.000000
2001-11-11,278.213226,291.559967,0.000000
2001-11-12,283.223816,292.514771,0.455768
2001-11-13,280.135834,288.058777,0.000000
2001-11-14,281.098694,290.725952,2.544620
2001-11-15,287.016418,296.321716,9.901612
2001-11-16,281.365540,296.678802,0.000000
2001-11-17,282.823914,296.071381,0.000000
2001-11-18,280.482361,294.109039,0.000000
2001-11-19,279.353973,290.379639,17.641769
2001-11-20,279.569977,291.984375,14.302340
2001-11-21,274.663177,282.651001,0.000000
2001-11-22,274.864288,282.677917,0.000000
2001-11-23,277.037323,289.942749,0.782577
2001-11-24,286.231598,297.720306,0.952571
2001-11-25,278.815735,296.910950,3.425713
2001-11-26,274.254181,282.514282,1.150076
2001-11-27,270.952209,284.391022,0.000000
2001-11-28,270.886353,289.640411,0.000000
2001-11-29,273.228577,288.877441,0.000000
2001-11-30,277.926392,292.429016,0.000000
2001-12-01,281.244446,292.109558,0.000000
2001-12-02,284.519989,293.811646,2.200926
2001-12-03,279.388641,291.882141,0.000000
2001-12-04,276.525604,292.268066,0.000000
2001-12-05,279.039124,297.627380,0.000000
2001-12-06,281.669556,294.944519,0.000000
2001-12-07,287.500946,296.102905,0.529563
2001-12-08,282.099152,295.543610,0.000000
2001-12-09,283.035553,298.193634,0.000000
2001-12-10,277.690765,297.210632,0.000000
2001-12-11,273.813080,285.243134,0.000000
2001-12-12,275.739868,283.825470,3.474541
2001-12-13,272.351440,281.213715,0.000000
2001-12-14,270.870575,280.655273,0.000000
2001-12-15,271.241150,280.709869,0.000000
2001-12-16,268.541962,283.504272,0.000000
2001-12-17,270.899811,288.052521,0.000000
2001-12-18,275.657349,292.717377,0.000000
2001-12-19,276.635376,295.253601,0.000000
2001-12-20,283.183746,293.111298,0.620757
2001-12-21,278.431091,292.818146,2.524965
2001-12-22,277.080475,292.870850,0.000000
2001-12-23,279.156403,295.278503,0.000000
2001-12-24,272.271820,292.879303,3.418464
2001-12-25,275.936188,282.417908,6.235383
2001-12-26,275.388000,284.100098,53.610622
2001-12-27,271.704834,278.049713,4.518980
2001-12-28,269.181610,283.436584,0.000000
2001-12-29,274.482056,282.859009,0.000000
2001-12-30,274.613434,281.816925,0.000000
2001-12-31,275.004456,284.287415,1.607989
2002-01-01,274.745758,289.297546,0.000000
2002-01-02,275.812592,289.248810,0.000000
2002-01-03,279.921753,287.810608,1.823877
2002-01-04,279.719208,289.510193,0.349744
2002-01-05,282.288788,293.679199,0.000000
2002-01-06,285.776398,296.087646,0.330579
2002-01-07,282.076874,298.041534,0.538559
2002-01-08,284.352692,298.265076,0.000000
2002-01-09,282.615021,295.712128,0.000000
2002-01-10,282.302856,296.800232,0.000000
2002-01-11,279.241821,296.167480,0.000000
2002-01-12,272.944122,284.883453,0.000000
2002-01-13,271.235443,282.861786,0.000000
2002-01-14,273.419434,287.239929,0.000000
2002-01-15,276.622467,291.521057,0.000000
2002-01-16,276.907349,289.500305,0.000000
2002-01-17,282.145721,288.068329,22.453026
2002-01-18,281.207153,286.827545,18.817715
2002-01-19,276.880951,292.555511,0.822833
2002-01-20,281.498291,296.359802,0.000000
2002-01-21,280.691162,292.578888,0.000000
2002-01-22,277.831787,290.088013,0.000000
2002-01-23,275.049835,288.353180,0.000000
2002-01-24,275.388947,291.940979,0.000000
2002-01-25,279.966644,298.186523,0.000000
2002-01-26,278.963654,295.343842,0.000000
2002-01-27,282.377502,294.157959,0.000000
2002-01-28,285.400330,294.759918,0.000000
2002-01-29,277.750702,292.252899,0.000000
2002-01-30,276.838409,287.540466,0.285234
2002-01-31,277.335388,291.592438,0.000000
2002-02-01,277.476715,296.424286,0.283179
2002-02-02,278.752777,293.794281,0.000000
2002-02-03,273.088074,282.348419,0.000000
2002-02-04,272.403473,278.656403,6.236111
2002-02-05,272.450165,279.472626,6.681461
2002-02-06,266.111481,272.910553,0.350549
2002-02-07,268.166992,277.008972,0.000000
2002-02-08,270.542603,285.482300,0.000000
2002-02-09,274.027374,287.829498,0.000000
2002-02-10,272.635345,287.072021,0.000000
2002-02-11,274.520294,286.204010,0.000000
2002-02-12,270.601105,275.458405,0.000000
2002-02-13,270.671539,279.466217,0.000000
2002-02-14,275.295563,280.593811,26.013298
2002-02-15,272.680023,283.824066,8.087315
2002-02-16,272.928406,288.778534,0.000000
2002-02-17,274.594910,288.057343,0.000000
2002-02-18,274.238953,284.002380,0.000000
2002-02-19,278.372101,288.403961,5.150022
2002-02-20,281.801270,287.942963,5.113704
2002-02-21,278.254730,289.841949,0.877698
2002-02-22,279.972778,289.848572,2.684423
2002-02-23,276.274353,284.989471,0.000000
2002-02-24,277.045837,288.794708,0.000000
2002-02-25,283.000000,295.191895,2.119103
2002-02-26,279.088623,292.583527,1.579139
2002-02-27,272.266876,284.105927,0.000000
2002-02-28,272.228180,283.302002,0.000000
2002-03-01,273.818695,286.448273,0.000000
2002-03-02,278.908081,284.712219,5.618739
2002-03-03,277.907257,284.433868,11.180884
2002-03-04,277.081757,281.239197,5.362047
2002-03-05,275.753296,281.956818,0.000000
2002-03-06,272.328491,284.547943,0.000000
2002-03-07,270.532227,281.614624,0.000000
2002-03-08,272.954559,285.723999,0.000000
2002-03-09,275.327454,292.644226,0.000000
2002-03-10,282.776947,293.211884,1.747752
2002-03-11,276.018799,293.169647,0.000000
2002-03-12,275.584167,293.652313,0.000000
2002-03-13,282.710205,294.306519,0.000000
2002-03-14,284.835999,299.353302,0.000000
2002-03-15,286.935669,299.063354,1.833624
2002-03-16,288.002045,296.828278,4.268004
2002-03-17,279.523468,296.432281,1.453821
2002-03-18,284.462402,294.328613,6.637556
2002-03-19,289.329803,297.858978,7.890335
2002-03-20,287.567963,295.531921,2.824378
2002-03-21,278.166046,292.463928,0.000000
2002-03-22,278.050903,295.336487,0.000000
2002-03-23,280.968445,296.375854,0.000000
2002-03-24,281.099060,300.103729,0.000000
2002-03-25,284.776917,299.322815,0.000000
2002-03-26,286.552185,298.435822,0.000000
2002-03-27,287.208832,297.651184,0.000000
2002-03-28,284.249298,295.569275,0.000000
2002-03-29,285.538513,293.588257,0.000000
2002-03-30,287.615784,294.168610,0.466172
2002-03-31,289.616150,298.709930,0.000000
2002-04-01,288.459656,300.198364,0.000000
2002-04-02,287.492737,301.259644,0.000000
2002-04-03,288.251801,301.341339,0.000000
2002-04-04,287.068573,302.276367,4.904796
2002-04-05,287.529022,303.090027,1.080882
2002-04-06,289.361694,302.550507,0.000000
2002-04-07,282.167816,302.521454,0.000000
2002-04-08,289.413818,303.249786,0.000000
2002-04-09,287.859497,304.726562,0.000000
2002-04-10,289.535187,304.652679,0.000000
2002-04-11,292.121979,302.376892,3.540745
2002-04-12,291.669586,294.716278,0.000000
2002-04-13,292.190430,301.071777,1.272441
2002-04-14,288.115845,300.945068,1.110262
2002-04-15,280.127899,297.595154,0.000000
2002-04-16,287.461609,298.495941,0.000000
2002-04-17,290.824432,299.249359,0.000000
2002-04-18,291.103027,299.345703,0.000000
2002-04-19,291.145538,299.697723,12.276455
2002-04-20,282.597839,301.326477,1.979951
2002-04-21,280.788361,292.372467,0.000000
2002-04-22,279.135223,295.268951,0.000000
2002-04-23,282.646973,299.025726,0.000000
2002-04-24,285.163879,298.605438,9.615543
2002-04-25,289.023071,299.236298,0.000000
2002-04-26,291.321259,298.693207,15.066663
2002-04-27,290.196533,300.309875,12.505363
2002-04-28,290.640900,300.548309,12.403626
2002-04-29,287.450317,303.362427,0.000000
2002-04-30,288.569458,303.888458,0.000000
2002-05-01,287.962585,302.048279,4.459383
2002-05-02,291.753265,299.897675,5.783335
2002-05-03,290.918610,303.621399,0.513936
2002-05-04,291.015381,303.633820,1.839515
2002-05-05,289.785583,304.047028,1.460004
2002-05-06,291.602783,302.488342,1.827142
2002-05-07,290.417297,304.075500,0.000000
2002-05-08,290.626617,305.505859,1.777188
2002-05-09,291.858063,302.156433,0.000000
2002-05-10,292.228851,301.492798,0.000000
2002-05-11,292.582642,298.837128,0.000000
2002-05-12,292.192657,302.278381,10.917832
2002-05-13,290.995331,299.094360,8.444917
2002-05-14,291.819336,301.368408,0.929389
2002-05-15,291.864014,300.678802,0.454341
2002-05-16,292.932831,297.720551,0.434938
2002-05-17,291.786865,299.219238,4.774772
2002-05-18,291.967255,297.042450,5.718552
2002-05-19,292.617249,299.882568,2.847189
2002-05-20,291.981140,302.753784,0.000000
2002-05-21,292.388672,302.488098,0.000000
2002-05-22,292.417236,298.868042,1.906534
2002-05-23,294.548767,297.276123,0.000000
2002-05-24,293.512207,296.739166,2.750707
2002-05-25,293.036285,296.929077,0.750132
2002-05-26,292.956879,297.829376,0.000000
2002-05-27,292.776917,298.885376,39.635376
2002-05-28,295.030396,297.067169,4.442104
2002-05-29,295.339661,301.469360,0.313869
2002-05-30,295.421692,301.650360,0.846851
2002-05-31,295.401398,299.316833,0.922949
2002-06-01,295.276855,298.192078,33.662239
2002-06-02,293.946320,300.597992,0.000000
2002-06-03,292.467773,300.952026,0.000000
2002-06-04,289.616943,302.961609,0.000000
2002-06-05,288.363831,304.614471,0.000000
2002-06-06,289.896271,304.968964,0.000000
2002-06-07,289.159271,305.664978,0.000000
2002-06-08,290.924072,306.393005,0.000000
2002-06-09,292.630646,306.507080,0.000000
2002-06-10,295.726593,306.532135,0.434966
2002-06-11,296.040955,305.388397,0.440105
2002-06-12,296.055725,303.053986,18.906778
2002-06-13,296.424133,303.780060,10.388021
2002-06-14,294.730011,305.512054,0.551092
2002-06-15,291.912537,303.967957,2.362611
2002-06-16,293.838226,303.354431,8.153704
2002-06-17,295.527130,302.200348,1.668266
2002-06-18,296.688782,302.687195,5.614830
2002-06-19,293.816833,301.670288,25.362955
2002-06-20,292.093658,302.407349,13.963078
2002-06-21,290.453766,304.339935,1.590379
2002-06-22,289.576691,308.330414,0.000000
2002-06-23,293.275208,309.154144,0.000000
2002-06-24,294.164581,308.654602,0.000000
2002-06-25,295.374084,306.316437,0.316810
2002-06-26,295.772003,306.332123,0.000000
2002-06-27,295.573090,305.772308,0.292128
2002-06-28,295.632812,304.518188,0.000000
2002-06-29,295.300262,307.024231,7.791302
2002-06-30,293.943024,305.947876,0.995932
2002-07-01,292.994781,306.450623,0.000000
2002-07-02,294.241150,306.839294,0.000000
2002-07-03,294.721283,306.488953,3.714017
2002-07-04,295.008759,306.771240,0.000000
2002-07-05,295.429291,307.482452,0.000000
2002-07-06,294.621124,306.646729,2.444880
2002-07-07,295.237762,300.491425,13.087671
2002-07-08,294.934052,305.520020,6.151614
2002-07-09,295.387787,310.958984,1.076585
2002-07-10,294.697510,309.824951,0.000000
2002-07-11,294.508881,307.882385,0.000000
2002-07-12,297.120056,311.663666,0.000000
2002-07-13,297.178345,312.622009,0.000000
2002-07-14,295.376953,312.059113,1.331269
2002-07-15,296.243378,309.962250,0.000000
2002-07-16,294.930206,308.310394,0.000000
2002-07-17,295.370239,308.449249,0.000000
2002-07-18,295.103485,307.899994,0.000000
2002-07-19,294.784027,305.947937,0.560976
2002-07-20,295.655762,304.483612,11.174946
2002-07-21,295.889130,304.453827,0.000000
2002-07-22,294.522766,303.945374,32.042320
2002-07-23,294.617767,305.939667,9.276567
2002-07-24,294.561829,305.818268,9.261174
2002-07-25,295.441559,306.076904,0.000000
2002-07-26,295.730347,308.269165,0.000000
2002-07-27,296.016998,307.891357,0.000000
2002-07-28,296.619232,309.999512,2.061383
2002-07-29,296.406158,309.456848,0.000000
2002-07-30,295.806488,306.469696,1.219895
2002-07-31,296.934937,306.733276,7.640592
2002-08-01,295.867218,307.235291,1.002630
2002-08-02,296.528687,307.219482,4.498196
2002-08-03,296.851624,305.199097,1.354057
2002-08-04,295.787811,306.903290,0.000000
2002-08-05,295.146240,309.635681,0.000000
2002-08-06,297.816925,312.771362,0.000000
2002-08-07,296.146271,310.547913,1.816718
2002-08-08,297.280090,308.013641,1.858905
2002-08-09,296.248230,312.537476,0.000000
2002-08-10,298.228119,313.835724,0.000000
2002-08-11,298.555542,313.571930,0.000000
2002-08-12,299.274200,313.881836,1.192789
2002-08-13,297.705933,313.299316,0.000000
2002-08-14,296.617126,312.231384,0.000000
2002-08-15,296.213531,311.644775,0.000000
2002-08-16,295.957703,312.186127,0.000000
2002-08-17,296.064301,311.743591,0.000000
2002-08-18,294.074554,309.225281,0.000000
2002-08-19,294.428467,308.551910,1.280487
2002-08-20,293.263733,309.069458,0.000000
2002-08-21,293.691345,310.917908,0.000000
2002-08-22,291.870331,311.348175,0.000000
2002-08-23,291.884460,311.613220,0.000000
2002-08-24,297.026062,312.359802,0.000000
2002-08-25,296.817108,313.577026,0.000000
2002-08-26,297.334564,313.625916,0.000000
2002-08-27,296.336853,312.990845,0.000000
2002-08-28,296.336212,311.815399,0.000000
2002-08-29,296.790161,311.121094,0.000000
2002-08-30,293.337616,310.945007,1.619126
2002-08-31,293.970856,304.221985,9.498503
2002-09-01,293.726776,306.623840,0.000000
2002-09-02,295.508087,308.581055,0.758827
2002-09-03,292.415253,308.023956,0.000000
2002-09-04,292.113007,306.515442,0.000000
2002-09-05,292.131470,307.534332,0.000000
2002-09-06,293.464081,308.519226,0.000000
2002-09-07,294.450989,308.785126,0.000000
2002-09-08,293.811859,308.429962,7.306533
2002-09-09,292.481506,306.884979,0.789339
2002-09-10,296.258057,307.034393,1.220189
2002-09-11,295.190002,306.042572,0.682557
2002-09-12,295.396790,306.742920,0.000000
2002-09-13,296.527405,310.321960,0.000000
2002-09-14,294.949982,309.399261,0.000000
2002-09-15,294.278870,305.836548,3.981001
2002-09-16,292.691010,307.859375,0.000000
2002-09-17,292.798584,307.493286,0.000000
2002-09-18,292.408539,306.942810,0.000000
2002-09-19,294.542328,308.374878,0.000000
2002-09-20,294.799377,310.015228,0.000000
2002-09-21,293.183655,308.742035,0.000000
2002-09-22,290.505066,308.000366,0.000000
2002-09-23,290.216034,307.071503,0.000000
2002-09-24,292.098969,306.382782,0.000000
2002-09-25,291.494354,305.732849,0.000000
2002-09-26,291.555115,306.718933,0.000000
2002-09-27,292.147552,306.276917,8.183611
2002-09-28,292.761261,306.775787,0.000000
2002-09-29,295.499023,306.292145,3.551615
2002-09-30,294.692932,306.330872,0.000000
2002-10-01,291.221924,306.497864,0.000000
2002-10-02,292.451630,307.912659,0.000000
2002-10-03,293.191498,307.162048,3.021788
2002-10-04,291.529388,302.269684,29.455797
2002-10-05,285.049591,299.227386,8.398912
2002-10-06,285.393463,292.179321,23.807438
2002-10-07,287.278442,300.947266,29.259106
2002-10-08,290.932587,301.311920,0.561969
2002-10-09,293.091675,300.643311,3.660147
2002-10-10,293.592834,301.627472,3.091228
2002-10-11,292.183746,301.284424,0.000000
2002-10-12,292.856567,300.190002,1.760674
2002-10-13,293.155548,299.592255,0.694607
2002-10-14,293.566254,299.958405,0.362179
2002-10-15,292.318054,300.106171,0.000000
2002-10-16,292.909454,300.081177,0.753081
2002-10-17,290.092590,299.245422,0.460048
2002-10-18,288.036682,296.538757,31.864925
2002-10-19,280.318542,290.297241,0.000000
2002-10-20,280.349365,296.485687,0.000000
2002-10-21,282.215668,297.138702,0.000000
2002-10-22,285.722473,296.811218,0.000000
2002-10-23,289.221436,305.158081,0.000000
2002-10-24,280.127075,304.960876,0.000000
2002-10-25,279.606659,294.468933,0.000000
2002-10-26,281.369537,297.379120,0.000000
2002-10-27,286.914642,301.727844,0.000000
2002-10-28,291.388153,302.296692,4.910009
2002-10-29,287.273438,302.130371,0.000000
2002-10-30,286.545105,301.289642,0.000000
2002-10-31,287.053711,300.485718,0.000000
2002-11-01,286.790985,300.697357,0.000000
2002-11-02,286.962708,300.303802,1.299229
2002-11-03,281.621124,294.240814,0.000000
2002-11-04,281.142029,292.201355,0.000000
2002-11-05,281.241913,291.724609,0.000000
2002-11-06,276.722565,292.731537,0.000000
2002-11-07,280.156647,298.120667,0.000000
2002-11-08,283.384705,300.858734,0.000000
2002-11-09,284.828613,300.905823,0.000000
2002-11-10,290.367859,300.052612,0.991326
2002-11-11,286.040497,297.879211,0.000000
2002-11-12,281.303162,299.405609,0.000000
2002-11-13,277.310913,291.832123,0.000000
2002-11-14,277.270996,283.509705,2.263519
2002-11-15,276.365692,286.805176,4.663620
2002-11-16,278.703003,293.417419,0.000000
2002-11-17,283.165222,291.890015,0.000000
2002-11-18,275.613281,286.057739,0.000000
2002-11-19,277.630768,290.065735,0.344615
2002-11-20,287.266693,298.668701,0.000000
2002-11-21,291.101105,298.632660,4.489757
2002-11-22,280.365601,295.269684,90.898712
2002-11-23,275.940216,281.853943,32.000549
2002-11-24,273.652344,284.980377,0.000000
2002-11-25,276.979340,289.472290,0.000000
2002-11-26,279.178375,293.001099,0.000000
2002-11-27,279.165161,293.914093,0.000000
2002-11-28,285.707886,293.145691,1.927101
2002-11-29,285.153625,291.960754,0.429529
2002-11-30,283.891083,296.224304,0.000000
2002-12-01,282.574677,294.161285,0.000000
2002-12-02,280.951263,288.713501,0.605513
2002-12-03,281.714966,290.236176,0.000000
2002-12-04,281.555023,290.577423,0.000000
2002-12-05,273.584320,288.479492,0.000000
2002-12-06,276.894897,288.158539,0.000000
2002-12-07,276.570190,282.796753,24.432158
2002-12-08,277.930389,286.555176,0.000000
2002-12-09,277.417694,286.871429,0.000000
2002-12-10,279.171722,291.759735,0.000000
2002-12-11,276.860291,290.660767,0.284733
2002-12-12,275.645172,284.266418,0.862869
2002-12-13,269.860840,283.811859,0.000000
2002-12-14,274.747894,285.504883,0.000000
2002-12-15,279.635925,295.728424,0.000000
2002-12-16,279.410706,292.547333,0.000000
2002-12-17,283.061890,291.854767,0.000000
2002-12-18,282.912689,292.719696,0.000000
2002-12-19,277.683563,291.422363,0.000000
2002-12-20,273.648132,290.856415,0.000000
2002-12-21,277.361847,291.050842,0.000000
2002-12-22,275.051819,289.594818,0.000000
2002-12-23,272.259094,287.323242,0.000000
2002-12-24,273.932434,286.099854,0.000000
2002-12-25,273.015839,286.197235,0.000000
2002-12-26,270.560822,286.642151,0.000000
2002-12-27,272.415924,289.578247,0.949001
2002-12-28,276.381439,290.434143,0.633815
2002-12-29,278.725769,290.050720,0.000000
2002-12-30,277.147247,290.643646,0.000000
2002-12-31,276.902710,289.529907,2.468792
2003-01-01,276.618866,291.189484,0.000000
2003-01-02,270.313446,288.676666,0.000000
2003-01-03,271.780853,280.166992,0.000000
2003-01-04,274.138580,286.899323,1.992426
2003-01-05,271.728271,288.634644,0.000000
2003-01-06,274.519379,286.319122,0.498410
2003-01-07,271.895752,281.093201,0.000000
2003-01-08,273.381958,283.978058,0.000000
2003-01-09,271.784424,283.438293,0.000000
2003-01-10,276.089966,288.881073,0.000000
2003-01-11,269.022034,285.968872,0.722640
2003-01-12,267.338470,272.982452,3.243792
2003-01-13,266.057739,274.685364,0.000000
2003-01-14,266.239136,281.834961,0.000000
2003-01-15,276.395111,294.738251,0.000000
2003-01-16,276.118774,289.775238,2.895490
2003-01-17,282.963104,295.224152,0.442382
2003-01-18,278.803864,294.197845,0.411914
2003-01-19,284.776093,296.396423,1.587677
2003-01-20,283.180115,297.464722,0.000000
2003-01-21,286.362152,298.579071,0.000000
2003-01-22,280.672424,296.395844,0.000000
2003-01-23,272.553741,285.841095,0.000000
2003-01-24,272.942688,291.638977,0.000000
2003-01-25,280.986115,292.496674,0.000000
2003-01-26,277.086456,291.079590,0.000000
2003-01-27,274.647064,287.111511,0.000000
2003-01-28,271.463135,284.583008,0.000000
2003-01-29,270.540741,284.068878,0.000000
2003-01-30,271.645752,290.974945,0.000000
2003-01-31,277.029358,298.246277,0.000000
2003-02-01,280.693329,296.790985,0.000000
2003-02-02,286.660889,296.497223,0.000000
2003-02-03,278.242889,294.874542,1.139277
2003-02-04,273.036407,286.895782,0.000000
2003-02-05,273.707947,290.336426,0.000000
2003-02-06,276.235535,292.257904,0.000000
2003-02-07,277.744019,296.009460,0.000000
2003-02-08,279.022430,295.192291,0.000000
2003-02-09,281.376862,294.374054,0.000000
2003-02-10,285.791199,295.527069,0.000000
2003-02-11,286.876038,294.798553,2.489662
2003-02-12,287.483978,295.243378,0.575407
2003-02-13,287.238953,294.701691,1.292392
2003-02-14,287.700256,298.717743,0.742658
2003-02-15,287.089142,297.322296,0.000000
2003-02-16,285.106628,293.581940,0.000000
2003-02-17,285.109741,293.210419,0.000000
2003-02-18,287.539368,297.510925,0.553642
2003-02-19,289.909668,309.331085,0.000000
2003-02-20,288.793182,307.651550,0.000000
2003-02-21,286.210663,299.148132,5.835078
2003-02-22,282.416077,299.134766,0.000000
2003-02-23,274.317993,287.940155,0.285883
2003-02-24,277.061493,296.345184,0.000000
2003-02-25,282.942749,301.193420,0.000000
2003-02-26,285.761536,300.726135,0.000000
2003-02-27,282.660187,295.546265,0.000000
2003-02-28,282.109344,295.593048,0.000000
2003-03-01,280.706818,296.015686,0.000000
2003-03-02,284.646301,294.969788,0.606883
2003-03-03,281.627045,293.860321,0.000000
2003-03-04,281.722443,300.758728,0.000000
2003-03-05,286.023773,302.549713,0.000000
2003-03-06,285.761078,300.785461,0.000000
2003-03-07,286.634644,299.477173,0.000000
2003-03-08,288.043457,298.040039,0.000000
2003-03-09,288.679596,296.548645,1.040872
2003-03-10,288.630371,296.978149,31.195238
2003-03-11,287.924377,293.681976,4.705683
2003-03-12,281.252350,291.895721,0.000000
2003-03-13,278.802521,291.065857,0.392086
2003-03-14,278.478546,289.216980,0.000000
2003-03-15,278.653564,294.007446,0.000000
2003-03-16,280.787750,294.695862,0.000000
2003-03-17,280.933197,293.928375,0.000000
2003-03-18,288.271942,291.501495,1.235584
2003-03-19,287.894897,298.121429,6.686659
2003-03-20,282.166962,298.945374,0.000000
2003-03-21,282.782013,301.488983,0.000000
2003-03-22,288.220673,303.399231,0.000000
2003-03-23,284.496246,302.755798,8.227119
2003-03-24,276.227448,288.804047,0.000000
2003-03-25,275.043793,292.963989,0.000000
2003-03-26,281.569519,292.215820,0.596282
2003-03-27,279.677124,284.429993,0.854234
2003-03-28,281.709473,289.527557,0.000000
2003-03-29,287.027649,296.778931,3.827039
2003-03-30,286.811096,299.106995,0.881527
2003-03-31,284.132416,295.854492,0.000000
2003-04-01,279.437073,296.119690,0.000000
2003-04-02,281.194733,298.056030,0.000000
2003-04-03,287.875885,301.189087,0.000000
2003-04-04,280.319519,301.966095,0.498863
2003-04-05,277.050232,293.496429,0.000000
2003-04-06,281.783112,300.998383,0.000000
2003-04-07,286.495544,301.648621,0.000000
2003-04-08,281.057373,299.768677,9.610671
2003-04-09,276.802856,289.191833,0.000000
2003-04-10,277.502777,291.177521,0.000000
2003-04-11,275.607849,296.623779,0.000000
2003-04-12,280.769867,299.448578,0.000000
2003-04-13,283.470093,300.208405,0.000000
2003-04-14,285.621399,299.301758,0.000000
2003-04-15,283.438263,300.411591,4.019526
2003-04-16,285.301208,303.651154,0.000000
2003-04-17,288.566650,305.468658,0.000000
2003-04-18,287.711090,304.244263,0.000000
2003-04-19,284.553589,298.956543,0.000000
2003-04-20,286.923492,300.360809,0.000000
2003-04-21,287.904724,303.598541,0.000000
2003-04-22,289.360168,303.623016,0.000000
2003-04-23,289.620575,305.521820,0.000000
2003-04-24,287.906677,305.014587,0.000000
2003-04-25,284.073944,296.728363,0.000000
2003-04-26,281.246765,300.353729,0.000000
2003-04-27,286.955109,304.048553,0.000000
2003-04-28,289.467896,304.237762,0.000000
2003-04-29,286.109802,298.736053,0.000000
2003-04-30,287.212006,298.906219,0.000000
2003-05-01,289.189911,299.995850,0.000000
2003-05-02,290.247955,304.305054,0.000000
2003-05-03,288.451080,306.046448,0.000000
2003-05-04,291.750458,306.927002,0.000000
2003-05-05,292.092255,306.649780,0.000000
2003-05-06,291.962891,308.762054,0.000000
2003-05-07,293.237152,309.718872,0.000000
2003-05-08,292.035065,309.884460,0.000000
2003-05-09,293.646545,307.872375,0.000000
2003-05-10,291.581451,306.490906,0.000000
2003-05-11,293.061890,305.987000,0.000000
2003-05-12,292.759003,304.307983,0.000000
2003-05-13,289.721039,306.658569,0.000000
2003-05-14,290.773468,306.725006,0.000000
2003-05-15,291.318573,305.698700,0.000000
2003-05-16,292.422546,301.819122,18.053122
2003-05-17,293.460785,302.725098,0.501581
2003-05-18,293.330170,302.912537,0.000000
2003-05-19,293.988251,302.472107,0.000000
2003-05-20,293.971558,305.490692,0.000000
2003-05-21,292.562775,308.284149,0.439730
2003-05-22,291.898590,308.996887,3.369603
2003-05-23,292.826324,307.996826,0.321611
2003-05-24,292.146240,304.953979,1.461216
2003-05-25,289.576508,307.318634,0.000000
2003-05-26,292.796661,307.905945,0.000000
2003-05-27,294.972382,307.338776,0.000000
2003-05-28,293.959747,307.322540,0.000000
2003-05-29,293.178345,307.276978,0.000000
2003-05-30,293.806335,309.041809,0.000000
2003-05-31,296.861023,310.821716,0.000000
2003-06-01,298.082489,310.924408,0.000000
2003-06-02,295.394012,310.395233,0.000000
2003-06-03,295.242157,306.917023,0.000000
2003-06-04,296.246521,306.725555,0.481706
2003-06-05,296.434875,306.645752,4.202713
2003-06-06,296.000153,304.355927,10.516361
2003-06-07,295.915070,302.596161,11.858631
2003-06-08,295.484650,307.367981,0.000000
2003-06-09,294.507904,309.935608,0.000000
2003-06-10,295.713654,309.863708,0.000000
2003-06-11,296.368622,309.488983,0.000000
2003-06-12,297.614502,307.296478,0.000000
2003-06-13,295.526093,310.822968,0.000000
2003-06-14,294.920715,311.332458,0.000000
2003-06-15,295.257080,309.518188,0.000000
2003-06-16,295.677490,305.694794,0.000000
2003-06-17,296.464691,303.730194,0.000000
2003-06-18,297.413269,302.508453,3.430837
2003-06-19,295.980072,302.719208,1.254262
2003-06-20,295.603851,303.205963,12.576417
2003-06-21,295.744720,305.559875,3.327532
2003-06-22,295.946655,304.452850,3.815767
2003-06-23,294.026459,307.215607,1.912301
2003-06-24,294.028961,309.370972,0.000000
2003-06-25,297.370361,310.944763,0.000000
2003-06-26,299.098511,312.254150,0.000000
2003-06-27,299.552643,312.786072,0.000000
2003-06-28,298.724152,312.685913,0.000000
2003-06-29,297.311096,311.514038,0.000000
2003-06-30,297.301910,310.819672,0.000000
2003-07-01,296.360291,309.518951,0.000000
2003-07-02,295.748657,309.566650,0.000000
2003-07-03,297.482758,309.074036,0.000000
2003-07-04,297.386780,312.303680,0.000000
2003-07-05,298.637634,313.460938,0.000000
2003-07-06,297.955627,312.689972,0.000000
2003-07-07,296.979126,311.506012,2.601971
2003-07-08,297.123322,304.703156,3.080805
2003-07-09,296.905334,306.624054,0.000000
2003-07-10,297.241028,307.267365,0.330263
2003-07-11,297.691895,306.444702,13.654883
2003-07-12,295.744904,305.674774,1.540579
2003-07-13,296.326080,308.121674,0.000000
2003-07-14,297.828949,310.193329,0.000000
2003-07-15,298.187347,311.358337,0.396007
2003-07-16,299.753204,312.159515,0.000000
2003-07-17,297.165131,310.603821,0.000000
2003-07-18,298.125427,309.948578,0.000000
2003-07-19,297.097168,308.148499,0.000000
2003-07-20,296.696625,307.721191,0.000000
2003-07-21,296.738007,306.555328,0.000000
2003-07-22,296.131012,308.961456,0.681769
2003-07-23,296.969147,308.762573,0.000000
2003-07-24,297.255371,308.126648,0.000000
2003-07-25,297.508118,308.192261,0.000000
2003-07-26,296.971375,309.946320,0.944137
2003-07-27,297.252380,310.471405,0.518589
2003-07-28,298.055206,310.597198,0.000000
2003-07-29,297.536865,310.205536,0.000000
2003-07-30,298.306488,310.912201,0.000000
2003-07-31,298.170380,309.541687,0.000000
2003-08-01,297.945190,309.708221,0.000000
2003-08-02,297.088623,311.595001,0.288385
2003-08-03,298.385132,311.647247,3.716066
2003-08-04,297.865906,311.615082,6.635479
2003-08-05,297.071472,307.971710,0.802015
2003-08-06,296.881409,307.980408,0.000000
2003-08-07,296.761719,307.656677,0.318290
2003-08-08,295.589233,307.230591,0.000000
2003-08-09,296.966858,308.318390,0.000000
2003-08-10,296.679779,309.167572,0.000000
2003-08-11,297.221161,308.939606,0.000000
2003-08-12,296.294159,306.080963,3.855610
2003-08-13,297.316559,307.182587,0.396442
2003-08-14,297.044434,310.236603,1.921968
2003-08-15,298.065033,311.588684,0.000000
2003-08-16,298.112366,311.119019,2.130812
2003-08-17,297.558014,311.157349,0.000000
2003-08-18,298.050354,311.230042,0.000000
2003-08-19,297.609589,310.607025,0.000000
2003-08-20,298.384766,310.902344,0.000000
2003-08-21,297.654236,311.425262,0.440868
2003-08-22,298.642792,311.186096,0.600567
2003-08-23,296.571594,307.780640,1.268806
2003-08-24,296.572540,304.567108,1.752013
2003-08-25,296.286316,306.111755,2.026222
2003-08-26,295.492676,307.429047,0.672806
2003-08-27,296.825073,306.958435,0.000000
2003-08-28,297.506958,307.787262,5.607219
2003-08-29,296.405365,304.223450,29.445036
2003-08-30,295.716766,305.364746,0.325714
2003-08-31,294.102325,304.322296,6.142288
2003-09-01,294.849091,308.799988,2.746951
2003-09-02,294.064972,306.930206,0.342856
2003-09-03,294.669952,306.203674,3.417958
2003-09-04,297.413910,306.697876,4.851220
2003-09-05,296.817780,306.086304,8.514876
2003-09-06,297.414978,301.054779,14.227350
2003-09-07,293.680420,305.391205,0.000000
2003-09-08,294.026611,310.014557,0.000000
2003-09-09,296.215454,310.831726,0.386584
2003-09-10,297.590149,310.094177,0.000000
2003-09-11,295.704529,308.604431,0.000000
2003-09-12,297.127441,307.894318,2.059676
2003-09-13,293.931763,306.263885,0.000000
2003-09-14,296.419128,306.847931,0.000000
2003-09-15,296.213440,307.692566,0.000000
2003-09-16,294.772247,306.752136,3.010343
2003-09-17,295.043793,305.695709,0.000000
2003-09-18,294.748047,305.634613,3.017861
2003-09-19,296.553406,307.035065,3.045619
2003-09-20,294.786713,299.776520,6.722929
2003-09-21,289.868805,304.798676,0.308856
2003-09-22,289.683228,306.119080,0.000000
2003-09-23,290.802551,305.596588,0.000000
2003-09-24,286.654358,299.290039,0.000000
2003-09-25,286.554016,298.893188,0.721352
2003-09-26,286.286896,300.925323,0.000000
2003-09-27,288.041962,304.321960,0.000000
2003-09-28,290.159851,306.253418,0.000000
2003-09-29,292.466797,306.706512,0.000000
2003-09-30,294.604919,307.207855,0.000000
2003-10-01,292.607758,306.331604,0.000000
2003-10-02,293.257446,301.453278,57.393734
2003-10-03,289.613586,300.424469,31.841364
2003-10-04,290.696503,303.880005,0.000000
2003-10-05,290.345612,303.822754,0.304298
2003-10-06,291.316864,303.420258,1.469452
2003-10-07,289.360352,300.704834,0.000000
2003-10-08,292.057007,300.613831,0.000000
2003-10-09,292.563538,300.484344,0.000000
2003-10-10,293.089264,301.443695,0.946590
2003-10-11,291.943726,302.104675,0.000000
2003-10-12,292.004150,302.021454,2.859664
2003-10-13,291.117981,298.669189,8.605730
2003-10-14,288.452606,296.311462,0.975946
2003-10-15,288.860199,301.596893,0.000000
2003-10-16,290.765198,303.533661,0.000000
2003-10-17,292.106659,304.804443,0.000000
2003-10-18,292.080872,304.515015,0.000000
2003-10-19,291.840607,304.734833,0.000000
2003-10-20,292.464874,303.884155,0.000000
2003-10-21,292.394531,304.785675,1.562200
2003-10-22,284.840790,304.354248,0.000000
2003-10-23,284.207611,297.880066,0.000000
2003-10-24,287.982941,298.054199,0.000000
2003-10-25,291.230042,296.915436,36.776012
2003-10-26,291.473877,300.987396,14.833660
2003-10-27,279.962799,299.914398,1.833773
2003-10-28,279.706177,292.666565,0.000000
2003-10-29,280.287628,296.012115,0.000000
2003-10-30,284.575592,299.756805,0.000000
2003-10-31,290.486725,300.293945,0.000000
2003-11-01,290.273102,304.338379,0.000000
2003-11-02,293.256744,304.025879,0.000000
2003-11-03,288.010437,301.451965,0.000000
2003-11-04,286.572601,300.069519,0.000000
2003-11-05,286.519806,300.826660,0.000000
2003-11-06,288.136353,301.534729,0.000000
2003-11-07,291.481903,300.724548,0.000000
2003-11-08,292.860840,299.924438,0.945070
2003-11-09,290.581848,298.522888,0.000000
2003-11-10,288.846069,300.565796,0.000000
2003-11-11,289.594818,301.066681,0.000000
2003-11-12,290.477112,302.775513,0.930684
2003-11-13,289.819305,300.683502,2.685703
2003-11-14,291.210052,299.391418,13.922806
2003-11-15,280.822266,293.650330,28.114735
2003-11-16,285.375580,292.717499,0.000000
2003-11-17,285.808868,291.444366,2.779897
2003-11-18,280.936859,287.203522,1.404581
2003-11-19,280.198212,288.751190,0.507705
2003-11-20,284.151764,294.210907,0.000000
2003-11-21,281.703735,293.856567,0.000000
2003-11-22,284.591949,298.156006,0.000000
2003-11-23,287.872437,302.425507,0.000000
2003-11-24,289.184723,303.546326,0.000000
2003-11-25,290.482239,303.229553,0.000000
2003-11-26,285.605560,301.666229,0.000000
2003-11-27,279.560516,294.292053,0.000000
2003-11-28,282.058990,297.091400,0.000000
2003-11-29,281.632965,296.449280,0.000000
2003-11-30,277.965729,288.219238,0.000000
2003-12-01,279.262665,292.903595,0.000000
2003-12-02,282.051666,295.167755,0.000000
2003-12-03,283.518127,294.530457,0.000000
2003-12-04,284.380035,293.300232,11.737814
2003-12-05,286.301270,294.777100,7.459624
2003-12-06,280.631989,292.911957,5.202254
2003-12-07,278.174225,289.377838,0.000000
2003-12-08,278.839783,292.719940,0.000000
2003-12-09,282.940063,293.701508,0.000000
2003-12-10,277.037323,292.495087,0.000000
2003-12-11,273.034149,284.726349,0.000000
2003-12-12,275.903656,290.409668,0.000000
2003-12-13,278.606110,293.850189,0.000000
2003-12-14,280.319672,292.711639,0.000000
2003-12-15,283.362061,293.727722,0.000000
2003-12-16,278.992462,296.605103,1.936604
2003-12-17,268.348541,286.030975,0.000000
2003-12-18,273.016602,291.681030,0.000000
2003-12-19,276.759460,296.647827,0.000000
2003-12-20,280.411163,298.625092,0.000000
2003-12-21,283.050232,300.164398,0.000000
2003-12-22,284.500854,300.130859,0.000000
2003-12-23,284.515808,300.642303,0.000000
2003-12-24,284.887695,299.215729,0.000000
2003-12-25,278.515106,291.667419,0.000000
2003-12-26,276.984070,294.506714,0.000000
2003-12-27,282.317291,299.953613,0.000000
2003-12-28,285.312958,302.789612,0.000000
2003-12-29,288.128021,300.762878,0.000000
2003-12-30,278.892365,293.704834,0.000000
2003-12-31,283.174530,299.724854,0.000000
2004-01-01,285.595764,299.002960,0.000000
2004-01-02,287.208557,297.838196,0.000000
2004-01-03,286.651978,297.995697,0.000000
2004-01-04,286.948914,299.758209,0.000000
2004-01-05,283.593048,298.556671,0.347829
2004-01-06,277.500183,290.638794,0.000000
2004-01-07,276.514191,292.677307,0.000000
2004-01-08,282.432587,299.140839,0.315076
2004-01-09,274.333313,298.400940,1.413317
2004-01-10,271.479584,279.434326,2.747569
2004-01-11,274.530884,290.292328,1.564392
2004-01-12,277.545837,289.909058,2.871433
2004-01-13,272.784027,284.266693,0.883354
2004-01-14,270.730408,277.557556,6.826052
2004-01-15,266.867401,279.766541,0.000000
2004-01-16,269.879822,280.039520,0.000000
2004-01-17,273.739899,283.696533,13.055355
2004-01-18,275.255188,283.812561,2.435680
2004-01-19,277.148621,289.751129,0.000000
2004-01-20,281.279907,293.383698,0.000000
2004-01-21,282.328491,291.980225,0.000000
2004-01-22,283.024261,290.415558,0.585597
2004-01-23,282.548737,289.464844,0.000000
2004-01-24,282.668182,295.838562,0.000000
2004-01-25,277.920471,293.210297,0.000000
2004-01-26,275.353973,288.528595,0.000000
2004-01-27,277.968048,290.264099,0.000000
2004-01-28,282.521393,289.925262,0.000000
2004-01-29,283.152954,292.381348,0.309324
2004-01-30,282.555481,298.549805,0.000000
2004-01-31,284.597015,301.855286,0.000000
2004-02-01,286.149536,301.894135,0.000000
2004-02-02,284.263794,300.728027,0.000000
2004-02-03,278.845306,288.721375,13.574905
2004-02-04,282.258667,291.497070,8.904708
2004-02-05,285.197174,295.196198,0.000000
2004-02-06,282.156219,292.995697,0.000000
2004-02-07,280.100433,295.928192,0.000000
2004-02-08,281.914062,294.761444,0.000000
2004-02-09,275.991302,293.550659,0.000000
2004-02-10,280.756470,299.915161,0.000000
2004-02-11,284.308228,300.043884,0.000000
2004-02-12,286.140961,300.304108,0.000000
2004-02-13,284.749207,299.127563,4.779978
2004-02-14,288.202301,299.209686,5.511771
2004-02-15,272.516876,297.153198,0.475748
2004-02-16,272.304474,279.331970,0.000000
2004-02-17,272.686523,285.459717,0.000000
2004-02-18,278.440063,292.471954,1.819137
2004-02-19,276.907990,292.237488,5.212483
2004-02-20,270.440002,281.773865,0.000000
2004-02-21,271.739044,279.671417,0.000000
2004-02-22,270.533783,284.161377,0.000000
2004-02-23,272.576630,294.163513,0.000000
2004-02-24,275.597717,293.179749,0.000000
2004-02-25,273.210907,289.940277,0.000000
2004-02-26,277.043152,293.258667,0.000000
2004-02-27,282.105865,293.589264,0.000000
2004-02-28,283.831879,293.292786,1.438976
2004-02-29,284.222198,294.150085,3.504627
2004-03-01,284.612518,295.007355,5.570277
2004-03-02,279.332916,294.370178,0.000000
2004-03-03,276.645630,288.093353,0.000000
2004-03-04,279.227325,289.300201,0.479717
2004-03-05,278.568207,289.409058,0.000000
2004-03-06,273.931793,291.189728,0.000000
2004-03-07,277.477112,294.193024,0.000000
2004-03-08,283.406250,293.984863,2.418814
2004-03-09,287.955750,297.667908,3.935722
2004-03-10,282.368225,297.589691,0.000000
2004-03-11,286.198730,298.328400,0.000000
2004-03-12,285.084961,302.466156,0.000000
2004-03-13,288.684387,304.071564,0.000000
2004-03-14,289.820343,304.016022,0.000000
2004-03-15,291.304291,303.883514,0.456607
2004-03-16,286.119415,299.794891,3.683830
2004-03-17,282.732147,295.796173,0.000000
2004-03-18,281.021759,293.403870,0.000000
2004-03-19,280.253662,292.602814,0.000000
2004-03-20,286.467926,299.877014,2.149383
2004-03-21,284.661438,298.295288,1.298318
2004-03-22,281.083221,295.416260,0.000000
2004-03-23,285.675323,303.414856,0.000000
2004-03-24,290.261414,303.012756,0.000000
2004-03-25,288.536133,301.093353,0.000000
2004-03-26,293.121521,301.001587,0.000000
2004-03-27,284.828369,302.784576,0.000000
2004-03-28,290.470764,304.619690,0.000000
2004-03-29,290.484894,304.486664,0.328046
2004-03-30,291.898895,298.367950,4.522250
2004-03-31,291.278473,299.902161,4.933187
2004-04-01,290.012390,299.661682,16.870457
2004-04-02,284.469208,298.297211,0.000000
2004-04-03,281.643860,298.431946,0.000000
2004-04-04,284.077393,298.414246,0.000000
2004-04-05,283.389252,298.637024,0.000000
2004-04-06,286.548645,297.455658,0.000000
2004-04-07,290.723694,295.741943,0.339631
2004-04-08,291.397125,300.776886,4.144392
2004-04-09,285.636230,303.019867,0.288243
2004-04-10,285.280853,303.641144,0.464863
2004-04-11,291.212708,302.850647,0.000000
2004-04-12,290.597900,303.933899,0.000000
2004-04-13,292.074707,303.406677,0.000000
2004-04-14,285.586182,300.832336,0.000000
2004-04-15,286.429443,300.876923,0.000000
2004-04-16,287.791229,302.249451,0.000000
2004-04-17,289.898163,302.600708,0.000000
2004-04-18,293.670624,303.159576,0.000000
2004-04-19,293.258820,302.389984,0.333019
2004-04-20,293.578033,301.523529,0.000000
2004-04-21,293.006653,300.108887,3.104893
2004-04-22,292.883087,297.587402,5.665691
2004-04-23,291.825867,296.167908,3.288000
2004-04-24,291.548065,301.895538,15.253290
2004-04-25,289.483032,303.065552,1.523119
2004-04-26,287.046143,300.523315,0.000000
2004-04-27,287.217041,304.369690,0.000000
2004-04-28,290.274841,305.524384,0.000000
2004-04-29,293.017395,304.552063,0.000000
2004-04-30,293.910675,304.047668,3.432557
2004-05-01,295.132294,302.051422,18.070253
2004-05-02,291.983490,299.883453,35.888748
2004-05-03,285.615112,303.434296,0.000000
2004-05-04,290.369629,302.373474,0.000000
2004-05-05,295.432373,303.854401,16.144716
2004-05-06,296.274475,303.727112,2.539189
2004-05-07,295.137207,302.739990,32.507679
2004-05-08,295.804871,305.183472,13.802001
2004-05-09,293.910126,299.323700,9.044237
2004-05-10,290.195190,300.973206,2.119794
2004-05-11,288.956940,295.788055,1.410603
2004-05-12,287.601166,299.047729,0.000000
2004-05-13,288.960114,302.272827,0.000000
2004-05-14,290.139648,303.066040,17.592480
2004-05-15,290.982666,299.171875,0.000000
2004-05-16,288.432404,299.480560,0.000000
2004-05-17,289.642181,302.877625,0.000000
2004-05-18,291.460846,303.766724,0.000000
2004-05-19,291.611176,303.650543,0.000000
2004-05-20,289.801392,304.839142,0.000000
2004-05-21,292.345642,304.603546,5.732939
2004-05-22,286.346130,300.272308,0.620402
2004-05-23,288.680115,306.618683,0.000000
2004-05-24,293.344910,309.858612,0.000000
2004-05-25,294.547852,309.721191,0.000000
2004-05-26,295.994568,306.079254,6.035552
2004-05-27,296.564545,304.583618,4.214508
2004-05-28,296.791107,304.849548,43.573601
2004-05-29,296.057770,303.670624,2.690842
2004-05-30,293.602753,305.342346,9.466576
2004-05-31,286.908478,303.050995,0.978857
2004-06-01,288.371643,307.209167,0.000000
2004-06-02,294.450806,311.691101,0.000000
2004-06-03,295.956573,310.717926,0.000000
2004-06-04,294.982880,308.948486,1.330880
2004-06-05,294.580353,306.951630,0.719451
2004-06-06,295.428467,307.807556,0.000000
2004-06-07,293.539337,309.652740,0.000000
2004-06-08,294.094574,309.465881,0.000000
2004-06-09,292.510895,307.069916,0.000000
2004-06-10,293.504211,310.113983,0.000000
2004-06-11,296.030365,309.855499,0.000000
2004-06-12,295.678833,308.205963,0.000000
2004-06-13,295.373047,307.125610,0.000000
2004-06-14,295.441803,308.508789,3.949154
2004-06-15,295.632507,307.758636,0.000000
2004-06-16,295.885895,307.437317,0.921166
2004-06-17,294.426331,305.578339,0.000000
2004-06-18,295.062164,304.557739,0.000000
2004-06-19,296.373474,304.431305,0.000000
2004-06-20,296.993164,303.889465,5.718642
2004-06-21,297.188171,304.902191,0.879390
2004-06-22,296.752563,303.561829,27.695040
2004-06-23,296.791016,308.775696,0.000000
2004-06-24,297.415649,309.571106,0.348899
2004-06-25,298.302612,308.969788,0.000000
2004-06-26,297.049530,308.983276,0.000000
2004-06-27,297.214233,308.801300,0.000000
2004-06-28,297.986572,310.441376,0.000000
2004-06-29,299.070282,311.503052,0.000000
2004-06-30,298.340179,310.521698,0.000000
2004-07-01,297.076721,303.686859,50.629662
2004-07-02,296.385590,299.710114,48.993385
2004-07-03,296.794006,301.796631,2.775839
2004-07-04,296.811920,303.217133,0.000000
2004-07-05,295.950775,302.586639,11.879279
2004-07-06,295.327026,302.828613,0.000000
2004-07-07,295.458252,303.942902,0.402033
2004-07-08,296.196167,305.253998,11.486116
2004-07-09,295.191071,305.005829,4.190260
2004-07-10,294.899902,305.986786,2.301128
2004-07-11,295.326447,305.809204,0.000000
2004-07-12,296.239868,305.199066,11.126106
2004-07-13,296.151398,305.693909,0.967652
2004-07-14,297.029449,309.598053,0.000000
2004-07-15,297.165833,310.298645,0.000000
2004-07-16,296.966858,310.251526,0.000000
2004-07-17,297.550842,310.975830,0.000000
2004-07-18,298.211212,311.968994,0.334099
2004-07-19,298.803284,312.089294,0.000000
2004-07-20,298.513702,312.087494,0.000000
2004-07-21,297.772919,309.747955,0.000000
2004-07-22,297.167206,309.323425,1.479202
2004-07-23,296.046844,306.927368,19.788208
2004-07-24,295.027466,306.640381,0.850338
2004-07-25,296.432922,307.502716,0.000000
2004-07-26,296.482178,307.489380,0.000000
2004-07-27,296.349548,307.990265,0.000000
2004-07-28,296.839020,308.667786,0.000000
2004-07-29,296.596497,309.899933,0.000000
2004-07-30,296.383789,310.742645,0.000000
2004-07-31,296.473785,310.853607,0.000000
2004-08-01,296.361237,309.855896,0.000000
2004-08-02,296.997498,307.446228,0.000000
2004-08-03,297.060486,307.056213,0.000000
2004-08-04,296.353577,306.775848,0.362568
2004-08-05,294.882874,306.374786,1.151282
2004-08-06,295.235687,307.108673,0.000000
2004-08-07,295.466522,308.628845,0.000000
2004-08-08,295.765717,309.500610,2.232916
2004-08-09,296.640350,310.037842,0.000000
2004-08-10,296.975708,309.652283,0.000000
2004-08-11,296.344879,308.939209,0.437935
2004-08-12,295.983368,308.920227,1.948870
2004-08-13,296.386780,307.748962,3.337773
2004-08-14,297.178375,307.936249,2.847291
2004-08-15,296.353973,307.444794,0.000000
2004-08-16,296.270447,308.234467,0.895110
2004-08-17,296.569122,309.176392,0.000000
2004-08-18,297.135071,312.261505,1.309380
2004-08-19,297.349579,312.405518,0.000000
2004-08-20,296.444489,311.864990,0.000000
2004-08-21,295.774933,310.373169,0.000000
2004-08-22,297.372650,311.814026,0.000000
2004-08-23,296.827820,312.237640,0.000000
2004-08-24,297.870941,312.101135,0.468493
2004-08-25,297.223022,311.838898,0.000000
2004-08-26,297.077545,311.349731,0.000000
2004-08-27,296.559143,311.431305,0.000000
2004-08-28,298.202393,313.274048,0.000000
2004-08-29,299.105682,315.907898,0.424870
2004-08-30,299.980713,313.491211,0.000000
2004-08-31,298.540161,311.671509,0.000000
2004-09-01,297.331390,310.014435,0.512277
2004-09-02,294.451843,308.159882,0.000000
2004-09-03,295.152954,308.273438,0.000000
2004-09-04,296.439087,308.464569,0.000000
2004-09-05,296.972229,309.108765,0.000000
2004-09-06,295.686890,308.147614,0.000000
2004-09-07,295.749176,305.840179,11.328699
2004-09-08,296.033722,303.095551,5.238275
2004-09-09,294.767242,303.535156,3.004768
2004-09-10,294.601685,303.675446,0.000000
2004-09-11,295.727386,303.321289,29.417944
2004-09-12,294.301941,303.145325,4.076972
2004-09-13,291.379517,308.839111,0.000000
2004-09-14,294.218079,310.221222,0.000000
2004-09-15,294.079407,309.621582,0.000000
2004-09-16,294.503662,308.696686,0.000000
2004-09-17,296.505341,306.404022,9.871739
2004-09-18,294.909973,304.930023,1.528460
2004-09-19,295.121765,305.463928,1.892679
2004-09-20,294.188812,303.142792,5.455269
2004-09-21,293.338776,303.133301,14.033671
2004-09-22,291.691864,300.826050,3.093937
2004-09-23,294.645813,303.936127,13.431478
2004-09-24,294.688049,302.743469,0.000000
2004-09-25,293.855804,303.198059,11.643678
2004-09-26,288.579559,301.679382,0.000000
2004-09-27,293.504150,303.758698,8.469748
2004-09-28,286.922485,291.764465,1.207182
2004-09-29,287.719330,299.775574,1.816747
2004-09-30,285.633423,300.735229,0.000000
2004-10-01,286.085602,303.284210,0.000000
2004-10-02,288.312653,304.620148,0.000000
2004-10-03,290.222076,304.860840,3.447667
2004-10-04,293.631104,303.774048,11.412795
2004-10-05,294.079620,302.302917,0.578566
2004-10-06,294.376892,301.846985,7.274777
2004-10-07,291.110413,300.486755,7.029712
2004-10-08,292.454315,301.465088,13.462387
2004-10-09,289.878052,300.986176,2.654246
2004-10-10,287.897980,302.510803,0.000000
2004-10-11,288.676086,303.025513,0.000000
2004-10-12,290.720825,301.632019,0.000000
2004-10-13,292.636047,299.816498,0.547849
2004-10-14,293.096558,300.074493,1.282445
2004-10-15,284.198303,301.130920,3.819013
2004-10-16,279.238403,290.416992,0.000000
2004-10-17,280.016846,293.618042,0.000000
2004-10-18,279.992981,295.232056,0.000000
2004-10-19,281.731903,297.400208,0.000000
2004-10-20,283.753479,299.386078,0.000000
2004-10-21,285.811951,300.963684,0.000000
2004-10-22,288.952911,301.211121,0.000000
2004-10-23,289.046387,302.691742,0.000000
2004-10-24,289.479858,301.623199,0.000000
2004-10-25,286.137970,295.495300,0.000000
2004-10-26,284.831879,294.295776,0.000000
2004-10-27,281.674438,293.225433,0.000000
2004-10-28,286.051788,291.380432,0.768349
2004-10-29,283.160950,291.468109,0.000000
2004-10-30,283.627960,295.366241,0.000000
2004-10-31,285.087372,301.522125,0.426342
2004-11-01,288.962830,304.864532,0.000000
2004-11-02,288.301849,303.970917,0.000000
2004-11-03,288.049835,305.547913,0.000000
2004-11-04,289.214172,306.214508,0.000000
2004-11-05,292.486359,305.170593,0.000000
2004-11-06,292.712585,306.330261,0.000000
2004-11-07,294.916656,306.101410,1.105845
2004-11-08,289.355652,305.378937,6.862077
2004-11-09,284.613800,300.649933,0.000000
2004-11-10,292.477356,300.015778,3.795266
2004-11-11,290.916992,297.863281,10.803922
2004-11-12,283.862823,296.656525,0.469253
2004-11-13,276.410431,289.614960,0.000000
2004-11-14,277.002625,291.528473,0.000000
2004-11-15,281.833557,301.221375,0.000000
2004-11-16,284.177246,300.315857,0.000000
2004-11-17,278.689026,293.648590,0.000000
2004-11-18,278.517212,295.749908,0.000000
2004-11-19,281.077576,297.613770,0.000000
2004-11-20,282.949707,295.939117,0.000000
2004-11-21,284.350922,294.165497,0.000000
2004-11-22,282.025330,296.814178,0.000000
2004-11-23,288.436737,299.918060,0.000000
2004-11-24,287.273407,299.604828,0.000000
2004-11-25,286.831818,299.011108,0.354556
2004-11-26,288.467651,295.786011,1.768850
2004-11-27,288.935303,297.715363,14.447772
2004-11-28,284.407318,298.172180,0.000000
2004-11-29,285.622589,297.016815,0.000000
2004-11-30,284.945282,296.290955,0.000000
2004-12-01,282.700836,291.255798,2.992468
2004-12-02,278.619171,289.263916,17.937899
2004-12-03,280.023865,288.065552,1.348652
2004-12-04,276.251434,287.246735,0.000000
2004-12-05,273.638428,284.995667,0.297421
2004-12-06,272.436554,280.788208,0.518692
2004-12-07,270.349884,279.981750,2.364680
2004-12-08,269.249481,279.674469,3.460148
2004-12-09,273.681793,279.205292,18.561218
2004-12-10,268.855316,280.033966,7.423611
2004-12-11,269.880768,282.100067,0.000000
2004-12-12,270.725311,283.956665,0.000000
2004-12-13,272.511902,283.367218,0.000000
2004-12-14,273.088623,282.640228,0.000000
2004-12-15,271.740906,287.040833,0.000000
2004-12-16,274.735870,288.901367,0.000000
2004-12-17,278.187469,292.799805,0.000000
2004-12-18,280.599274,291.062836,0.000000
2004-12-19,280.422302,287.879517,0.000000
2004-12-20,280.045197,287.952820,3.436893
2004-12-21,278.667877,291.759277,0.000000
2004-12-22,283.137268,291.266388,0.000000
2004-12-23,280.741364,293.233276,0.000000
2004-12-24,268.442780,292.309082,1.900296
2004-12-25,262.968567,275.945953,0.000000
2004-12-26,267.249969,286.537933,0.000000
2004-12-27,272.563049,289.452698,0.000000
2004-12-28,271.297089,286.992004,0.000000
2004-12-29,268.580139,282.433228,0.000000
2004-12-30,270.344055,288.509155,0.000000
2004-12-31,273.538849,291.298309,0.000000
2005-01-01,276.609772,293.451477,0.000000
2005-01-02,281.127014,292.679321,0.000000
2005-01-03,283.971405,292.098938,1.459212
2005-01-04,285.019928,292.116669,0.910495
2005-01-05,282.484924,286.999298,15.838817
2005-01-06,280.881958,287.721100,33.909771
2005-01-07,275.699921,288.965149,0.000000
2005-01-08,273.019348,284.214966,0.000000
2005-01-09,273.206909,287.735229,0.000000
2005-01-10,274.975037,286.251526,0.000000
2005-01-11,276.142181,284.810547,0.366841
2005-01-12,277.572815,287.445709,0.000000
2005-01-13,278.200653,288.118439,0.000000
2005-01-14,277.491119,288.108154,2.444038
2005-01-15,277.676727,288.925812,11.618538
2005-01-16,280.368958,293.366974,5.275690
2005-01-17,283.435974,296.400940,0.000000
2005-01-18,281.016052,295.337708,0.000000
2005-01-19,282.624207,297.659637,0.000000
2005-01-20,285.106506,297.700867,0.000000
2005-01-21,285.430298,296.446075,2.019287
2005-01-22,277.971832,291.667969,7.069212
2005-01-23,274.168396,281.711060,4.532762
2005-01-24,272.784485,285.181152,0.000000
2005-01-25,274.253723,285.248627,0.000000
2005-01-26,275.364014,283.396606,0.000000
2005-01-27,274.037689,281.933868,1.604109
2005-01-28,271.018982,278.408905,3.357078
2005-01-29,267.750458,276.662079,0.000000
2005-01-30,268.491211,278.639435,0.000000
2005-01-31,267.954498,279.528931,0.000000
2005-02-01,272.963989,286.537170,0.000000
2005-02-02,279.973633,297.592926,0.526410
2005-02-03,284.464874,295.539581,0.000000
2005-02-04,287.362183,297.603638,0.000000
2005-02-05,284.352600,298.570801,0.000000
2005-02-06,283.616760,298.997650,0.000000
2005-02-07,282.970795,300.414764,0.000000
2005-02-08,285.085510,296.095245,40.006767
2005-02-09,278.496735,292.702942,2.886886
2005-02-10,275.823486,285.504852,2.759695
2005-02-11,271.186157,280.054993,0.000000
2005-02-12,273.756622,279.496277,0.000000
2005-02-13,274.401123,283.018463,0.000000
2005-02-14,273.255188,285.158783,0.000000
2005-02-15,274.669373,288.889984,0.000000
2005-02-16,275.688385,288.281372,0.000000
2005-02-17,274.808929,285.802032,0.000000
2005-02-18,275.145172,283.317108,0.000000
2005-02-19,275.627075,284.877838,0.000000
2005-02-20,277.154144,288.315491,0.000000
2005-02-21,282.869934,296.486145,2.831810
2005-02-22,285.424072,297.998810,0.787259
2005-02-23,288.276245,298.068359,3.008937
2005-02-24,284.393616,296.192413,0.000000
2005-02-25,281.623779,295.684906,0.544445
2005-02-26,282.925201,296.916748,0.000000
2005-02-27,285.377655,298.962646,0.000000
2005-02-28,285.738434,300.723846,0.000000
2005-03-01,287.290466,300.791687,0.000000
2005-03-02,284.208221,299.072601,0.000000
2005-03-03,285.991333,302.477081,0.000000
2005-03-04,286.982941,301.339874,0.000000
2005-03-05,286.779236,300.500977,0.000000
2005-03-06,287.611053,300.371643,0.000000
2005-03-07,282.911804,299.744476,0.000000
2005-03-08,278.747528,298.435486,0.000000
2005-03-09,284.788879,301.858429,0.000000
2005-03-10,287.618683,301.478516,0.000000
2005-03-11,288.795563,301.285919,5.268267
2005-03-12,285.809387,301.793121,0.000000
2005-03-13,279.969238,295.027130,0.000000
2005-03-14,283.307098,294.876892,0.489645
2005-03-15,283.409363,295.266541,0.639447
2005-03-16,281.844604,300.634674,0.000000
2005-03-17,285.589966,301.969696,0.000000
2005-03-18,285.003510,302.182922,0.000000
2005-03-19,283.378082,299.722900,0.000000
2005-03-20,282.512482,297.129974,0.000000
2005-03-21,281.863861,298.102661,0.000000
2005-03-22,287.402832,297.879761,0.000000
2005-03-23,285.764343,300.548462,0.000000
2005-03-24,289.328064,300.394409,3.392760
2005-03-25,282.667755,294.506897,0.000000
2005-03-26,284.298462,296.111023,0.000000
2005-03-27,286.461517,295.593689,2.349055
2005-03-28,287.064911,289.984222,3.332906
2005-03-29,286.534882,294.664703,2.839737
2005-03-30,281.204773,296.934906,0.000000
2005-03-31,282.660614,299.145142,0.000000
2005-04-01,288.742279,298.577545,33.709896
2005-04-02,287.028839,292.741119,22.702892
2005-04-03,279.604187,287.774689,1.024712
2005-04-04,279.481842,284.696289,0.000000
2005-04-05,278.015381,286.023865,0.000000
2005-04-06,277.575043,290.022888,0.000000
2005-04-07,277.697968,291.264954,0.000000
2005-04-08,278.954559,291.873444,0.000000
2005-04-09,281.515656,291.534149,0.000000
2005-04-10,279.901184,289.153534,0.000000
2005-04-11,281.630066,291.804230,10.902386
2005-04-12,283.291718,289.669281,32.868935
2005-04-13,279.409668,289.699554,0.000000
2005-04-14,280.882080,290.662140,0.000000
2005-04-15,280.911469,293.888702,0.000000
2005-04-16,283.668243,299.700317,0.000000
2005-04-17,284.077789,304.296204,0.000000
2005-04-18,287.044647,306.556061,0.000000
2005-04-19,289.681671,306.318573,0.000000
2005-04-20,289.986511,305.955078,0.000000
2005-04-21,290.840149,303.061951,0.000000
2005-04-22,289.596588,299.339905,0.000000
2005-04-23,289.968933,298.391815,7.174468
2005-04-24,289.733582,298.367889,0.000000
2005-04-25,290.978821,298.560699,3.357206
2005-04-26,290.949890,305.599579,1.324529
2005-04-27,289.212433,308.495697,0.000000
2005-04-28,289.696381,308.685516,0.610581
2005-04-29,294.007965,309.252350,0.000000
2005-04-30,293.887299,307.494476,0.000000
2005-05-01,294.472931,299.635712,34.924721
2005-05-02,285.303894,302.913422,0.000000
2005-05-03,286.691589,304.545471,0.000000
2005-05-04,287.242859,305.131683,0.000000
2005-05-05,291.740784,304.759613,0.000000
2005-05-06,290.198151,307.809113,0.000000
2005-05-07,292.236359,307.077942,0.000000
2005-05-08,292.032959,303.868927,0.426378
2005-05-09,292.967590,305.378754,0.000000
2005-05-10,288.963989,306.157013,0.000000
2005-05-11,294.310333,309.060394,0.000000
2005-05-12,295.647461,307.781311,0.356345
2005-05-13,296.178680,302.388611,16.392576
2005-05-14,291.901245,303.171722,4.925484
2005-05-15,286.056519,303.591309,0.000000
2005-05-16,287.325470,301.786591,0.805410
2005-05-17,292.848328,298.402802,7.511878
2005-05-18,294.497406,299.063049,14.496147
2005-05-19,292.761353,299.948242,0.905617
2005-05-20,288.937958,298.859619,0.000000
2005-05-21,292.930573,300.045044,0.000000
2005-05-22,292.875427,300.479492,0.000000
2005-05-23,292.667786,303.025055,3.876573
2005-05-24,292.247833,308.509094,0.533415
2005-05-25,293.448914,307.028198,6.137971
2005-05-26,292.865417,299.362701,20.530630
2005-05-27,294.850494,299.288971,27.678522
2005-05-28,294.217957,296.328705,49.881683
2005-05-29,291.214294,301.232971,1.243713
2005-05-30,293.528931,302.509644,0.000000
2005-05-31,293.045105,301.357819,0.000000
2005-06-01,293.109497,302.281281,0.000000
2005-06-02,294.447357,302.100769,6.845651
2005-06-03,294.904144,302.397797,0.000000
2005-06-04,294.333862,302.401245,0.000000
2005-06-05,293.609985,299.448914,0.000000
2005-06-06,293.022125,301.128967,5.502598
2005-06-07,291.474854,303.542389,0.000000
2005-06-08,290.680359,304.879517,0.000000
2005-06-09,291.218140,305.820831,0.000000
2005-06-10,292.331665,306.941650,0.000000
2005-06-11,293.278870,306.822144,0.000000
2005-06-12,295.643982,306.912659,2.599968
2005-06-13,295.364838,306.409424,0.891628
2005-06-14,296.257690,308.268402,0.000000
2005-06-15,294.450775,306.127747,2.632318
2005-06-16,292.712891,308.439240,0.744802
2005-06-17,291.711609,308.961853,0.000000
2005-06-18,293.671448,308.717102,0.000000
2005-06-19,295.170319,309.133087,14.391256
2005-06-20,295.231873,309.142426,0.000000
2005-06-21,295.000214,307.906433,0.000000
2005-06-22,295.393890,311.372833,0.000000
2005-06-23,295.689301,312.157410,0.000000
2005-06-24,296.037323,312.071533,0.000000
2005-06-25,296.924500,313.140686,0.000000
2005-06-26,297.104065,313.763000,0.000000
2005-06-27,297.940796,313.502808,0.000000
2005-06-28,298.079681,313.026642,0.000000
2005-06-29,296.318207,312.296417,0.000000
2005-06-30,294.825562,308.571289,0.000000
2005-07-01,296.029327,308.149475,0.000000
2005-07-02,296.033203,310.408722,0.000000
2005-07-03,295.718628,310.557556,0.862472
2005-07-04,295.801819,309.400757,0.326436
2005-07-05,295.345917,307.403473,13.328386
2005-07-06,295.484344,304.806610,13.163090
2005-07-07,296.074341,305.794556,3.909832
2005-07-08,296.196625,305.667847,0.844333
2005-07-09,296.595764,307.596222,0.000000
2005-07-10,295.930542,307.840363,0.000000
2005-07-11,295.737274,307.193329,3.670815
2005-07-12,296.406708,307.426392,0.000000
2005-07-13,297.438110,308.157227,0.000000
2005-07-14,297.210388,308.706909,1.050756
2005-07-15,295.867523,308.991760,0.000000
2005-07-16,295.257385,307.298676,1.287951
2005-07-17,295.527130,306.269928,5.808038
2005-07-18,297.391235,307.584503,1.430680
2005-07-19,296.199310,309.971161,5.857298
2005-07-20,296.571564,309.490387,0.000000
2005-07-21,296.682434,308.057190,0.000000
2005-07-22,295.901917,306.985291,1.780878
2005-07-23,296.288757,307.657776,0.856229
2005-07-24,296.930847,309.643951,0.000000
2005-07-25,294.695831,306.819580,33.335785
2005-07-26,297.002045,303.161591,0.000000
2005-07-27,297.052490,305.781982,9.641078
2005-07-28,296.269409,306.935608,4.803335
2005-07-29,295.514343,307.820557,3.771572
2005-07-30,294.620361,308.979584,2.961820
2005-07-31,294.686523,306.924255,0.368802
2005-08-01,294.616882,308.561066,0.000000
2005-08-02,294.683075,309.606750,0.000000
2005-08-03,294.606354,311.303070,0.000000
2005-08-04,294.953369,311.135895,0.000000
2005-08-05,295.675598,309.422028,0.000000
2005-08-06,296.264252,310.108795,0.292103
2005-08-07,296.133057,310.180908,0.000000
2005-08-08,295.140594,309.836121,0.000000
2005-08-09,297.112793,310.655121,1.596762
2005-08-10,297.207031,310.666992,6.227720
2005-08-11,297.423065,309.706818,17.224886
2005-08-12,295.887177,305.845459,4.941274
2005-08-13,295.870178,306.926453,1.296391
2005-08-14,295.902832,310.600189,0.000000
2005-08-15,295.812225,310.895630,0.000000
2005-08-16,297.091003,310.370605,0.000000
2005-08-17,298.041595,308.979248,0.000000
2005-08-18,296.853241,307.844971,0.000000
2005-08-19,297.111328,307.494751,16.125957
2005-08-20,296.705414,303.649109,6.570637
2005-08-21,297.396393,304.983704,5.548522
2005-08-22,294.342041,304.622131,4.257473
2005-08-23,294.891052,304.855621,4.591470
2005-08-24,294.423126,309.260986,4.342339
2005-08-25,294.905426,310.913605,1.143810
2005-08-26,294.909912,308.897369,2.854950
2005-08-27,292.894531,307.934814,0.298435
2005-08-28,293.237549,309.353333,0.301922
2005-08-29,293.289734,309.564056,2.604252
2005-08-30,293.730194,306.974731,0.000000
2005-08-31,294.303711,309.847046,0.000000
2005-09-01,294.619965,311.024445,0.000000
2005-09-02,292.743225,310.282440,0.000000
2005-09-03,295.858398,309.008118,0.000000
2005-09-04,296.246735,309.595734,0.000000
2005-09-05,296.347626,308.446625,1.592528
2005-09-06,296.322998,305.432465,0.630086
2005-09-07,294.617767,301.593018,2.774750
2005-09-08,294.309052,304.118805,4.436817
2005-09-09,293.962036,305.210144,1.959214
2005-09-10,295.203552,304.673035,0.704993
2005-09-11,294.949341,304.749207,2.929430
2005-09-12,294.905365,306.531738,3.376001
2005-09-13,293.448181,309.401978,0.000000
2005-09-14,292.980347,308.668884,0.000000
2005-09-15,295.337341,306.986786,5.752066
2005-09-16,291.662079,306.037842,1.843536
2005-09-17,292.859802,307.139496,0.000000
2005-09-18,291.991089,307.331696,0.000000
2005-09-19,292.694763,309.032928,0.000000
2005-09-20,295.281708,310.270599,0.000000
2005-09-21,298.131989,312.839752,0.000000
2005-09-22,297.857941,312.183075,0.000000
2005-09-23,294.480072,310.047638,0.000000
2005-09-24,294.508179,308.021271,0.000000
2005-09-25,296.745575,308.235626,0.000000
2005-09-26,295.539917,309.254425,0.000000
2005-09-27,286.694611,308.693390,0.404670
2005-09-28,284.903229,296.644836,0.369457
2005-09-29,288.580719,302.861908,0.000000
2005-09-30,291.315125,307.059967,0.000000
2005-10-01,294.134460,306.998413,0.000000
2005-10-02,294.121033,306.534546,0.000000
2005-10-03,292.864014,306.909637,0.000000
2005-10-04,292.894470,307.840363,0.000000
2005-10-05,294.979401,307.850067,0.000000
2005-10-06,295.030304,307.540924,0.000000
2005-10-07,294.102631,307.314911,0.000000
2005-10-08,294.978668,307.038757,0.000000
2005-10-09,293.369263,306.826141,0.000000
2005-10-10,293.978577,307.673279,0.000000
2005-10-11,296.145935,308.998566,0.000000
2005-10-12,297.304138,310.786499,0.000000
2005-10-13,296.568695,309.234863,0.000000
2005-10-14,295.924408,308.939850,0.000000
2005-10-15,285.889069,304.165588,2.597004
2005-10-16,281.939880,294.611237,0.000000
2005-10-17,286.049896,298.991302,0.000000
2005-10-18,291.726624,298.882751,7.085492
2005-10-19,293.174408,304.005493,1.008651
2005-10-20,281.025146,302.680939,0.996819
2005-10-21,279.170654,288.823486,0.000000
2005-10-22,282.549927,300.723114,0.402424
2005-10-23,286.664429,298.889160,24.030537
2005-10-24,281.890076,292.822479,1.473527
2005-10-25,277.541962,288.332031,0.000000
2005-10-26,288.669739,296.438263,4.936520
2005-10-27,276.722992,289.032227,0.000000
2005-10-28,274.862457,291.393738,0.000000
2005-10-29,276.637848,293.473724,0.000000
2005-10-30,278.925049,294.004730,0.000000
2005-10-31,283.482727,296.365509,0.000000
2005-11-01,283.939606,299.697205,0.000000
2005-11-02,286.021973,298.776398,0.000000
2005-11-03,284.044617,297.370178,0.000000
2005-11-04,285.621185,299.404877,0.000000
2005-11-05,286.186401,299.796204,0.000000
2005-11-06,284.514069,299.376007,0.000000
2005-11-07,286.465302,299.075226,0.000000
2005-11-08,285.009949,300.915466,0.000000
2005-11-09,289.090027,302.657288,0.000000
2005-11-10,290.128723,302.169769,0.578770
2005-11-11,283.144806,296.813873,1.609716
2005-11-12,278.282227,286.504364,7.840885
2005-11-13,281.032166,288.279022,41.451115
2005-11-14,283.235474,288.474701,7.254226
2005-11-15,283.329193,288.271576,37.056908
2005-11-16,275.015686,288.531586,16.571762
2005-11-17,278.646484,291.091400,0.000000
2005-11-18,284.415955,290.445282,0.000000
2005-11-19,276.249390,288.208221,0.000000
2005-11-20,276.238220,289.396362,0.000000
2005-11-21,283.106506,293.477966,0.000000
2005-11-22,287.712616,296.433472,0.000000
2005-11-23,289.613159,298.881439,2.437732
2005-11-24,287.180939,294.853760,12.204347
2005-11-25,278.058990,294.179352,12.543939
2005-11-26,276.248962,286.832886,0.000000
2005-11-27,273.113922,287.664429,0.000000
2005-11-28,266.446014,279.242737,0.000000
2005-11-29,268.569611,286.389130,0.000000
2005-11-30,271.982727,290.088074,0.000000
2005-12-01,274.132843,289.766052,0.000000
2005-12-02,274.897400,290.991455,0.000000
2005-12-03,283.916107,294.681366,0.000000
2005-12-04,287.716003,295.172089,0.279547
2005-12-05,285.369598,294.830048,1.999328
2005-12-06,279.737213,292.187012,0.000000
2005-12-07,274.329071,284.996521,0.000000
2005-12-08,274.543243,287.068207,0.000000
2005-12-09,280.780121,288.789764,3.848578
2005-12-10,281.201202,290.706055,0.000000
2005-12-11,284.421753,292.885651,0.000000
2005-12-12,276.514160,290.924652,0.000000
2005-12-13,277.449768,291.798767,0.000000
2005-12-14,281.203308,290.634064,0.000000
2005-12-15,275.208221,291.249298,0.000000
2005-12-16,275.870300,294.797455,0.000000
2005-12-17,277.299255,292.565582,0.000000
2005-12-18,274.964630,290.053925,0.000000
2005-12-19,273.498993,289.643463,0.000000
2005-12-20,276.408813,295.175110,0.000000
2005-12-21,276.497437,292.312439,0.000000
2005-12-22,274.793884,291.194061,0.000000
2005-12-23,272.421997,285.136322,0.000000
2005-12-24,273.690338,285.125580,0.000000
2005-12-25,275.757568,292.186981,1.365477
2005-12-26,276.858948,291.082520,0.000000
2005-12-27,266.871307,282.668640,0.000000
2005-12-28,262.112244,277.575928,0.000000
2005-12-29,269.754272,277.237915,0.000000
2005-12-30,267.595520,281.729553,0.000000
2005-12-31,270.541870,284.651337,0.000000
